{"sample_dict": {"t_000": -0.22353144, "t_001": -0.2299615, "t_002": -0.23573154, "t_003": -0.24094822, "t_004": -0.24455955, "t_005": -0.24545301, "t_006": -0.24473536, "t_007": -0.24497457, "t_008": -0.24425692, "t_009": -0.24272074, "t_010": -0.24026227, "t_011": -0.23512341, "t_012": -0.22915738, "t_013": -0.22115655, "t_014": -0.2124179, "t_015": -0.20263014, "t_016": -0.19203251, "t_017": -0.1818009, "t_018": -0.17066719, "t_019": -0.1609659, "t_020": -0.15688478, "t_021": -0.15719605, "t_022": -0.15908962, "t_023": -0.16057969, "t_024": -0.15967758, "t_025": -0.15685884, "t_026": -0.15258463, "t_027": -0.14613151, "t_028": -0.13616794, "t_029": -0.12468261, "t_030": -0.1111913, "t_031": -0.096028351, "t_032": -0.078611566, "t_033": -0.060603942, "t_034": -0.045340117, "t_035": -0.030240574, "t_036": -0.015230378, "t_037": -0.0061948622, "t_038": -0.0035490557, "t_039": -0.0060853408, "t_040": -0.016037378, "t_041": -0.029367285, "t_042": -0.045798377, "t_043": -0.06510873, "t_044": -0.084563189, "t_045": -0.10291955, "t_046": -0.12182641, "t_047": -0.14040181, "t_048": -0.15476641, "t_049": -0.16663507, "t_050": -0.17871413, "t_051": -0.1880955, "t_052": -0.19521439, "t_053": -0.20143117, "t_054": -0.20480616, "t_055": -0.20348614, "t_056": -0.19745093, "t_057": -0.190064, "t_058": -0.1826886, "t_059": -0.17581469, "t_060": -0.17172493, "t_061": -0.17255499, "t_062": -0.17318041, "t_063": -0.1769589, "t_064": -0.18594542, "t_065": -0.20039936, "t_066": -0.21804384, "t_067": -0.23190694, "t_068": -0.24372373, "t_069": -0.25034112, "t_070": -0.25304745, "t_071": -0.2541369, "t_072": -0.25205023, "t_073": -0.24697478, "t_074": -0.24008934, "t_075": -0.23274276, "t_076": -0.22525496, "t_077": -0.2181793, "t_078": -0.21211527, "t_079": -0.20658444, "t_080": -0.20406257, "t_081": -0.2032181, "t_082": -0.20159834, "t_083": -0.20118907, "t_084": -0.20264167, "t_085": -0.20556416, "t_086": -0.20808027, "t_087": -0.21215274, "t_088": -0.22153123, "t_089": -0.23403396, "t_090": -0.24598044, "t_091": -0.25770211, "t_092": -0.267291, "t_093": -0.27507279, "t_094": -0.28115699, "t_095": -0.28429564, "t_096": -0.28780609, "t_097": -0.28990141, "t_098": -0.28976883, "t_099": -0.28878602, "t_100": -0.28807989, "t_101": -0.28627279, "t_102": -0.28188329, "t_103": -0.2771364, "t_104": -0.27082163, "t_105": -0.26497088, "t_106": -0.25985219, "t_107": -0.25315121, "t_108": -0.24555389, "t_109": -0.23810643, "t_110": -0.22919196, "t_111": -0.219825, "t_112": -0.2104321, "t_113": -0.2011689, "t_114": -0.19127162, "t_115": -0.18099102, "t_116": -0.17354068, "t_117": -0.16467521, "t_118": -0.1547347, "t_119": -0.14763311, "t_120": -0.14332142, "t_121": -0.14104453, "t_122": -0.14015971, "t_123": -0.13939594, "t_124": -0.14064679, "t_125": -0.14627562, "t_126": -0.15138566, "t_127": -0.15621324, "t_128": -0.16341283, "t_129": -0.17124073, "t_130": -0.17899369, "t_131": -0.18527388, "t_132": -0.19014182, "t_133": -0.19272998, "t_134": -0.19502129, "t_135": -0.19768439, "t_136": -0.20004486, "t_137": -0.20290395, "t_138": -0.20603683, "t_139": -0.20957322, "t_140": -0.21122181, "t_141": -0.21072896, "t_142": -0.21050415, "t_143": -0.20945506, "t_144": -0.20819268, "t_145": -0.20710899, "t_146": -0.20406833, "t_147": -0.2018779, "t_148": -0.20025814, "t_149": -0.19798701, "t_150": -0.19349952, "t_151": -0.18799462, "t_152": -0.1810429, "t_153": -0.17253481, "t_154": -0.16489137, "t_155": -0.15706059, "t_156": -0.15172287, "t_157": -0.1473766, "t_158": -0.14427829, "t_159": -0.14412842, "t_160": -0.14918658, "t_161": -0.15830568, "t_162": -0.1678398, "t_163": -0.17936261, "t_164": -0.19316807, "t_165": -0.20802263, "t_166": -0.22139001, "t_167": -0.23261595, "t_168": -0.24235183, "t_169": -0.24922862, "t_170": -0.25373917, "t_171": -0.25639074, "t_172": -0.25626104, "t_173": -0.25711128, "t_174": -0.26352404, "t_175": -0.26661082, "t_176": -0.26723336, "t_177": -0.26961977, "t_178": -0.2707611, "t_179": -0.27308123, "t_180": -0.27441566, "t_181": -0.27447906, "t_182": -0.27491139, "t_183": -0.27318498, "t_184": -0.26829399, "t_185": -0.2625297, "t_186": -0.25954669, "t_187": -0.25190036, "t_188": -0.24165723, "t_189": -0.23896819, "t_190": -0.23433947, "t_191": -0.22563828, "t_192": -0.21267441, "t_193": -0.19015335, "t_194": -0.16323414, "t_195": -0.13765801, "t_196": -0.10692285, "t_197": -0.07334301, "t_198": -0.040065797, "t_199": -0.0047076768, "t_200": 0.02974545, "t_201": 0.063080306, "t_202": 0.082442537, "t_203": 0.092432042, "t_204": 0.093120874, "t_205": 0.079776556, "t_206": 0.06780702, "t_207": 0.045778807, "t_208": 0.01534915, "t_209": -0.0059181765, "t_210": -0.027782107, "t_211": -0.04861423, "t_212": -0.062826073, "t_213": -0.072703174, "t_214": -0.082551454, "t_215": -0.10854549, "t_216": -0.12431946, "t_217": -0.13461159, "t_218": -0.15539471, "t_219": -0.16767552, "t_220": -0.18145504, "t_221": -0.19313637, "t_222": -0.19367533, "t_223": -0.18589354, "t_224": -0.17813482, "t_225": -0.16641603, "t_226": -0.15078041, "t_227": -0.1389665, "t_228": -0.12816424, "t_229": -0.11687777, "t_230": -0.10641271, "t_231": -0.093002102, "t_232": -0.077383773, "t_233": -0.061324477, "t_234": -0.058177178, "t_235": -0.081110383, "t_236": -0.08969052, "t_237": -0.090543634, "t_238": -0.094509462, "t_239": -0.10888559, "t_240": -0.11774529, "t_241": -0.1279769, "t_242": -0.14922693, "t_243": -0.18883333, "t_244": -0.20432772, "t_245": -0.22251404, "t_246": -0.22779413, "t_247": -0.22929284, "t_248": -0.22713411, "t_249": -0.21447286, "t_250": -0.19836457, "t_251": -0.18036848, "t_252": -0.16063157, "t_253": -0.13499491, "t_254": -0.10399459, "t_255": -0.071838532, "t_256": -0.039028226, "t_257": -0.0032838986, "t_258": 0.035397331, "t_259": 0.079145367, "t_260": 0.12626839, "t_261": 0.18768684, "t_262": 0.24596664, "t_263": 0.30615729, "t_264": 0.36874013, "t_265": 0.42131905, "t_266": 0.47848922, "t_267": 0.51862881, "t_268": 0.55759537, "t_269": 0.60830955, "t_270": 0.66344781, "t_271": 0.72526688, "t_272": 0.79184148, "t_273": 0.85988885, "t_274": 0.92554982, "t_275": 1.0030045, "t_276": 1.058186, "t_277": 1.104649, "t_278": 1.1603262, "t_279": 1.2450295, "t_280": 1.2874518, "t_281": 1.3322028, "t_282": 1.3530205, "t_283": 1.3334709, "t_284": 1.3114571, "t_285": 1.2634176, "t_286": 1.2266703, "t_287": 1.1749041, "t_288": 1.0694062, "t_289": 1.069533, "t_290": 1.0430403, "t_291": 1.0155216, "t_292": 1.0076822, "t_293": 0.97912884, "t_294": 0.9668855, "t_295": 0.97554922, "t_296": 0.96346728, "t_297": 0.95478338, "t_298": 0.97433584, "t_299": 0.99515355, "t_300": 1.0133514, "t_301": 1.0328548, "t_302": 1.0566988, "t_303": 1.0928582, "t_304": 1.1313982, "t_305": 1.1765786, "t_306": 1.2232665, "t_307": 1.2769118, "t_308": 1.3313093, "t_309": 1.396342, "t_310": 1.4735286, "t_311": 1.5652903, "t_312": 1.6586054, "t_313": 1.7668471, "t_314": 1.8861736, "t_315": 2.0180834, "t_316": 2.1366778, "t_317": 2.2606272, "t_318": 2.4163119, "t_319": 2.5626844, "t_320": 2.6622393, "t_321": 2.7856959, "t_322": 2.9197616, "t_323": 3.01559, "t_324": 3.124728, "t_325": 3.2295544, "t_326": 3.2502799, "t_327": 3.1687614, "t_328": 3.2388637, "t_329": 3.340295, "t_330": 3.3278066, "t_331": 3.28899, "t_332": 3.1785636, "t_333": 3.0471177, "t_334": 3.027473, "t_335": 2.9716575, "t_336": 2.6501401, "t_337": 2.6052363, "t_338": 2.611822, "t_339": 2.4752229, "t_340": 2.3207516, "t_341": 2.1628736, "t_342": 1.9987673, "t_343": 1.8900702, "t_344": 1.7343654, "t_345": 1.5750665, "t_346": 1.4521201, "t_347": 1.3588107, "t_348": 1.194396, "t_349": 1.0915727, "t_350": 0.96897505, "t_351": 0.8541361, "t_352": 0.72480573, "t_353": 0.56103665, "t_354": 0.49371846, "t_355": 0.38113622, "t_356": 0.26921111, "t_357": 0.18405822, "t_358": 0.084860655, "t_359": -0.04426796, "t_360": -0.094765973, "t_361": -0.21939268, "t_362": -0.27483645, "t_363": -0.33360333, "t_364": -0.41348766, "t_365": -0.46439782, "t_366": -0.52038631, "t_367": -0.56474248, "t_368": -0.61291461, "t_369": -0.65919316,