{"sample_dict": {"t_000": -0.2118818, "t_001": -0.21838473, "t_002": -0.22356145, "t_003": -0.22601718, "t_004": -0.22883651, "t_005": -0.23227573, "t_006": -0.23343803, "t_007": -0.23402217, "t_008": -0.23366453, "t_009": -0.23150384, "t_010": -0.22879181, "t_011": -0.22605891, "t_012": -0.2203219, "t_013": -0.211852, "t_014": -0.20466957, "t_015": -0.19621457, "t_016": -0.18513694, "t_017": -0.17500405, "t_018": -0.16653415, "t_019": -0.1598524, "t_020": -0.15548334, "t_021": -0.15429123, "t_022": -0.15582011, "t_023": -0.15994479, "t_024": -0.16352706, "t_025": -0.1616346, "t_026": -0.15794503, "t_027": -0.15292329, "t_028": -0.14508222, "t_029": -0.13695207, "t_030": -0.12513832, "t_031": -0.10999859, "t_032": -0.094134656, "t_033": -0.078151514, "t_034": -0.062168372, "t_035": -0.045285192, "t_036": -0.031945542, "t_037": -0.025186309, "t_038": -0.024813776, "t_039": -0.030494154, "t_040": -0.03956905, "t_041": -0.053951792, "t_042": -0.073871859, "t_043": -0.09441182, "t_044": -0.11276725, "t_045": -0.13158164, "t_046": -0.15142422, "t_047": -0.16746697, "t_048": -0.18116425, "t_049": -0.19476318, "t_050": -0.20428512, "t_051": -0.2112023, "t_052": -0.21824168, "t_053": -0.22252432, "t_054": -0.22644932, "t_055": -0.22603208, "t_056": -0.22108783, "t_057": -0.21755026, "t_058": -0.21265667, "t_059": -0.20706272, "t_060": -0.20299168, "t_061": -0.20162076, "t_062": -0.20260127, "t_063": -0.20744121, "t_064": -0.21946359, "t_065": -0.23573582, "t_066": -0.25152226, "t_067": -0.26387544, "t_068": -0.2741186, "t_069": -0.28199543, "t_070": -0.28614098, "t_071": -0.28741653, "t_072": -0.28494589, "t_073": -0.27995395, "t_074": -0.27201454, "t_075": -0.26224524, "t_076": -0.25306008, "t_077": -0.24533822, "t_078": -0.23918696, "t_079": -0.23420694, "t_080": -0.23055612, "t_081": -0.22700365, "t_082": -0.22481614, "t_083": -0.22271803, "t_084": -0.22250345, "t_085": -0.22316507, "t_086": -0.2231919, "t_087": -0.22555524, "t_088": -0.23247541, "t_089": -0.24294209, "t_090": -0.25313756, "t_091": -0.2636251, "t_092": -0.27410668, "t_093": -0.28281202, "t_094": -0.28743739, "t_095": -0.28927025, "t_096": -0.29013751, "t_097": -0.2907574, "t_098": -0.2904862, "t_099": -0.28922853, "t_100": -0.28870102, "t_101": -0.28718407, "t_102": -0.28472535, "t_103": -0.27994799, "t_104": -0.27506334, "t_105": -0.2706913, "t_106": -0.2660868, "t_107": -0.26216477, "t_108": -0.25587046, "t_109": -0.24878638, "t_110": -0.24134765, "t_111": -0.23333372, "t_112": -0.22502774, "t_113": -0.21786021, "t_114": -0.21089534, "t_115": -0.20215423, "t_116": -0.19459331, "t_117": -0.18778043, "t_118": -0.18003175, "t_119": -0.17292383, "t_120": -0.16879914, "t_121": -0.1673716, "t_122": -0.16631957, "t_123": -0.16654607, "t_124": -0.16863225, "t_125": -0.1735318, "t_126": -0.17837174, "t_127": -0.18117021, "t_128": -0.18590585, "t_129": -0.19093653, "t_130": -0.19484365, "t_131": -0.1984289, "t_132": -0.20206482, "t_133": -0.20387682, "t_134": -0.20440433, "t_135": -0.20547722, "t_136": -0.20721471, "t_137": -0.20916082, "t_138": -0.21218579, "t_139": -0.21479054, "t_140": -0.21478756, "t_141": -0.21396203, "t_142": -0.21361632, "t_143": -0.21312755, "t_144": -0.21100561, "t_145": -0.21027246, "t_146": -0.21003702, "t_147": -0.20867504, "t_148": -0.20605539, "t_149": -0.20198436, "t_150": -0.19751992, "t_151": -0.19082626, "t_152": -0.18275869, "t_153": -0.17440204, "t_154": -0.16569371, "t_155": -0.15670226, "t_156": -0.14786579, "t_157": -0.14254304, "t_158": -0.14067442, "t_159": -0.14152677, "t_160": -0.14726676, "t_161": -0.1564698, "t_162": -0.16716, "t_163": -0.17997811, "t_164": -0.19377672, "t_165": -0.20816542, "t_166": -0.22186568, "t_167": -0.23298503, "t_168": -0.24293613, "t_169": -0.25003809, "t_170": -0.25392435, "t_171": -0.25501215, "t_172": -0.25474392, "t_173": -0.25583768, "t_174": -0.26127964, "t_175": -0.26552949, "t_176": -0.26803887, "t_177": -0.27267019, "t_178": -0.27527494, "t_179": -0.27695283, "t_180": -0.27632698, "t_181": -0.27515871, "t_182": -0.27513189, "t_183": -0.27317684, "t_184": -0.26791966, "t_185": -0.26342244, "t_186": -0.26194721, "t_187": -0.25376342, "t_188": -0.24357688, "t_189": -0.24116287, "t_190": -0.23636465, "t_191": -0.22648806, "t_192": -0.21245699, "t_193": -0.18939871, "t_194": -0.16459996, "t_195": -0.13858823, "t_196": -0.10665771, "t_197": -0.07377053, "t_198": -0.039953504, "t_199": -0.0051053075, "t_200": 0.030449211, "t_201": 0.062379731, "t_202": 0.078991708, "t_203": 0.08836165, "t_204": 0.087059276, "t_205": 0.070298286, "t_206": 0.056672531, "t_207": 0.035596122, "t_208": 0.0035344703, "t_209": -0.019669845, "t_210": -0.040317096, "t_211": -0.06020438, "t_212": -0.074956674, "t_213": -0.085664753, "t_214": -0.093008117, "t_215": -0.11512464, "t_216": -0.12854177, "t_217": -0.13781039, "t_218": -0.15756058, "t_219": -0.16736862, "t_220": -0.18195104, "t_221": -0.19712653, "t_222": -0.19792822, "t_223": -0.18798905, "t_224": -0.17884263, "t_225": -0.17102242, "t_226": -0.1580553, "t_227": -0.14668561, "t_228": -0.13708916, "t_229": -0.12581185, "t_230": -0.11713035, "t_231": -0.10451193, "t_232": -0.090316941, "t_233": -0.079579059, "t_234": -0.077853488, "t_235": -0.10226183, "t_236": -0.1099509, "t_237": -0.1087588, "t_238": -0.11260334, "t_239": -0.12534693, "t_240": -0.13095877, "t_241": -0.13662424, "t_242": -0.15092652, "t_243": -0.18693702, "t_244": -0.20430002, "t_245": -0.22112955, "t_246": -0.22672947, "t_247": -0.22737916, "t_248": -0.22246173, "t_249": -0.21166424, "t_250": -0.19653942, "t_251": -0.17609184, "t_252": -0.15810895, "t_253": -0.13154588, "t_254": -0.099862718, "t_255": -0.069937914, "t_256": -0.039202478, "t_257": -0.0054957217, "t_258": 0.032210545, "t_259": 0.076136618, "t_260": 0.12049185, "t_261": 0.17309942, "t_262": 0.22671731, "t_263": 0.28464465, "t_264": 0.34745663, "t_265": 0.39992116, "t_266": 0.45590239, "t_267": 0.49536701, "t_268": 0.53532337, "t_269": 0.58291815, "t_270": 0.63609495, "t_271": 0.6977655, "t_272": 0.76150733, "t_273": 0.82539817, "t_274": 0.88598391, "t_275": 0.95865162, "t_276": 1.0185996, "t_277": 1.0707333, "t_278": 1.1164982, "t_279": 1.1986729, "t_280": 1.2460084, "t_281": 1.2866294, "t_282": 1.305405, "t_283": 1.2913054, "t_284": 1.2776737, "t_285": 1.2346208, "t_286": 1.1945125, "t_287": 1.1533581, "t_288": 1.0390263, "t_289": 1.0450107, "t_290": 1.0253618, "t_291": 0.99820863, "t_292": 0.99580654, "t_293": 0.9743278, "t_294": 0.96109544, "t_295": 0.96967263, "t_296": 0.96588174, "t_297": 0.95654458, "t_298": 0.97324, "t_299": 0.99475153, "t_300": 1.0118374, "t_301": 1.0374408, "t_302": 1.0686203, "t_303": 1.1033135, "t_304": 1.1415473, "t_305": 1.1850472, "t_306": 1.2347758, "t_307": 1.2958205, "t_308": 1.3529402, "t_309": 1.4209736, "t_310": 1.4926727, "t_311": 1.5814875, "t_312": 1.6768678, "t_313": 1.7934139, "t_314": 1.9148715, "t_315": 2.038302, "t_316": 2.1603407, "t_317": 2.2791727, "t_318": 2.4335085, "t_319": 2.5820715, "t_320": 2.6866787, "t_321": 2.8126693, "t_322": 2.9493381, "t_323": 3.0816766, "t_324": 3.1849635, "t_325": 3.264915, "t_326": 3.2723388, "t_327": 3.196822, "t_328": 3.2978767, "t_329": 3.3811213, "t_330": 3.3544689, "t_331": 3.3146496, "t_332": 3.2267229, "t_333": 3.0939791, "t_334": 3.0289796, "t_335": 2.9684386, "t_336": 2.7219203, "t_337": 2.6344973, "t_338": 2.599667, "t_339": 2.4846706, "t_340": 2.3400683, "t_341": 2.1711769, "t_342": 2.0091491, "t_343": 1.9141145, "t_344": 1.7687642, "t_345": 1.5983737, "t_346": 1.4755154, "t_347": 1.3826653, "t_348": 1.2155263, "t_349": 1.1188019, "t_350": 0.99883449, "t_351": 0.88087276, "t_352": 0.74462713, "t_353": 0.57682351, "t_354": 0.51386847, "t_355": 0.40478792, "t_356": 0.2929864, "t_357": 0.20729792, "t_358": 0.10983145, "t_359": -0.020253976, "t_360": -0.070048183, "t_361": -0.19388699, "t_362": -0.25300643, "t_363": -0.31207521, "t_364": -0.39303103, "t_365": -0.44404715, "t_366": -0.49850546, "t_367": -0.54331369, "t_368": -0.59253867, "t_369": -0.6398682,