{"sample_dict": {"t_000": -0.15417145, "t_001": -0.15851698, "t_002": -0.16426574, "t_003": -0.16861773, "t_004": -0.17048334, "t_005": -0.17165055, "t_006": -0.17419837, "t_007": -0.17705659, "t_008": -0.17773234, "t_009": -0.17540438, "t_010": -0.17288566, "t_011": -0.16839787, "t_012": -0.16247451, "t_013": -0.15661258, "t_014": -0.14938944, "t_015": -0.14232149, "t_016": -0.13582584, "t_017": -0.12796251, "t_018": -0.1206165, "t_019": -0.11607375, "t_020": -0.11525573, "t_021": -0.11812688, "t_022": -0.12269873, "t_023": -0.12884196, "t_024": -0.13264753, "t_025": -0.13291912, "t_026": -0.13199117, "t_027": -0.12942072, "t_028": -0.12357172, "t_029": -0.11605435, "t_030": -0.10645151, "t_031": -0.095413106, "t_032": -0.081661979, "t_033": -0.066721005, "t_034": -0.052009594, "t_035": -0.036231202, "t_036": -0.022441275, "t_037": -0.012473081, "t_038": -0.0090910732, "t_039": -0.010158055, "t_040": -0.017303597, "t_041": -0.029881045, "t_042": -0.045617405, "t_043": -0.06147663, "t_044": -0.076288272, "t_045": -0.091374743, "t_046": -0.10653558, "t_047": -0.12078787, "t_048": -0.13279302, "t_049": -0.14550627, "t_050": -0.15535483, "t_051": -0.16129436, "t_052": -0.16817478, "t_053": -0.17376511, "t_054": -0.17333832, "t_055": -0.16837201, "t_056": -0.16623158, "t_057": -0.16445004, "t_058": -0.15893084, "t_059": -0.15539363, "t_060": -0.15302364, "t_061": -0.15249661, "t_062": -0.15485044, "t_063": -0.16010128, "t_064": -0.17049304, "t_065": -0.18282475, "t_066": -0.19564793, "t_067": -0.20475284, "t_068": -0.20876857, "t_069": -0.21063094, "t_070": -0.20978059, "t_071": -0.20669604, "t_072": -0.20258654, "t_073": -0.1956059, "t_074": -0.18677905, "t_075": -0.17923582, "t_076": -0.17092629, "t_077": -0.1627946, "t_078": -0.157256, "t_079": -0.1515428, "t_080": -0.14767903, "t_081": -0.14717141, "t_082": -0.14550627, "t_083": -0.14466562, "t_084": -0.14529611, "t_085": -0.14517971, "t_086": -0.14625639, "t_087": -0.15108367, "t_088": -0.16003015, "t_089": -0.17139189, "t_090": -0.18662385, "t_091": -0.20228908, "t_092": -0.21580095, "t_093": -0.22749571, "t_094": -0.23840802, "t_095": -0.24504917, "t_096": -0.24785566, "t_097": -0.25018685, "t_098": -0.25066538, "t_099": -0.25063951, "t_100": -0.25191019, "t_101": -0.2550691, "t_102": -0.25599382, "t_103": -0.25447094, "t_104": -0.25203305, "t_105": -0.2492589, "t_106": -0.24526904, "t_107": -0.24211659, "t_108": -0.23856969, "t_109": -0.23314748, "t_110": -0.22529708, "t_111": -0.21671597, "t_112": -0.21169469, "t_113": -0.20774039, "t_114": -0.20396715, "t_115": -0.19812139, "t_116": -0.19063959, "t_117": -0.18329681, "t_118": -0.17751571, "t_119": -0.17020527, "t_120": -0.16339276, "t_121": -0.16117796, "t_122": -0.15981029, "t_123": -0.16033085, "t_124": -0.16477013, "t_125": -0.16953922, "t_126": -0.17377158, "t_127": -0.17929078, "t_128": -0.18405987, "t_129": -0.18838276, "t_130": -0.19421236, "t_131": -0.19915927, "t_132": -0.20344013, "t_133": -0.20817041, "t_134": -0.21027851, "t_135": -0.20986465, "t_136": -0.21126789, "t_137": -0.21547439, "t_138": -0.21851043, "t_139": -0.2205959, "t_140": -0.2241331, "t_141": -0.22672619, "t_142": -0.22551371, "t_143": -0.22465689, "t_144": -0.22497699, "t_145": -0.2240749, "t_146": -0.22230953, "t_147": -0.22086426, "t_148": -0.21945455, "t_149": -0.21698109, "t_150": -0.21341479, "t_151": -0.20822861, "t_152": -0.20158099, "t_153": -0.19451628, "t_154": -0.18693748, "t_155": -0.17944921, "t_156": -0.17360668, "t_157": -0.1684399, "t_158": -0.16518076, "t_159": -0.16601495, "t_160": -0.17118819, "t_161": -0.17908062, "t_162": -0.18859292, "t_163": -0.20095051, "t_164": -0.21413258, "t_165": -0.22617653, "t_166": -0.23864405, "t_167": -0.25001872, "t_168": -0.25719336, "t_169": -0.26182018, "t_170": -0.26679296, "t_171": -0.26884933, "t_172": -0.26790521, "t_173": -0.26803777, "t_174": -0.27191771, "t_175": -0.27242856, "t_176": -0.2722572, "t_177": -0.27612097, "t_178": -0.2778055, "t_179": -0.27906972, "t_180": -0.27908265, "t_181": -0.27926048, "t_182": -0.28052469, "t_183": -0.27867526, "t_184": -0.27431356, "t_185": -0.27045626, "t_186": -0.26773061, "t_187": -0.25974765, "t_188": -0.25211388, "t_189": -0.25313237, "t_190": -0.25269587, "t_191": -0.24665934, "t_192": -0.23475119, "t_193": -0.2163797, "t_194": -0.19552507, "t_195": -0.17525565, "t_196": -0.14995849, "t_197": -0.12115969, "t_198": -0.092509624, "t_199": -0.063536227, "t_200": -0.034191004, "t_201": -0.005915995, "t_202": 0.0083880231, "t_203": 0.01432432, "t_204": 0.013490134, "t_205": -0.00071041883, "t_206": -0.01098254, "t_207": -0.027782648, "t_208": -0.053794363, "t_209": -0.069032798, "t_210": -0.084533129, "t_211": -0.099674566, "t_212": -0.10774483, "t_213": -0.11342893, "t_214": -0.11714396, "t_215": -0.13881339, "t_216": -0.15036588, "t_217": -0.15754053, "t_218": -0.1766007, "t_219": -0.18342291, "t_220": -0.19473291, "t_221": -0.20663137, "t_222": -0.20586185, "t_223": -0.19803409, "t_224": -0.19360127, "t_225": -0.18446403, "t_226": -0.16785791, "t_227": -0.15639271, "t_228": -0.14621759, "t_229": -0.13564801, "t_230": -0.12852833, "t_231": -0.11501, "t_232": -0.0996002, "t_233": -0.083915573, "t_234": -0.078984825, "t_235": -0.10026949, "t_236": -0.10383579, "t_237": -0.098798348, "t_238": -0.1017083, "t_239": -0.11849224, "t_240": -0.1267177, "t_241": -0.13285446, "t_242": -0.14777603, "t_243": -0.19053935, "t_244": -0.2128619, "t_245": -0.2319544, "t_246": -0.23686575, "t_247": -0.23863758, "t_248": -0.23891241, "t_249": -0.2299239, "t_250": -0.21774415, "t_251": -0.20361796, "t_252": -0.19028069, "t_253": -0.16733089, "t_254": -0.13761707, "t_255": -0.1112982, "t_256": -0.088222298, "t_257": -0.060299717, "t_258": -0.026347073, "t_259": 0.013473968, "t_260": 0.050300995, "t_261": 0.08796544, "t_262": 0.13881519, "t_263": 0.18998503, "t_264": 0.2457235, "t_265": 0.29040092, "t_266": 0.33301228, "t_267": 0.37343471, "t_268": 0.40475224, "t_269": 0.44234555, "t_270": 0.49381932, "t_271": 0.54627601, "t_272": 0.59999044, "t_273": 0.65935664, "t_274": 0.7080789, "t_275": 0.76954673, "t_276": 0.82640391, "t_277": 0.8689894, "t_278": 0.90993886, "t_279": 0.98104185, "t_280": 1.0228675, "t_281": 1.0679329, "t_282": 1.0919853, "t_283": 1.082625, "t_284": 1.0797053, "t_285": 1.0567652, "t_286": 1.0309378, "t_287": 0.99883781, "t_288": 0.91368299, "t_289": 0.9285884, "t_290": 0.91932183, "t_291": 0.90345937, "t_292": 0.90487231, "t_293": 0.89079462, "t_294": 0.8937369, "t_295": 0.91528993, "t_296": 0.91987148, "t_297": 0.9229431, "t_298": 0.94742871, "t_299": 0.97511849, "t_300": 1.0020776, "t_301": 1.0343942, "t_302": 1.0667528, "t_303": 1.1070718, "t_304": 1.1524896, "t_305": 1.2028738, "t_306": 1.2560547, "t_307": 1.3178232, "t_308": 1.3806135, "t_309": 1.4555576, "t_310": 1.5439554, "t_311": 1.6422955, "t_312": 1.7361511, "t_313": 1.8519865, "t_314": 1.9677895, "t_315": 2.0892217, "t_316": 2.2087204, "t_317": 2.3345693, "t_318": 2.491561, "t_319": 2.6215937, "t_320": 2.7179195, "t_321": 2.8498114, "t_322": 2.9730219, "t_323": 3.0886342, "t_324": 3.1965157, "t_325": 3.2838885, "t_326": 3.3152804, "t_327": 3.2616371, "t_328": 3.3074559, "t_329": 3.3709736, "t_330": 3.3648175, "t_331": 3.3214366, "t_332": 3.2200669, "t_333": 3.0773048, "t_334": 3.0476685, "t_335": 3.0080803, "t_336": 2.696664, "t_337": 2.6082565, "t_338": 2.6404761, "t_339": 2.5471314, "t_340": 2.401275, "t_341": 2.2392426, "t_342": 2.0840517, "t_343": 1.9889998, "t_344": 1.8395319, "t_345": 1.676953, "t_346": 1.5588996, "t_347": 1.4627193, "t_348": 1.2897422, "t_349": 1.1936848, "t_350": 1.0747875, "t_351": 0.9589521, "t_352": 0.82219418, "t_353": 0.64566372, "t_354": 0.5872772, "t_355": 0.47962847, "t_356": 0.36755015, "t_357": 0.28143828, "t_358": 0.17975495, "t_359": 0.049874202, "t_360": 0.0011551821, "t_361": -0.13161934, "t_362": -0.18912641, "t_363": -0.24873834, "t_364": -0.33532874, "t_365": -0.38855818, "t_366": -0.44682507, "t_367": -0.49459997, "t_368": -0.54585065, "t_369": -0.59348005,