{"sample_dict": {"t_000": -0.15095214, "t_001": -0.15706777, "t_002": -0.15879855, "t_003": -0.15954344, "t_004": -0.15911153, "t_005": -0.15665464, "t_006": -0.1573651, "t_007": -0.1578064, "t_008": -0.1573964, "t_009": -0.15449507, "t_010": -0.14798196, "t_011": -0.14061441, "t_012": -0.13125631, "t_013": -0.12274951, "t_014": -0.11574815, "t_015": -0.10693151, "t_016": -0.098750209, "t_017": -0.090271581, "t_018": -0.082606701, "t_019": -0.079858737, "t_020": -0.080847754, "t_021": -0.086500172, "t_022": -0.097554625, "t_023": -0.10733212, "t_024": -0.11087192, "t_025": -0.11293446, "t_026": -0.11259644, "t_027": -0.11225217, "t_028": -0.11068414, "t_029": -0.10169222, "t_030": -0.092571984, "t_031": -0.084052669, "t_032": -0.069721315, "t_033": -0.05494553, "t_034": -0.040454557, "t_035": -0.024364255, "t_036": -0.0092911393, "t_037": 0.0015692663, "t_038": 0.0066270229, "t_039": 0.0064486243, "t_040": -0.0015104568, "t_041": -0.016514717, "t_042": -0.03555016, "t_043": -0.055615307, "t_044": -0.07496686, "t_045": -0.093185425, "t_046": -0.11114735, "t_047": -0.13024851, "t_048": -0.14644523, "t_049": -0.1560099, "t_050": -0.16423814, "t_051": -0.17184355, "t_052": -0.17669474, "t_053": -0.18037539, "t_054": -0.18130181, "t_055": -0.17845682, "t_056": -0.1740219, "t_057": -0.17075125, "t_058": -0.16708626, "t_059": -0.16344317, "t_060": -0.16136498, "t_061": -0.1599065, "t_062": -0.16021009, "t_063": -0.16658549, "t_064": -0.17989027, "t_065": -0.19446888, "t_066": -0.21094414, "t_067": -0.22572619, "t_068": -0.23513437, "t_069": -0.24278673, "t_070": -0.24665829, "t_071": -0.24530622, "t_072": -0.24341269, "t_073": -0.23964441, "t_074": -0.23177922, "t_075": -0.22236791, "t_076": -0.21341356, "t_077": -0.20789259, "t_078": -0.20405858, "t_079": -0.19901961, "t_080": -0.19449705, "t_081": -0.19193061, "t_082": -0.19143297, "t_083": -0.19152061, "t_084": -0.19133908, "t_085": -0.19203389, "t_086": -0.19358314, "t_087": -0.19638119, "t_088": -0.20402103, "t_089": -0.21661847, "t_090": -0.22876523, "t_091": -0.23852081, "t_092": -0.24735624, "t_093": -0.2570993, "t_094": -0.26619137, "t_095": -0.2700598, "t_096": -0.2704166, "t_097": -0.2708579, "t_098": -0.27041034, "t_099": -0.26912712, "t_100": -0.26883605, "t_101": -0.26909583, "t_102": -0.26807238, "t_103": -0.26631343, "t_104": -0.26255454, "t_105": -0.25742167, "t_106": -0.25312133, "t_107": -0.24977244, "t_108": -0.24541889, "t_109": -0.23814211, "t_110": -0.23187938, "t_111": -0.22565733, "t_112": -0.21997362, "t_113": -0.2144996, "t_114": -0.20725098, "t_115": -0.19999923, "t_116": -0.19306047, "t_117": -0.18709194, "t_118": -0.18118288, "t_119": -0.17746468, "t_120": -0.17428167, "t_121": -0.17155561, "t_122": -0.1710924, "t_123": -0.17131775, "t_124": -0.17435678, "t_125": -0.17881675, "t_126": -0.18277908, "t_127": -0.18698553, "t_128": -0.18977731, "t_129": -0.19304795, "t_130": -0.19856266, "t_131": -0.20408675, "t_132": -0.20752953, "t_133": -0.20987375, "t_134": -0.21141361, "t_135": -0.21237759, "t_136": -0.21447456, "t_137": -0.21660908, "t_138": -0.21900025, "t_139": -0.22332563, "t_140": -0.22673086, "t_141": -0.22711895, "t_142": -0.22659314, "t_143": -0.22674337, "t_144": -0.22602978, "t_145": -0.2256542, "t_146": -0.22421137, "t_147": -0.22183272, "t_148": -0.21930384, "t_149": -0.21704412, "t_150": -0.21521319, "t_151": -0.21029941, "t_152": -0.20329491, "t_153": -0.19490392, "t_154": -0.18672575, "t_155": -0.1779717, "t_156": -0.16950559, "t_157": -0.1638876, "t_158": -0.16062322, "t_159": -0.16147453, "t_160": -0.16564968, "t_161": -0.17276998, "t_162": -0.18390893, "t_163": -0.19636867, "t_164": -0.20798022, "t_165": -0.21962621, "t_166": -0.23296542, "t_167": -0.24479919, "t_168": -0.25269255, "t_169": -0.25848267, "t_170": -0.26136835, "t_171": -0.26235424, "t_172": -0.26406311, "t_173": -0.26549969, "t_174": -0.26863575, "t_175": -0.27005667, "t_176": -0.27108638, "t_177": -0.27493916, "t_178": -0.27782797, "t_179": -0.27860729, "t_180": -0.27760888, "t_181": -0.27760575, "t_182": -0.27844767, "t_183": -0.27723957, "t_184": -0.27297052, "t_185": -0.267822, "t_186": -0.26456701, "t_187": -0.25693029, "t_188": -0.24871144, "t_189": -0.24807922, "t_190": -0.24680226, "t_191": -0.24091824, "t_192": -0.23034264, "t_193": -0.21357005, "t_194": -0.19308238, "t_195": -0.17310486, "t_196": -0.14763455, "t_197": -0.1165932, "t_198": -0.086543989, "t_199": -0.057424331, "t_200": -0.026558245, "t_201": 0.0025614128, "t_202": 0.01745613, "t_203": 0.024235277, "t_204": 0.022266633, "t_205": 0.0071434398, "t_206": -0.0042584211, "t_207": -0.022630346, "t_208": -0.048091268, "t_209": -0.065070432, "t_210": -0.079933852, "t_211": -0.093629856, "t_212": -0.10188627, "t_213": -0.10650272, "t_214": -0.11171384, "t_215": -0.13351603, "t_216": -0.14678638, "t_217": -0.15365316, "t_218": -0.16899857, "t_219": -0.17725811, "t_220": -0.19053472, "t_221": -0.20282231, "t_222": -0.20429958, "t_223": -0.19721058, "t_224": -0.19178038, "t_225": -0.18448482, "t_226": -0.1706824, "t_227": -0.16154025, "t_228": -0.15149047, "t_229": -0.14010425, "t_230": -0.13345656, "t_231": -0.12200462, "t_232": -0.1075825, "t_233": -0.092972598, "t_234": -0.086866359, "t_235": -0.11006757, "t_236": -0.11566365, "t_237": -0.1128969, "t_238": -0.11943506, "t_239": -0.13562551, "t_240": -0.14150953, "t_241": -0.14643584, "t_242": -0.16047612, "t_243": -0.19675676, "t_244": -0.21383921, "t_245": -0.22986378, "t_246": -0.23355069, "t_247": -0.2339513, "t_248": -0.2336884, "t_249": -0.22539443, "t_250": -0.21246523, "t_251": -0.19532957, "t_252": -0.1807541, "t_253": -0.1596123, "t_254": -0.13271793, "t_255": -0.1060176, "t_256": -0.079054378, "t_257": -0.0501006, "t_258": -0.016433343, "t_259": 0.023039693, "t_260": 0.063714572, "t_261": 0.1082704, "t_262": 0.15811247, "t_263": 0.20936607, "t_264": 0.26353977, "t_265": 0.31019257, "t_266": 0.35648857, "t_267": 0.39314479, "t_268": 0.42554135, "t_269": 0.46482972, "t_270": 0.51470308, "t_271": 0.56580959, "t_272": 0.6210975, "t_273": 0.68143691, "t_274": 0.73285639, "t_275": 0.79735218, "t_276": 0.85179505, "t_277": 0.89656997, "t_278": 0.93720103, "t_279": 1.000786, "t_280": 1.0507408, "t_281": 1.1015437, "t_282": 1.1211456, "t_283": 1.1097187, "t_284": 1.1028707, "t_285": 1.0751595, "t_286": 1.0496266, "t_287": 1.0171862, "t_288": 0.92747987, "t_289": 0.93793653, "t_290": 0.93296641, "t_291": 0.92181493, "t_292": 0.9215802, "t_293": 0.90971513, "t_294": 0.9085258, "t_295": 0.92377106, "t_296": 0.92654406, "t_297": 0.93465024, "t_298": 0.95679357, "t_299": 0.97994157, "t_300": 1.0045794, "t_301": 1.0358961, "t_302": 1.067939, "t_303": 1.1100505, "t_304": 1.1543027, "t_305": 1.1990808, "t_306": 1.2503281, "t_307": 1.3131369, "t_308": 1.3809253, "t_309": 1.4529482, "t_310": 1.5289898, "t_311": 1.6228838, "t_312": 1.7231, "t_313": 1.839829, "t_314": 1.9581324, "t_315": 2.0851459, "t_316": 2.1994431, "t_317": 2.3200781, "t_318": 2.4787777, "t_319": 2.6250458, "t_320": 2.7287955, "t_321": 2.8580531, "t_322": 2.987173, "t_323": 3.0935142, "t_324": 3.1843786, "t_325": 3.2619632, "t_326": 3.2927729, "t_327": 3.2588115, "t_328": 3.3469529, "t_329": 3.3993238, "t_330": 3.3581732, "t_331": 3.3193324, "t_332": 3.2489901, "t_333": 3.1234883, "t_334": 3.0379196, "t_335": 2.9737994, "t_336": 2.7139947, "t_337": 2.6505411, "t_338": 2.6382347, "t_339": 2.531978, "t_340": 2.389472, "t_341": 2.2322621, "t_342": 2.0757878, "t_343": 1.977246, "t_344": 1.8364363, "t_345": 1.6762219, "t_346": 1.5430771, "t_347": 1.4451926, "t_348": 1.2809532, "t_349": 1.1814756, "t_350": 1.0608719, "t_351": 0.94072205, "t_352": 0.81088856, "t_353": 0.64335038, "t_354": 0.57336492, "t_355": 0.46105205, "t_356": 0.35216632, "t_357": 0.26559918, "t_358": 0.16574918, "t_359": 0.039427325, "t_360": -0.012367733, "t_361": -0.1387647, "t_362": -0.20017763, "t_363": -0.26258897, "t_364": -0.34366018, "t_365": -0.39809992, "t_366": -0.45751604, "t_367": -0.50456632, "t_368": -0.55584183, "t_369": -0.60485137,