{"sample_dict": {"t_000": -0.24144235, "t_001": -0.24746865, "t_002": -0.25231998, "t_003": -0.25665186, "t_004": -0.25995102, "t_005": -0.2643602, "t_006": -0.26711208, "t_007": -0.26748312, "t_008": -0.26750476, "t_009": -0.26763772, "t_010": -0.26788198, "t_011": -0.26343879, "t_012": -0.25612932, "t_013": -0.2501525, "t_014": -0.24311821, "t_015": -0.23420709, "t_016": -0.22596693, "t_017": -0.21545106, "t_018": -0.20397358, "t_019": -0.19601479, "t_020": -0.1907213, "t_021": -0.18854763, "t_022": -0.18924333, "t_023": -0.19133042, "t_024": -0.1902977, "t_025": -0.18728919, "t_026": -0.18296658, "t_027": -0.17647649, "t_028": -0.16626364, "t_029": -0.15433164, "t_030": -0.14364262, "t_031": -0.12949056, "t_032": -0.112565, "t_033": -0.096328941, "t_034": -0.081846046, "t_035": -0.066704557, "t_036": -0.052784405, "t_037": -0.045063698, "t_038": -0.045978928, "t_039": -0.052404089, "t_040": -0.063832095, "t_041": -0.079919734, "t_042": -0.098363472, "t_043": -0.11797598, "t_044": -0.1382038, "t_045": -0.15804821, "t_046": -0.17516858, "t_047": -0.19134897, "t_048": -0.20564635, "t_049": -0.21838845, "t_050": -0.23038538, "t_051": -0.23884817, "t_052": -0.24391595, "t_053": -0.25037821, "t_054": -0.253934, "t_055": -0.25129653, "t_056": -0.24723984, "t_057": -0.24145472, "t_058": -0.23558612, "t_059": -0.23088938, "t_060": -0.22630705, "t_061": -0.22387056, "t_062": -0.22483526, "t_063": -0.22919806, "t_064": -0.23868429, "t_065": -0.25166757, "t_066": -0.26460447, "t_067": -0.27662614, "t_068": -0.28508583, "t_069": -0.28914871, "t_070": -0.28951975, "t_071": -0.28763673, "t_072": -0.28433448, "t_073": -0.27839167, "t_074": -0.27002164, "t_075": -0.26023548, "t_076": -0.2501525, "t_077": -0.24133413, "t_078": -0.23259616, "t_079": -0.22530524, "t_080": -0.22106921, "t_081": -0.21796176, "t_082": -0.21492233, "t_083": -0.21424209, "t_084": -0.21590558, "t_085": -0.21572625, "t_086": -0.21656108, "t_087": -0.22135986, "t_088": -0.22910221, "t_089": -0.23955624, "t_090": -0.25052663, "t_091": -0.26164852, "t_092": -0.2743628, "t_093": -0.28518787, "t_094": -0.29281581, "t_095": -0.29744762, "t_096": -0.29995213, "t_097": -0.29999851, "t_098": -0.29827936, "t_099": -0.2972219, "t_100": -0.2960655, "t_101": -0.29406189, "t_102": -0.29123271, "t_103": -0.28760581, "t_104": -0.28329248, "t_105": -0.27926361, "t_106": -0.27487298, "t_107": -0.27023499, "t_108": -0.26475289, "t_109": -0.25666732, "t_110": -0.24672348, "t_111": -0.23680745, "t_112": -0.22820862, "t_113": -0.22011997, "t_114": -0.21125832, "t_115": -0.20107329, "t_116": -0.19114181, "t_117": -0.18349531, "t_118": -0.17587973, "t_119": -0.16854553, "t_120": -0.16353341, "t_121": -0.16002399, "t_122": -0.15866043, "t_123": -0.15842234, "t_124": -0.16184827, "t_125": -0.16711084, "t_126": -0.17119227, "t_127": -0.17587664, "t_128": -0.18132164, "t_129": -0.18773134, "t_130": -0.19276511, "t_131": -0.19620031, "t_132": -0.19835543, "t_133": -0.20030957, "t_134": -0.20078574, "t_135": -0.20121552, "t_136": -0.20372313, "t_137": -0.20674401, "t_138": -0.21044203, "t_139": -0.21402256, "t_140": -0.21503364, "t_141": -0.21444616, "t_142": -0.21316917, "t_143": -0.21276412, "t_144": -0.21322792, "t_145": -0.2125786, "t_146": -0.21139746, "t_147": -0.21034309, "t_148": -0.20839204, "t_149": -0.20539281, "t_150": -0.20024773, "t_151": -0.19289497, "t_152": -0.18587305, "t_153": -0.17842135, "t_154": -0.16903715, "t_155": -0.1594798, "t_156": -0.15189205, "t_157": -0.14705618, "t_158": -0.14563077, "t_159": -0.14610693, "t_160": -0.15141898, "t_161": -0.15999617, "t_162": -0.17008843, "t_163": -0.18474448, "t_164": -0.19835234, "t_165": -0.21168501, "t_166": -0.22700893, "t_167": -0.23990872, "t_168": -0.24843026, "t_169": -0.25411643, "t_170": -0.25779899, "t_171": -0.25939137, "t_172": -0.25916256, "t_173": -0.25906671, "t_174": -0.26457046, "t_175": -0.26740582, "t_176": -0.27004019, "t_177": -0.27505231, "t_178": -0.2774146, "t_179": -0.27962846, "t_180": -0.27944294, "t_181": -0.27906263, "t_182": -0.27892658, "t_183": -0.27687968, "t_184": -0.27286318, "t_185": -0.26881886, "t_186": -0.26631125, "t_187": -0.25618188, "t_188": -0.24447869, "t_189": -0.24056423, "t_190": -0.23394736, "t_191": -0.223583, "t_192": -0.20838895, "t_193": -0.18329433, "t_194": -0.15500878, "t_195": -0.12857533, "t_196": -0.096842211, "t_197": -0.061275017, "t_198": -0.026428257, "t_199": 0.01210725, "t_200": 0.051285892, "t_201": 0.086101732, "t_202": 0.10392398, "t_203": 0.11136641, "t_204": 0.10995955, "t_205": 0.091521996, "t_206": 0.077063837, "t_207": 0.054653073, "t_208": 0.022248987, "t_209": 0.00060812875, "t_210": -0.020451435, "t_211": -0.04273852, "t_212": -0.056936951, "t_213": -0.066961192, "t_214": -0.076787545, "t_215": -0.10550288, "t_216": -0.12105561, "t_217": -0.1307892, "t_218": -0.15172199, "t_219": -0.15948908, "t_220": -0.17284958, "t_221": -0.18858473, "t_222": -0.18862802, "t_223": -0.17698976, "t_224": -0.16989054, "t_225": -0.16190393, "t_226": -0.14664494, "t_227": -0.13437901, "t_228": -0.1227964, "t_229": -0.11081493, "t_230": -0.10249128, "t_231": -0.089644052, "t_232": -0.074128432, "t_233": -0.058826159, "t_234": -0.055734166, "t_235": -0.085006063, "t_236": -0.092640193, "t_237": -0.091740423, "t_238": -0.097822373, "t_239": -0.11350187, "t_240": -0.11775027, "t_241": -0.12108962, "t_242": -0.1388995, "t_243": -0.18373649, "t_244": -0.20186793, "t_245": -0.21985406, "t_246": -0.22473631, "t_247": -0.22718208, "t_248": -0.22542892, "t_249": -0.21206223, "t_250": -0.19471306, "t_251": -0.1745409, "t_252": -0.15700621, "t_253": -0.13019863, "t_254": -0.096897867, "t_255": -0.065028696, "t_256": -0.032986374, "t_257": 0.0038176174, "t_258": 0.044131021, "t_259": 0.090826298, "t_260": 0.14084237, "t_261": 0.19236116, "t_262": 0.24871891, "t_263": 0.30943329, "t_264": 0.37682636, "t_265": 0.43418283, "t_266": 0.49114353, "t_267": 0.53299365, "t_268": 0.56471441, "t_269": 0.61848107, "t_270": 0.68076617, "t_271": 0.74394487, "t_272": 0.81158221, "t_273": 0.87838472, "t_274": 0.9376644, "t_275": 1.014015, "t_276": 1.0795189, "t_277": 1.1318416, "t_278": 1.1725291, "t_279": 1.2526364, "t_280": 1.3069968, "t_281": 1.3538745, "t_282": 1.372411, "t_283": 1.3536673, "t_284": 1.3399698, "t_285": 1.2941372, "t_286": 1.249866, "t_287": 1.1943276, "t_288": 1.0851679, "t_289": 1.094951, "t_290": 1.0714209, "t_291": 1.0398022, "t_292": 1.0334513, "t_293": 0.99978254, "t_294": 0.98144702, "t_295": 0.99258747, "t_296": 0.98264981, "t_297": 0.96983659, "t_298": 0.98174386, "t_299": 0.99884567, "t_300": 1.0173234, "t_301": 1.0421985, "t_302": 1.0695472, "t_303": 1.0999909, "t_304": 1.1345532, "t_305": 1.1751202, "t_306": 1.2178546, "t_307": 1.2732415, "t_308": 1.3336405, "t_309": 1.4021714, "t_310": 1.470826, "t_311": 1.5554013, "t_312": 1.6534639, "t_313": 1.7667483, "t_314": 1.8798658, "t_315": 2.003094, "t_316": 2.1247949, "t_317": 2.2468637, "t_318": 2.4008511, "t_319": 2.5485247, "t_320": 2.6505326, "t_321": 2.7938496, "t_322": 2.9305466, "t_323": 3.0282103, "t_324": 3.1392901, "t_325": 3.2387564, "t_326": 3.282505, "t_327": 3.2407508, "t_328": 3.281967, "t_329": 3.3593534, "t_330": 3.3382104, "t_331": 3.2818032, "t_332": 3.1910223, "t_333": 3.0741727, "t_334": 3.0308663, "t_335": 2.970424, "t_336": 2.6819813, "t_337": 2.6156611, "t_338": 2.6182924, "t_339": 2.5008338, "t_340": 2.3546753, "t_341": 2.1900699, "t_342": 2.0143211, "t_343": 1.9095551, "t_344": 1.764992, "t_345": 1.5980553, "t_346": 1.4709497, "t_347": 1.3834185, "t_348": 1.2116861, "t_349": 1.1121703, "t_350": 0.99740789, "t_351": 0.88349578, "t_352": 0.74524659, "t_353": 0.56818981, "t_354": 0.50576247, "t_355": 0.39525773, "t_356": 0.28482412, "t_357": 0.19993036, "t_358": 0.1002878, "t_359": -0.030181937, "t_360": -0.079635271, "t_361": -0.2075974, "t_362": -0.26446533, "t_363": -0.32237527, "t_364": -0.40294332, "t_365": -0.45286664, "t_366": -0.5074867, "t_367": -0.55183824, "t_368": -0.59812228, "t_369": -0.64133288,