{"t_000": -0.23567806, "t_001": -0.2423171, "t_002": -0.24778933, "t_003": -0.25202843, "t_004": -0.25492585, "t_005": -0.25612884, "t_006": -0.25655094, "t_007": -0.25786849, "t_008": -0.25830266, "t_009": -0.25851371, "t_010": -0.25834487, "t_011": -0.25458515, "t_012": -0.24769285, "t_013": -0.23995936, "t_014": -0.23180679, "t_015": -0.22036183, "t_016": -0.20876009, "t_017": -0.20015526, "t_018": -0.19143888, "t_019": -0.1833255, "t_020": -0.1782814, "t_021": -0.17593271, "t_022": -0.17722012, "t_023": -0.17896581, "t_024": -0.17634878, "t_025": -0.17220616, "t_026": -0.16901629, "t_027": -0.16297723, "t_028": -0.15250612, "t_029": -0.14119684, "t_030": -0.12761122, "t_031": -0.11236133, "t_032": -0.094557719, "t_033": -0.075729011, "t_034": -0.058950507, "t_035": -0.041614227, "t_036": -0.029017535, "t_037": -0.021757402, "t_038": -0.019770513, "t_039": -0.025176418, "t_040": -0.038771077, "t_041": -0.055555611, "t_042": -0.072689886, "t_043": -0.092326615, "t_044": -0.10936441, "t_045": -0.12747555, "t_046": -0.14508921, "t_047": -0.15886778, "t_048": -0.17251973, "t_049": -0.18490537, "t_050": -0.19474333, "t_051": -0.20286274, "t_052": -0.20991182, "t_053": -0.21473281, "t_054": -0.21588455, "t_055": -0.21422931, "t_056": -0.21014699, "t_057": -0.20289892, "t_058": -0.19593727, "t_059": -0.18961179, "t_060": -0.18533651, "t_061": -0.1853546, "t_062": -0.18587318, "t_063": -0.19171023, "t_064": -0.2032969, "t_065": -0.21652976, "t_066": -0.22991337, "t_067": -0.23925687, "t_068": -0.24599842, "t_069": -0.24974306, "t_070": -0.24968577, "t_071": -0.24825063, "t_072": -0.24415625, "t_073": -0.23692325, "t_074": -0.2296179, "t_075": -0.22056986, "t_076": -0.2103701, "t_077": -0.20245873, "t_078": -0.19572019, "t_079": -0.19020273, "t_080": -0.18594253, "t_081": -0.18428729, "t_082": -0.1844893, "t_083": -0.18493552, "t_084": -0.18644905, "t_085": -0.18831534, "t_086": -0.19070021, "t_087": -0.19613626, "t_088": -0.20715912, "t_089": -0.21981913, "t_090": -0.23186407, "t_091": -0.24524165, "t_092": -0.25914686, "t_093": -0.27157471, "t_094": -0.28180764, "t_095": -0.28778338, "t_096": -0.28973409, "t_097": -0.29105767, "t_098": -0.2922094, "t_099": -0.29246568, "t_100": -0.29270387, "t_101": -0.2918868, "t_102": -0.2894356, "t_103": -0.28669797, "t_104": -0.28254631, "t_105": -0.27825295, "t_106": -0.27419475, "t_107": -0.26910542, "t_108": -0.2632744, "t_109": -0.25691274, "t_110": -0.24784662, "t_111": -0.23643482, "t_112": -0.22694359, "t_113": -0.21777495, "t_114": -0.20871788, "t_115": -0.20047787, "t_116": -0.19105598, "t_117": -0.18063612, "t_118": -0.17094891, "t_119": -0.16338124, "t_120": -0.15721556, "t_121": -0.15120062, "t_122": -0.14744996, "t_123": -0.14763387, "t_124": -0.15008206, "t_125": -0.15337444, "t_126": -0.15711305, "t_127": -0.16273905, "t_128": -0.16994793, "t_129": -0.176192, "t_130": -0.18245115, "t_131": -0.18749526, "t_132": -0.19076955, "t_133": -0.19316347, "t_134": -0.1955001, "t_135": -0.19759552, "t_136": -0.1990367, "t_137": -0.20155724, "t_138": -0.20485566, "t_139": -0.20857014, "t_140": -0.20947163, "t_141": -0.20826563, "t_142": -0.20748776, "t_143": -0.20714706, "t_144": -0.20673401, "t_145": -0.20651391, "t_146": -0.20626969, "t_147": -0.20538931, "t_148": -0.20310394, "t_149": -0.19899147, "t_150": -0.19404385, "t_151": -0.18866809, "t_152": -0.18194162, "t_153": -0.17304434, "t_154": -0.16344154, "t_155": -0.15430306, "t_156": -0.14705499, "t_157": -0.14330734, "t_158": -0.14209832, "t_159": -0.14304503, "t_160": -0.14822783, "t_161": -0.15756831, "t_162": -0.16934191, "t_163": -0.18347927, "t_164": -0.19701363, "t_165": -0.21027664, "t_166": -0.22402808, "t_167": -0.23696848, "t_168": -0.24752401, "t_169": -0.25551679, "t_170": -0.26022623, "t_171": -0.26144128, "t_172": -0.26104028, "t_173": -0.26241512, "t_174": -0.26770344, "t_175": -0.26874663, "t_176": -0.27028429, "t_177": -0.27283498, "t_178": -0.27431535, "t_179": -0.27699267, "t_180": -0.27803586, "t_181": -0.27816853, "t_182": -0.27742985, "t_183": -0.27490026, "t_184": -0.2697446, "t_185": -0.26471256, "t_186": -0.26029557, "t_187": -0.25091589, "t_188": -0.24120758, "t_189": -0.23894632, "t_190": -0.23404091, "t_191": -0.22395572, "t_192": -0.20911586, "t_193": -0.18693748, "t_194": -0.1596547, "t_195": -0.1316664, "t_196": -0.10005106, "t_197": -0.063623765, "t_198": -0.027573347, "t_199": 0.0088328415, "t_200": 0.044629999, "t_201": 0.078340773, "t_202": 0.097051896, "t_203": 0.10497231, "t_204": 0.103302, "t_205": 0.084464249, "t_206": 0.069633438, "t_207": 0.046375687, "t_208": 0.012954354, "t_209": -0.0096642158, "t_210": -0.030241627, "t_211": -0.050372817, "t_212": -0.064347366, "t_213": -0.074109953, "t_214": -0.083097684, "t_215": -0.1109895, "t_216": -0.12728259, "t_217": -0.13682809, "t_218": -0.15642864, "t_219": -0.16524452, "t_220": -0.17681611, "t_221": -0.19068212, "t_222": -0.19276247, "t_223": -0.18196272, "t_224": -0.1736594, "t_225": -0.16383651, "t_226": -0.14743187, "t_227": -0.13502512, "t_228": -0.12325755, "t_229": -0.11117643, "t_230": -0.10101586, "t_231": -0.087662402, "t_232": -0.072934101, "t_233": -0.057216879, "t_234": -0.053650128, "t_235": -0.079904794, "t_236": -0.088892524, "t_237": -0.088407108, "t_238": -0.093421062, "t_239": -0.10836946, "t_240": -0.11421857, "t_241": -0.12111087, "t_242": -0.13965315, "t_243": -0.18803494, "t_244": -0.21040327, "t_245": -0.23020884, "t_246": -0.23613634, "t_247": -0.23734234, "t_248": -0.2360881, "t_249": -0.224013, "t_250": -0.20790081, "t_251": -0.19245193, "t_252": -0.17296293, "t_253": -0.14304202, "t_254": -0.10954833, "t_255": -0.07811388, "t_256": -0.044882492, "t_257": -0.0070321162, "t_258": 0.0338604, "t_259": 0.078639259, "t_260": 0.12409951, "t_261": 0.18180068, "t_262": 0.24244449, "t_263": 0.30567217, "t_264": 0.37086563, "t_265": 0.42446941, "t_266": 0.47708125, "t_267": 0.52033452, "t_268": 0.56033459, "t_269": 0.60948822, "t_270": 0.6678738, "t_271": 0.72990753, "t_272": 0.79946973, "t_273": 0.8723997, "t_274": 0.92973304, "t_275": 1.0046107, "t_276": 1.0721016, "t_277": 1.1170041, "t_278": 1.1523459, "t_279": 1.2444785, "t_280": 1.3025897, "t_281": 1.344438, "t_282": 1.3645872, "t_283": 1.3482308, "t_284": 1.3333216, "t_285": 1.2926311, "t_286": 1.2540662, "t_287": 1.20058, "t_288": 1.0716403, "t_289": 1.0811828, "t_290": 1.0566708, "t_291": 1.024365, "t_292": 1.0176385, "t_293": 0.98611966, "t_294": 0.96823164, "t_295": 0.97898013, "t_296": 0.972121, "t_297": 0.95782384, "t_298": 0.97167176, "t_299": 0.98792867, "t_300": 1.0054368, "t_301": 1.0287579, "t_302": 1.0517081, "t_303": 1.0829194, "t_304": 1.1224401, "t_305": 1.1672552, "t_306": 1.2140299, "t_307": 1.2734105, "t_308": 1.3290313, "t_309": 1.3908027, "t_310": 1.4607267, "t_311": 1.5502151, "t_312": 1.6493213, "t_313": 1.7586514, "t_314": 1.8751995, "t_315": 2.0069341, "t_316": 2.1294881, "t_317": 2.243199, "t_318": 2.3937985, "t_319": 2.5398876, "t_320": 2.6494137, "t_321": 2.7933018, "t_322": 2.9226123, "t_323": 3.0279295, "t_324": 3.1452855, "t_325": 3.2339749, "t_326": 3.2366673, "t_327": 3.1668127, "t_328": 3.2548267, "t_329": 3.3899562, "t_330": 3.39052, "t_331": 3.3051683, "t_332": 3.181146, "t_333": 3.052749, "t_334": 3.0240944, "t_335": 2.9800482, "t_336": 2.6881203, "t_337": 2.614129, "t_338": 2.5995394, "t_339": 2.4781493, "t_340": 2.3333537, "t_341": 2.1662771, "t_342": 1.9968519, "t_343": 1.895403, "t_344": 1.7547802, "t_345": 1.5850444, "t_346": 1.4502466, "t_347": 1.3584547, "t_348": 1.192337, "t_349": 1.0934297, "t_350": 0.97243154, "t_351": 0.85685734, "t_352": 0.72417299, "t_353": 0.55268552, "t_354": 0.49182463, "t_355": 0.38129453, "t_356": 0.26916347, "t_357": 0.18500864, "t_358": 0.085160715, "t_359": -0.044210146, "t_360": -0.090737707, "t_361": -0.21860107, "t_362": -0.27717659, "t_363": -0.33564056, "t_364": -0.41582764, "t_365": -0.46546668, "t_366": -0.52046942, "t_367": -0.56596887, "t_368": -0.614218, "t_369": -0.65768231, "t_370": -0.70836154,