{"t_000": -0.21711571, "t_001": -0.2247342, "t_002": -0.23032317, "t_003": -0.23365839, "t_004": -0.2356283, "t_005": -0.23682898, "t_006": -0.2386229, "t_007": -0.23982926, "t_008": -0.23878754, "t_009": -0.23642308, "t_010": -0.23432828, "t_011": -0.2312031, "t_012": -0.2262244, "t_013": -0.21959086, "t_014": -0.2115835, "t_015": -0.20242371, "t_016": -0.19099029, "t_017": -0.18154949, "t_018": -0.17259691, "t_019": -0.16269344, "t_020": -0.15692848, "t_021": -0.15698241, "t_022": -0.15986915, "t_023": -0.1628751, "t_024": -0.16255151, "t_025": -0.15781124, "t_026": -0.15342011, "t_027": -0.14720383, "t_028": -0.13786805, "t_029": -0.12695408, "t_030": -0.11408723, "t_031": -0.099117059, "t_032": -0.08272481, "t_033": -0.065770541, "t_034": -0.049801226, "t_035": -0.035009883, "t_036": -0.022739113, "t_037": -0.015540716, "t_038": -0.012131696, "t_039": -0.015696833, "t_040": -0.028407567, "t_041": -0.043695646, "t_042": -0.060056671, "t_043": -0.07907168, "t_044": -0.10015878, "t_045": -0.12008495, "t_046": -0.13722088, "t_047": -0.1539282, "t_048": -0.16911693, "t_049": -0.18327529, "t_050": -0.19428293, "t_051": -0.2021427, "t_052": -0.2082426, "t_053": -0.21282959, "t_054": -0.21579581, "t_055": -0.21502658, "t_056": -0.21205753, "t_057": -0.20709585, "t_058": -0.20006777, "t_059": -0.19256849, "t_060": -0.18691423, "t_061": -0.18356765, "t_062": -0.18319865, "t_063": -0.18915663, "t_064": -0.20026078, "t_065": -0.21437089, "t_066": -0.23269047, "t_067": -0.25011593, "t_068": -0.26317012, "t_069": -0.27214825, "t_070": -0.27662737, "t_071": -0.27985757, "t_072": -0.279727, "t_073": -0.27520246, "t_074": -0.27040542, "t_075": -0.26520815, "t_076": -0.25808923, "t_077": -0.25236685, "t_078": -0.24740234, "t_079": -0.24435948, "t_080": -0.24312758, "t_081": -0.24014149, "t_082": -0.23864561, "t_083": -0.23848666, "t_084": -0.23908558, "t_085": -0.24029193, "t_086": -0.24025219, "t_087": -0.24329789, "t_088": -0.2509845, "t_089": -0.26148122, "t_090": -0.27259673, "t_091": -0.28171962, "t_092": -0.28896911, "t_093": -0.29454105, "t_094": -0.29826514, "t_095": -0.30004487, "t_096": -0.30104118, "t_097": -0.30179906, "t_098": -0.30112917, "t_099": -0.29978941, "t_100": -0.29872214, "t_101": -0.29586379, "t_102": -0.29129383, "t_103": -0.28655923, "t_104": -0.27996827, "t_105": -0.27409261, "t_106": -0.26937789, "t_107": -0.26200066, "t_108": -0.25487891, "t_109": -0.24698508, "t_110": -0.23700213, "t_111": -0.22696525, "t_112": -0.21813188, "t_113": -0.21056732, "t_114": -0.20255712, "t_115": -0.19374078, "t_116": -0.18410981, "t_117": -0.17555177, "t_118": -0.16852085, "t_119": -0.16238688, "t_120": -0.15787369, "t_121": -0.15478258, "t_122": -0.15276442, "t_123": -0.15207751, "t_124": -0.15351094, "t_125": -0.1552708, "t_126": -0.15940363, "t_127": -0.16557166, "t_128": -0.17119186, "t_129": -0.17773173, "t_130": -0.18415238, "t_131": -0.18980948, "t_132": -0.19419494, "t_133": -0.1970022, "t_134": -0.19804109, "t_135": -0.1998634, "t_136": -0.2033377, "t_137": -0.20537573, "t_138": -0.20687729, "t_139": -0.21004504, "t_140": -0.21241517, "t_141": -0.21141887, "t_142": -0.20967888, "t_143": -0.20891816, "t_144": -0.20696812, "t_145": -0.20481371, "t_146": -0.20382308, "t_147": -0.20264511, "t_148": -0.19969025, "t_149": -0.19547226, "t_150": -0.19091081, "t_151": -0.18477969, "t_152": -0.17699656, "t_153": -0.16922479, "t_154": -0.16114363, "t_155": -0.15216266, "t_156": -0.1453361, "t_157": -0.1407037, "t_158": -0.13778006, "t_159": -0.1378936, "t_160": -0.14317602, "t_161": -0.15225633, "t_162": -0.16255151, "t_163": -0.17586968, "t_164": -0.18945183, "t_165": -0.20269336, "t_166": -0.21749039, "t_167": -0.22959368, "t_168": -0.23808359, "t_169": -0.24517696, "t_170": -0.24950849, "t_171": -0.2514046, "t_172": -0.25236117, "t_173": -0.25487039, "t_174": -0.26070064, "t_175": -0.26184171, "t_176": -0.26243211, "t_177": -0.2655658, "t_178": -0.26737391, "t_179": -0.27005344, "t_180": -0.2705445, "t_181": -0.26965322, "t_182": -0.27034865, "t_183": -0.27003925, "t_184": -0.26571908, "t_185": -0.25971852, "t_186": -0.2576521, "t_187": -0.24927006, "t_188": -0.23867116, "t_189": -0.23753293, "t_190": -0.23359879, "t_191": -0.22609383, "t_192": -0.21368398, "t_193": -0.19126846, "t_194": -0.16416094, "t_195": -0.13671279, "t_196": -0.10529644, "t_197": -0.070513649, "t_198": -0.036443317, "t_199": -0.00020722205, "t_200": 0.036582378, "t_201": 0.069381068, "t_202": 0.086514162, "t_203": 0.097825523, "t_204": 0.099009171, "t_205": 0.081541137, "t_206": 0.068276898, "t_207": 0.046613583, "t_208": 0.016437652, "t_209": -0.0046778354, "t_210": -0.025597467, "t_211": -0.046301375, "t_212": -0.061884655, "t_213": -0.07259142, "t_214": -0.082142921, "t_215": -0.10701656, "t_216": -0.12109828, "t_217": -0.13116639, "t_218": -0.15248625, "t_219": -0.16221657, "t_220": -0.17674961, "t_221": -0.19287788, "t_222": -0.19414101, "t_223": -0.18555176, "t_224": -0.17874507, "t_225": -0.16892959, "t_226": -0.15288931, "t_227": -0.1423784, "t_228": -0.13294612, "t_229": -0.12048517, "t_230": -0.11116643, "t_231": -0.099210729, "t_232": -0.087152846, "t_233": -0.075716591, "t_234": -0.072809983, "t_235": -0.09351389, "t_236": -0.10306539, "t_237": -0.10435406, "t_238": -0.10772051, "t_239": -0.12004804, "t_240": -0.12413262, "t_241": -0.12752745, "t_242": -0.14089955, "t_243": -0.17463494, "t_244": -0.18920205, "t_245": -0.20581286, "t_246": -0.21039134, "t_247": -0.21181058, "t_248": -0.2103147, "t_249": -0.19815179, "t_250": -0.18257419, "t_251": -0.16621316, "t_252": -0.14659639, "t_253": -0.11864016, "t_254": -0.087507657, "t_255": -0.056193494, "t_256": -0.024183902, "t_257": 0.0098183058, "t_258": 0.04828545, "t_259": 0.091177792, "t_260": 0.13737697, "t_261": 0.19324686, "t_262": 0.24963052, "t_263": 0.31190404, "t_264": 0.37548893, "t_265": 0.42797251, "t_266": 0.47714642, "t_267": 0.51610746, "t_268": 0.55761462, "t_269": 0.60417997, "t_270": 0.65951622, "t_271": 0.72214739, "t_272": 0.78491764, "t_273": 0.84924338, "t_274": 0.90740677, "t_275": 0.97890536, "t_276": 1.0353316, "t_277": 1.082652, "t_278": 1.1447978, "t_279": 1.2236509, "t_280": 1.2669321, "t_281": 1.3098386, "t_282": 1.3314679, "t_283": 1.3180049, "t_284": 1.3040055, "t_285": 1.2609145, "t_286": 1.2224956, "t_287": 1.1735913, "t_288": 1.0621979, "t_289": 1.0745935, "t_290": 1.0570403, "t_291": 1.0255842, "t_292": 1.013305, "t_293": 0.98762234, "t_294": 0.97992437, "t_295": 0.99110233, "t_296": 0.98445176, "t_297": 0.98055168, "t_298": 0.99949289, "t_299": 1.0188457, "t_300": 1.0338357, "t_301": 1.0559248, "t_302": 1.0855501, "t_303": 1.1235517, "t_304": 1.1581613, "t_305": 1.1995663, "t_306": 1.2496287, "t_307": 1.303733, "t_308": 1.3594326, "t_309": 1.4281438, "t_310": 1.5018138, "t_311": 1.593162, "t_312": 1.6866219, "t_313": 1.7922022, "t_314": 1.9104648, "t_315": 2.0457697, "t_316": 2.1624201, "t_317": 2.2594593, "t_318": 2.4207505, "t_319": 2.5814968, "t_320": 2.6738753, "t_321": 2.7798586, "t_322": 2.9103267, "t_323": 3.0225405, "t_324": 3.1421543, "t_325": 3.2342688, "t_326": 3.2309619, "t_327": 3.1531619, "t_328": 3.2302296, "t_329": 3.3527954, "t_330": 3.3309674, "t_331": 3.2871128, "t_332": 3.2019526, "t_333": 3.0462646, "t_334": 2.9844622, "t_335": 2.932271, "t_336": 2.696972, "t_337": 2.5933758, "t_338": 2.5859135, "t_339": 2.4913635, "t_340": 2.3399559, "t_341": 2.1726925, "t_342": 2.0029653, "t_343": 1.890919, "t_344": 1.7446121, "t_345": 1.5871245, "t_346": 1.4582176, "t_347": 1.3653565, "t_348": 1.198905, "t_349": 1.1010539, "t_350": 0.97951563, "t_351": 0.86478976, "t_352": 0.73127879, "t_353": 0.56801767, "t_354": 0.50739048, "t_355": 0.39538103, "t_356": 0.28303097, "t_357": 0.19791901, "t_358": 0.097544513, "t_359": -0.030502369, "t_360": -0.076034502, "t_361": -0.2030794, "t_362": -0.26304239, "t_363": -0.32251148, "t_364": -0.40181306, "t_365": -0.45266452, "t_366": -0.50905385, "t_367": -0.55420279, "t_368": -0.60327735, "t_369": -0.64974051, "t_370": -0.70078782,