{"sample_dict": {"t_000": -0.24257852, "t_001": -0.24855315, "t_002": -0.25375261, "t_003": -0.25747451, "t_004": -0.26038487, "t_005": -0.26054997, "t_006": -0.26072907, "t_007": -0.26137551, "t_008": -0.2608578, "t_009": -0.2594474, "t_010": -0.25700158, "t_011": -0.2527088, "t_012": -0.24650191, "t_013": -0.23786878, "t_014": -0.22905096, "t_015": -0.22144766, "t_016": -0.21109071, "t_017": -0.19872449, "t_018": -0.18853265, "t_019": -0.18126515, "t_020": -0.17701995, "t_021": -0.17506665, "t_022": -0.17502468, "t_023": -0.1767597, "t_024": -0.17555917, "t_025": -0.17162739, "t_026": -0.16680852, "t_027": -0.16110814, "t_028": -0.15318581, "t_029": -0.14228317, "t_030": -0.12794127, "t_031": -0.11271227, "t_032": -0.096450652, "t_033": -0.078037052, "t_034": -0.061741855, "t_035": -0.046672366, "t_036": -0.034910608, "t_037": -0.027242939, "t_038": -0.025317626, "t_039": -0.029828679, "t_040": -0.039144617, "t_041": -0.055540557, "t_042": -0.075336577, "t_043": -0.09464847, "t_044": -0.11341187, "t_045": -0.13211931, "t_046": -0.15146758, "t_047": -0.16921796, "t_048": -0.18309532, "t_049": -0.19448209, "t_050": -0.20458998, "t_051": -0.21350294, "t_052": -0.21948317, "t_053": -0.22257822, "t_054": -0.2249149, "t_055": -0.22519194, "t_056": -0.22058015, "t_057": -0.21321751, "t_058": -0.20633899, "t_059": -0.19988024, "t_060": -0.19278624, "t_061": -0.18849627, "t_062": -0.18957646, "t_063": -0.1944681, "t_064": -0.20679513, "t_065": -0.22257262, "t_066": -0.23913927, "t_067": -0.25674412, "t_068": -0.26977356, "t_069": -0.27870332, "t_070": -0.28510331, "t_071": -0.2882991, "t_072": -0.28890916, "t_073": -0.2867124, "t_074": -0.2815717, "t_075": -0.27406354, "t_076": -0.26562071, "t_077": -0.25952575, "t_078": -0.25568912, "t_079": -0.25183849, "t_080": -0.24865389, "t_081": -0.24672858, "t_082": -0.24522863, "t_083": -0.24536575, "t_084": -0.24530139, "t_085": -0.24511109, "t_086": -0.24500755, "t_087": -0.24827611, "t_088": -0.25751369, "t_089": -0.26903758, "t_090": -0.28134223, "t_091": -0.29127662, "t_092": -0.29763183, "t_093": -0.30206173, "t_094": -0.30596832, "t_095": -0.30841694, "t_096": -0.3092005, "t_097": -0.30926206, "t_098": -0.30769775, "t_099": -0.30644685, "t_100": -0.30496089, "t_101": -0.3019302, "t_102": -0.2980404, "t_103": -0.29245755, "t_104": -0.28563221, "t_105": -0.27896917, "t_106": -0.2728994, "t_107": -0.26490152, "t_108": -0.25638593, "t_109": -0.24749535, "t_110": -0.23866353, "t_111": -0.22923286, "t_112": -0.21944679, "t_113": -0.20901148, "t_114": -0.1992478, "t_115": -0.18971078, "t_116": -0.17939581, "t_117": -0.17122722, "t_118": -0.16317617, "t_119": -0.15640119, "t_120": -0.15053571, "t_121": -0.14454429, "t_122": -0.14232794, "t_123": -0.14305273, "t_124": -0.14371876, "t_125": -0.14755259, "t_126": -0.15265971, "t_127": -0.15676499, "t_128": -0.16242059, "t_129": -0.17011345, "t_130": -0.17726621, "t_131": -0.18252444, "t_132": -0.1866661, "t_133": -0.19036841, "t_134": -0.19177602, "t_135": -0.19383565, "t_136": -0.19778982, "t_137": -0.20055746, "t_138": -0.20281578, "t_139": -0.20417861, "t_140": -0.20448084, "t_141": -0.20517205, "t_142": -0.20501814, "t_143": -0.20335588, "t_144": -0.20141657, "t_145": -0.19889519, "t_146": -0.19626468, "t_147": -0.19369853, "t_148": -0.19126111, "t_149": -0.18783024, "t_150": -0.1824125, "t_151": -0.1760377, "t_152": -0.16936627, "t_153": -0.16169301, "t_154": -0.15379587, "t_155": -0.14650039, "t_156": -0.1400976, "t_157": -0.13521436, "t_158": -0.13325547, "t_159": -0.1335521, "t_160": -0.13806875, "t_161": -0.14566366, "t_162": -0.15476972, "t_163": -0.16788591, "t_164": -0.18116721, "t_165": -0.19423303, "t_166": -0.20835945, "t_167": -0.2206725, "t_168": -0.23047536, "t_169": -0.23804508, "t_170": -0.2427996, "t_171": -0.24493759, "t_172": -0.24569876, "t_173": -0.24728547, "t_174": -0.25171536, "t_175": -0.25427592, "t_176": -0.25608929, "t_177": -0.25931867, "t_178": -0.26141469, "t_179": -0.2631525, "t_180": -0.26449295, "t_181": -0.26478398, "t_182": -0.26430545, "t_183": -0.26323086, "t_184": -0.25905562, "t_185": -0.25537849, "t_186": -0.25194204, "t_187": -0.24145356, "t_188": -0.23127571, "t_189": -0.22955748, "t_190": -0.22596711, "t_191": -0.21780132, "t_192": -0.20369448, "t_193": -0.18113642, "t_194": -0.15447588, "t_195": -0.1261139, "t_196": -0.09091258, "t_197": -0.052716952, "t_198": -0.017132249, "t_199": 0.019224817, "t_200": 0.055092161, "t_201": 0.089568689, "t_202": 0.10812221, "t_203": 0.11812376, "t_204": 0.11986438, "t_205": 0.10528741, "t_206": 0.093847473, "t_207": 0.073407816, "t_208": 0.042012348, "t_209": 0.021281656, "t_210": -0.00061317869, "t_211": -0.025661832, "t_212": -0.042332017, "t_213": -0.054636668, "t_214": -0.06530984, "t_215": -0.093761371, "t_216": -0.11108079, "t_217": -0.12094522, "t_218": -0.14366279, "t_219": -0.15605139, "t_220": -0.17029255, "t_221": -0.18523331, "t_222": -0.18642544, "t_223": -0.17600132, "t_224": -0.16622645, "t_225": -0.15635642, "t_226": -0.14194176, "t_227": -0.13090479, "t_228": -0.11830351, "t_229": -0.10560988, "t_230": -0.098806922, "t_231": -0.085718714, "t_232": -0.070500908, "t_233": -0.05821025, "t_234": -0.057874439, "t_235": -0.080141463, "t_236": -0.089180359, "t_237": -0.092432122, "t_238": -0.099361009, "t_239": -0.11249679, "t_240": -0.1163782, "t_241": -0.1215161, "t_242": -0.13507164, "t_243": -0.16939985, "t_244": -0.18628831, "t_245": -0.20347901, "t_246": -0.20793129, "t_247": -0.20903667, "t_248": -0.2073884, "t_249": -0.1955147, "t_250": -0.17841356, "t_251": -0.15839647, "t_252": -0.13637291, "t_253": -0.10756877, "t_254": -0.073523201, "t_255": -0.039561582, "t_256": -0.0081633146, "t_257": 0.030745911, "t_258": 0.075106457, "t_259": 0.12165537, "t_260": 0.17058293, "t_261": 0.23245039, "t_262": 0.29481877, "t_263": 0.35887459, "t_264": 0.42552455, "t_265": 0.48039316, "t_266": 0.53584664, "t_267": 0.57835464, "t_268": 0.61605215, "t_269": 0.6655338, "t_270": 0.72190516, "t_271": 0.78633038, "t_272": 0.85739624, "t_273": 0.92500326, "t_274": 0.98181957, "t_275": 1.0683047, "t_276": 1.1331189, "t_277": 1.1683286, "t_278": 1.2131845, "t_279": 1.30408, "t_280": 1.3592088, "t_281": 1.4081196, "t_282": 1.4249185, "t_283": 1.4040675, "t_284": 1.3816186, "t_285": 1.3233555, "t_286": 1.2786507, "t_287": 1.2334898, "t_288": 1.1106924, "t_289": 1.1117866, "t_290": 1.0877481, "t_291": 1.050879, "t_292": 1.0379167, "t_293": 1.0089475, "t_294": 0.99280617, "t_295": 1.0010951, "t_296": 0.99430892, "t_297": 0.98459001, "t_298": 0.99845058, "t_299": 1.0119334, "t_300": 1.0233817, "t_301": 1.0466114, "t_302": 1.0722533, "t_303": 1.1056105, "t_304": 1.1429442, "t_305": 1.1845231, "t_306": 1.2287633, "t_307": 1.2805369, "t_308": 1.3406245, "t_309": 1.4060936, "t_310": 1.4752257, "t_311": 1.5671734, "t_312": 1.6637384, "t_313": 1.7727173, "t_314": 1.8868872, "t_315": 2.0096399, "t_316": 2.1207539, "t_317": 2.2445756, "t_318": 2.4070267, "t_319": 2.5422211, "t_320": 2.6423234, "t_321": 2.7669454, "t_322": 2.8924405, "t_323": 2.9875364, "t_324": 3.1089682, "t_325": 3.2391507, "t_326": 3.2617227, "t_327": 3.1632128, "t_328": 3.2168865, "t_329": 3.3475867, "t_330": 3.3211864, "t_331": 3.2803099, "t_332": 3.1795695, "t_333": 3.0000369, "t_334": 2.9891539, "t_335": 2.9244292, "t_336": 2.5807805, "t_337": 2.5512824, "t_338": 2.5673677, "t_339": 2.4519889, "t_340": 2.3043023, "t_341": 2.1429146, "t_342": 1.9672326, "t_343": 1.8618526, "t_344": 1.7141436, "t_345": 1.5437674, "t_346": 1.4203851, "t_347": 1.3273572, "t_348": 1.1560436, "t_349": 1.0589748, "t_350": 0.93869593, "t_351": 0.82480585, "t_352": 0.69413925, "t_353": 0.52446547, "t_354": 0.46008223, "t_355": 0.35016871, "t_356": 0.24239598, "t_357": 0.15849936, "t_358": 0.060322407, "t_359": -0.065833144, "t_360": -0.11480828, "t_361": -0.24349081, "t_362": -0.2991066, "t_363": -0.35622794, "t_364": -0.43575622, "t_365": -0.48557649, "t_366": -0.53940688, "t_367": -0.58339804, "t_368": -0.63173794, "t_369": -0.67511344,