{"t_000": -0.22436562, "t_001": -0.23046045, "t_002": -0.23370354, "t_003": -0.23660132, "t_004": -0.23966887, "t_005": -0.24213788, "t_006": -0.2429206, "t_007": -0.24438244, "t_008": -0.24596513, "t_009": -0.24553637, "t_010": -0.24164869, "t_011": -0.23668189, "t_012": -0.23047196, "t_013": -0.2217441, "t_014": -0.2146162, "t_015": -0.20663077, "t_016": -0.196631, "t_017": -0.1860298, "t_018": -0.17568471, "t_019": -0.16803884, "t_020": -0.1644677, "t_021": -0.16362743, "t_022": -0.16540293, "t_023": -0.16792086, "t_024": -0.16810791, "t_025": -0.16518711, "t_026": -0.1597081, "t_027": -0.15371111, "t_028": -0.14661775, "t_029": -0.13738918, "t_030": -0.12437365, "t_031": -0.10903011, "t_032": -0.092869324, "t_033": -0.075724388, "t_034": -0.059707485, "t_035": -0.044260353, "t_036": -0.031512441, "t_037": -0.025092443, "t_038": -0.022960117, "t_039": -0.027017579, "t_040": -0.038979898, "t_041": -0.056234183, "t_042": -0.076322936, "t_043": -0.09750519, "t_044": -0.11908168, "t_045": -0.13900353, "t_046": -0.15823763, "t_047": -0.17347469, "t_048": -0.18590894, "t_049": -0.1993331, "t_050": -0.21086377, "t_051": -0.21858734, "t_052": -0.22354838, "t_053": -0.22852093, "t_054": -0.23239134, "t_055": -0.23039426, "t_056": -0.226003, "t_057": -0.21878877, "t_058": -0.20827678, "t_059": -0.20115464, "t_060": -0.19633748, "t_061": -0.19294763, "t_062": -0.19161816, "t_063": -0.19551736, "t_064": -0.20779622, "t_065": -0.22524618, "t_066": -0.24257528, "t_067": -0.25657209, "t_068": -0.26748983, "t_069": -0.27755866, "t_070": -0.28452829, "t_071": -0.28638724, "t_072": -0.28584049, "t_073": -0.28283336, "t_074": -0.27534001, "t_075": -0.26716465, "t_076": -0.26060365, "t_077": -0.25356208, "t_078": -0.24762841, "t_079": -0.24407453, "t_080": -0.24166595, "t_081": -0.2387394, "t_082": -0.23715382, "t_083": -0.23604306, "t_084": -0.2351366, "t_085": -0.23545314, "t_086": -0.23804013, "t_087": -0.24249183, "t_088": -0.2503823, "t_089": -0.26213743, "t_090": -0.27310121, "t_091": -0.28351536, "t_092": -0.29182597, "t_093": -0.29765605, "t_094": -0.30241565, "t_095": -0.30443, "t_096": -0.30505444, "t_097": -0.30490768, "t_098": -0.3029624, "t_099": -0.30205019, "t_100": -0.3007495, "t_101": -0.29735678, "t_102": -0.29348636, "t_103": -0.28810231, "t_104": -0.28176864, "t_105": -0.27742629, "t_106": -0.27257748, "t_107": -0.26490859, "t_108": -0.25760228, "t_109": -0.25036216, "t_110": -0.24104438, "t_111": -0.23167481, "t_112": -0.22339874, "t_113": -0.21471692, "t_114": -0.20509124, "t_115": -0.19536772, "t_116": -0.18696503, "t_117": -0.1791091, "t_118": -0.1711064, "t_119": -0.16436986, "t_120": -0.15892538, "t_121": -0.15490821, "t_122": -0.15329385, "t_123": -0.15436721, "t_124": -0.15687651, "t_125": -0.16069225, "t_126": -0.16499143, "t_127": -0.16988916, "t_128": -0.17489624, "t_129": -0.17941412, "t_130": -0.1858629, "t_131": -0.19207859, "t_132": -0.19579936, "t_133": -0.19822521, "t_134": -0.19913454, "t_135": -0.20096759, "t_136": -0.20416177, "t_137": -0.20666531, "t_138": -0.20939906, "t_139": -0.21219899, "t_140": -0.21375579, "t_141": -0.21351407, "t_142": -0.2132407, "t_143": -0.21318602, "t_144": -0.21141915, "t_145": -0.20872857, "t_146": -0.20702789, "t_147": -0.20473729, "t_148": -0.20208411, "t_149": -0.20077479, "t_150": -0.19760076, "t_151": -0.19144838, "t_152": -0.18434351, "t_153": -0.17716094, "t_154": -0.16982298, "t_155": -0.16218574, "t_156": -0.15383485, "t_157": -0.148258, "t_158": -0.14541777, "t_159": -0.144025, "t_160": -0.14835296, "t_161": -0.15661752, "t_162": -0.16555545, "t_163": -0.17664872, "t_164": -0.1885132, "t_165": -0.20248123, "t_166": -0.21669673, "t_167": -0.2275339, "t_168": -0.23717109, "t_169": -0.24397957, "t_170": -0.2481435, "t_171": -0.2507679, "t_172": -0.25146141, "t_173": -0.25236787, "t_174": -0.25622965, "t_175": -0.25996194, "t_176": -0.26252015, "t_177": -0.26561936, "t_178": -0.26769126, "t_179": -0.26962215, "t_180": -0.26978042, "t_181": -0.2695646, "t_182": -0.27068688, "t_183": -0.2691531, "t_184": -0.26500355, "t_185": -0.2600828, "t_186": -0.25553326, "t_187": -0.24740107, "t_188": -0.23835955, "t_189": -0.23546178, "t_190": -0.23080864, "t_191": -0.22218438, "t_192": -0.20910554, "t_193": -0.1881276, "t_194": -0.16160733, "t_195": -0.13318496, "t_196": -0.10160869, "t_197": -0.067928882, "t_198": -0.032867806, "t_199": 0.0027544083, "t_200": 0.036716228, "t_201": 0.068019116, "t_202": 0.08448493, "t_203": 0.095238643, "t_204": 0.096893282, "t_205": 0.083290712, "t_206": 0.072303911, "t_207": 0.052393571, "t_208": 0.023130925, "t_209": 0.0026853451, "t_210": -0.018013466, "t_211": -0.039955415, "t_212": -0.055696065, "t_213": -0.066904445, "t_214": -0.077980452, "t_215": -0.10427338, "t_216": -0.11904139, "t_217": -0.12958216, "t_218": -0.15045651, "t_219": -0.16045628, "t_220": -0.17343153, "t_221": -0.18753193, "t_222": -0.18905132, "t_223": -0.18066014, "t_224": -0.17347181, "t_225": -0.16439, "t_226": -0.15030112, "t_227": -0.13888555, "t_228": -0.12791026, "t_229": -0.11726589, "t_230": -0.10855242, "t_231": -0.095200206, "t_232": -0.080883984, "t_233": -0.067983557, "t_234": -0.066133239, "t_235": -0.089511126, "t_236": -0.096639022, "t_237": -0.098302294, "t_238": -0.10376116, "t_239": -0.11649469, "t_240": -0.12154206, "t_241": -0.12568297, "t_242": -0.14034738, "t_243": -0.17576816, "t_244": -0.19091602, "t_245": -0.20764658, "t_246": -0.21191411, "t_247": -0.21235151, "t_248": -0.21060191, "t_249": -0.19913166, "t_250": -0.18354928, "t_251": -0.16466338, "t_252": -0.14392716, "t_253": -0.1176256, "t_254": -0.085286762, "t_255": -0.05232348, "t_256": -0.022027764, "t_257": 0.014100914, "t_258": 0.053740303, "t_259": 0.096073156, "t_260": 0.14111962, "t_261": 0.20085352, "t_262": 0.25815869, "t_263": 0.31912997, "t_264": 0.38402922, "t_265": 0.43974594, "t_266": 0.49243252, "t_267": 0.52715691, "t_268": 0.56503519, "t_269": 0.61543405, "t_270": 0.6742989, "t_271": 0.73871183, "t_272": 0.80399092, "t_273": 0.86856788, "t_274": 0.92570615, "t_275": 1.002044, "t_276": 1.0598038, "t_277": 1.1026518, "t_278": 1.1592433, "t_279": 1.2416357, "t_280": 1.2980258, "t_281": 1.3430722, "t_282": 1.3598143, "t_283": 1.3432823, "t_284": 1.3230669, "t_285": 1.2776579, "t_286": 1.2402026, "t_287": 1.1990438, "t_288": 1.082963, "t_289": 1.085832, "t_290": 1.0687533, "t_291": 1.0393381, "t_292": 1.0305642, "t_293": 1.0051921, "t_294": 0.98925291, "t_295": 0.99811027, "t_296": 0.99418517, "t_297": 0.98999534, "t_298": 1.0032526, "t_299": 1.0205731, "t_300": 1.0417237, "t_301": 1.0635908, "t_302": 1.0842234, "t_303": 1.1172443, "t_304": 1.1547945, "t_305": 1.198028, "t_306": 1.2431263, "t_307": 1.295574, "t_308": 1.3556561, "t_309": 1.4274358, "t_310": 1.5002485, "t_311": 1.5905803, "t_312": 1.6832516, "t_313": 1.7930217, "t_314": 1.9067458, "t_315": 2.0305473, "t_316": 2.1533675, "t_317": 2.2704958, "t_318": 2.4234391, "t_319": 2.5699509, "t_320": 2.6772089, "t_321": 2.7999888, "t_322": 2.9237961, "t_323": 3.0210774, "t_324": 3.1203442, "t_325": 3.2190527, "t_326": 3.219847, "t_327": 3.1360014, "t_328": 3.2305345, "t_329": 3.3527475, "t_330": 3.3294905, "t_331": 3.2670603, "t_332": 3.180386, "t_333": 3.0279491, "t_334": 3.0011584, "t_335": 2.9373239, "t_336": 2.6241511, "t_337": 2.6103644, "t_338": 2.5981661, "t_339": 2.4839672, "t_340": 2.3419043, "t_341": 2.1717786, "t_342": 2.005086, "t_343": 1.9064206, "t_344": 1.7659605, "t_345": 1.5995067, "t_346": 1.4590984, "t_347": 1.3633826, "t_348": 1.199087, "t_349": 1.0981109, "t_350": 0.97687046, "t_351": 0.85841559, "t_352": 0.72481574, "t_353": 0.56263812, "t_354": 0.50325529, "t_355": 0.3965498, "t_356": 0.28421278, "t_357": 0.19331987, "t_358": 0.090818599, "t_359": -0.033264919, "t_360": -0.08368392, "t_361": -0.21112276, "t_362": -0.26816031, "t_363": -0.32567556, "t_364": -0.4036076, "t_365": -0.45515176, "t_366": -0.51052029, "t_367": -0.554879, "t_368": -0.6045383, "t_369": -0.65100344, "t_370": -0.70172459, "t_371": -0.7358159,