{"t_000": -0.22752094, "t_001": -0.2342901, "t_002": -0.2370512, "t_003": -0.23970887, "t_004": -0.24181202, "t_005": -0.24392954, "t_006": -0.24503571, "t_007": -0.24466507, "t_008": -0.24239815, "t_009": -0.23978932, "t_010": -0.23878372, "t_011": -0.23441652, "t_012": -0.22597231, "t_013": -0.21786425, "t_014": -0.20786279, "t_015": -0.19785271, "t_016": -0.18717318, "t_017": -0.17587306, "t_018": -0.16612443, "t_019": -0.15877202, "t_020": -0.15657693, "t_021": -0.15869445, "t_022": -0.16361042, "t_023": -0.16592331, "t_024": -0.1674231, "t_025": -0.16771616, "t_026": -0.16363915, "t_027": -0.15857377, "t_028": -0.15219249, "t_029": -0.14249558, "t_030": -0.13037373, "t_031": -0.11544768, "t_032": -0.098062199, "t_033": -0.08086635, "t_034": -0.064213529, "t_035": -0.04838243, "t_036": -0.035142919, "t_037": -0.026144189, "t_038": -0.023839917, "t_039": -0.026506207, "t_040": -0.036671439, "t_041": -0.05235026, "t_042": -0.071442393, "t_043": -0.092129129, "t_044": -0.11064663, "t_045": -0.13039384, "t_046": -0.14891709, "t_047": -0.16357019, "t_048": -0.17917144, "t_049": -0.19233625, "t_050": -0.20061956, "t_051": -0.20729103, "t_052": -0.21207197, "t_053": -0.21687302, "t_054": -0.21866874, "t_055": -0.21606566, "t_056": -0.20873623, "t_057": -0.20092412, "t_058": -0.19338495, "t_059": -0.18446092, "t_060": -0.17849338, "t_061": -0.17362912, "t_062": -0.17067551, "t_063": -0.17697922, "t_064": -0.18872756, "t_065": -0.20512755, "t_066": -0.22577693, "t_067": -0.24260502, "t_068": -0.25548251, "t_069": -0.26552994, "t_070": -0.27102055, "t_071": -0.27309784, "t_072": -0.27234794, "t_073": -0.26977072, "t_074": -0.2643778, "t_075": -0.25634446, "t_076": -0.24841741, "t_077": -0.24140116, "t_078": -0.23597089, "t_079": -0.23186228, "t_080": -0.22926207, "t_081": -0.22670783, "t_082": -0.22592059, "t_083": -0.22453285, "t_084": -0.22486327, "t_085": -0.22686011, "t_086": -0.22733706, "t_087": -0.23242829, "t_088": -0.2418465, "t_089": -0.25277025, "t_090": -0.26455594, "t_091": -0.27442236, "t_092": -0.28211955, "t_093": -0.29009831, "t_094": -0.29506313, "t_095": -0.2962009, "t_096": -0.29886432, "t_097": -0.30079508, "t_098": -0.30022907, "t_099": -0.29994175, "t_100": -0.29953664, "t_101": -0.29863159, "t_102": -0.29495395, "t_103": -0.28990868, "t_104": -0.28391815, "t_105": -0.27755698, "t_106": -0.27298866, "t_107": -0.26791753, "t_108": -0.26065132, "t_109": -0.25322133, "t_110": -0.24473115, "t_111": -0.23410334, "t_112": -0.22507301, "t_113": -0.21603405, "t_114": -0.20670204, "t_115": -0.19803947, "t_116": -0.19003198, "t_117": -0.18074018, "t_118": -0.17259478, "t_119": -0.16737426, "t_120": -0.16054189, "t_121": -0.15493636, "t_122": -0.15341358, "t_123": -0.15371239, "t_124": -0.15509438, "t_125": -0.15774343, "t_126": -0.16167966, "t_127": -0.16753803, "t_128": -0.17377278, "t_129": -0.17899905, "t_130": -0.18457585, "t_131": -0.18933667, "t_132": -0.1924914, "t_133": -0.1954996, "t_134": -0.19824633, "t_135": -0.20096147, "t_136": -0.20292383, "t_137": -0.20460463, "t_138": -0.20796048, "t_139": -0.21060666, "t_140": -0.21203749, "t_141": -0.21204324, "t_142": -0.21175592, "t_143": -0.21250007, "t_144": -0.21200301, "t_145": -0.2102274, "t_146": -0.20844892, "t_147": -0.20650666, "t_148": -0.20362776, "t_149": -0.20127177, "t_150": -0.19704248, "t_151": -0.18982224, "t_152": -0.18293528, "t_153": -0.17510305, "t_154": -0.16539178, "t_155": -0.15684988, "t_156": -0.14877056, "t_157": -0.14303574, "t_158": -0.13976034, "t_159": -0.13763995, "t_160": -0.14124863, "t_161": -0.15008072, "t_162": -0.16112801, "t_163": -0.17443648, "t_164": -0.18844887, "t_165": -0.20240954, "t_166": -0.21698507, "t_167": -0.22912703, "t_168": -0.23837285, "t_169": -0.24617922, "t_170": -0.251009, "t_171": -0.25275014, "t_172": -0.25404018, "t_173": -0.25528713, "t_174": -0.25955952, "t_175": -0.26252749, "t_176": -0.26451284, "t_177": -0.26727682, "t_178": -0.26868754, "t_179": -0.27096883, "t_180": -0.27095446, "t_181": -0.27025916, "t_182": -0.27114984, "t_183": -0.27032811, "t_184": -0.26599539, "t_185": -0.26112252, "t_186": -0.25577844, "t_187": -0.24571377, "t_188": -0.23680698, "t_189": -0.23594791, "t_190": -0.23207777, "t_191": -0.22356747, "t_192": -0.2095637, "t_193": -0.18737718, "t_194": -0.16085506, "t_195": -0.13283028, "t_196": -0.10127152, "t_197": -0.067419973, "t_198": -0.034257987, "t_199": -0.0019320895, "t_200": 0.032499832, "t_201": 0.06612727, "t_202": 0.085515338, "t_203": 0.095321425, "t_204": 0.093904958, "t_205": 0.076611422, "t_206": 0.063598891, "t_207": 0.043196598, "t_208": 0.01202571, "t_209": -0.0082674022, "t_210": -0.02738252, "t_211": -0.046718871, "t_212": -0.060423834, "t_213": -0.070379325, "t_214": -0.079834887, "t_215": -0.10685693, "t_216": -0.12023148, "t_217": -0.13164654, "t_218": -0.15430713, "t_219": -0.16325702, "t_220": -0.17716885, "t_221": -0.19306603, "t_222": -0.19414634, "t_223": -0.18367368, "t_224": -0.17748777, "t_225": -0.17000032, "t_226": -0.15520931, "t_227": -0.14244387, "t_228": -0.12966406, "t_229": -0.1181743, "t_230": -0.10964677, "t_231": -0.097002004, "t_232": -0.08086635, "t_233": -0.064265245, "t_234": -0.059831963, "t_235": -0.085236423, "t_236": -0.096835361, "t_237": -0.097863951, "t_238": -0.10374818, "t_239": -0.11751922, "t_240": -0.12096127, "t_241": -0.12764998, "t_242": -0.14423384, "t_243": -0.18163661, "t_244": -0.19766308, "t_245": -0.21435613, "t_246": -0.21945598, "t_247": -0.21917729, "t_248": -0.21624092, "t_249": -0.20477128, "t_250": -0.18845174, "t_251": -0.17062954, "t_252": -0.15457434, "t_253": -0.12891991, "t_254": -0.096464723, "t_255": -0.063825652, "t_256": -0.031137737, "t_257": 0.0052249463, "t_258": 0.046443266, "t_259": 0.093206781, "t_260": 0.14051332, "t_261": 0.193842, "t_262": 0.25086844, "t_263": 0.31003824, "t_264": 0.37117617, "t_265": 0.42336995, "t_266": 0.47571314, "t_267": 0.51793993, "t_268": 0.56110626, "t_269": 0.60826627, "t_270": 0.65980209, "t_271": 0.72559741, "t_272": 0.79721373, "t_273": 0.86023932, "t_274": 0.91336401, "t_275": 0.9888591, "t_276": 1.0510457, "t_277": 1.0916521, "t_278": 1.13768, "t_279": 1.2328821, "t_280": 1.2888713, "t_281": 1.3233291, "t_282": 1.3382092, "t_283": 1.3302908, "t_284": 1.3187493, "t_285": 1.2759479, "t_286": 1.237347, "t_287": 1.1830127, "t_288": 1.077565, "t_289": 1.0904223, "t_290": 1.0714538, "t_291": 1.0400329, "t_292": 1.0270721, "t_293": 1.0048281, "t_294": 0.99518579, "t_295": 1.0074628, "t_296": 1.0078909, "t_297": 0.99862209, "t_298": 1.0113933, "t_299": 1.0312152, "t_300": 1.0481323, "t_301": 1.0673911, "t_302": 1.0926979, "t_303": 1.127828, "t_304": 1.1634063, "t_305": 1.2063054, "t_306": 1.2528994, "t_307": 1.3029929, "t_308": 1.3636165, "t_309": 1.4321126, "t_310": 1.5014965, "t_311": 1.5883233, "t_312": 1.677713, "t_313": 1.7878412, "t_314": 1.8977969, "t_315": 2.0238107, "t_316": 2.1381279, "t_317": 2.2518418, "t_318": 2.4119571, "t_319": 2.5552041, "t_320": 2.6654242, "t_321": 2.7994943, "t_322": 2.9308867, "t_323": 3.0218451, "t_324": 3.1098614, "t_325": 3.2125969, "t_326": 3.2465261, "t_327": 3.1857875, "t_328": 3.2523816, "t_329": 3.3153382, "t_330": 3.2930626, "t_331": 3.26286, "t_332": 3.163262, "t_333": 3.01068, "t_334": 2.9967337, "t_335": 2.9544351, "t_336": 2.6332448, "t_337": 2.5884724, "t_338": 2.6116099, "t_339": 2.4990224, "t_340": 2.3416796, "t_341": 2.1783435, "t_342": 2.0141598, "t_343": 1.9094361, "t_344": 1.7560468, "t_345": 1.5936559, "t_346": 1.4686965, "t_347": 1.3714718, "t_348": 1.1999845, "t_349": 1.1044836, "t_350": 0.98527914, "t_351": 0.87120904, "t_352": 0.73834561, "t_353": 0.56458278, "t_354": 0.50572327, "t_355": 0.39612667, "t_356": 0.2822347, "t_357": 0.19709442, "t_358": 0.099476011, "t_359": -0.030054557, "t_360": -0.081280085, "t_361": -0.20802656, "t_362": -0.26460478, "t_363": -0.32471412, "t_364": -0.40750415, "t_365": -0.45831307, "t_366": -0.51250657, "t_367": -0.55795131, "t_368": -0.60761097, "t_369": -0.65188345, "t_370": -0.70413183,