{"t_000": -0.14810422, "t_001": -0.15181804, "t_002": -0.15446719, "t_003": -0.15660906, "t_004": -0.15652764, "t_005": -0.15550368, "t_006": -0.15387223, "t_007": -0.15455174, "t_008": -0.15342444, "t_009": -0.14974819, "t_010": -0.14477555, "t_011": -0.1377362, "t_012": -0.12927833, "t_013": -0.11956477, "t_014": -0.11155782, "t_015": -0.10352268, "t_016": -0.093831044, "t_017": -0.085542266, "t_018": -0.079533138, "t_019": -0.076937219, "t_020": -0.07800189, "t_021": -0.08310918, "t_022": -0.092506468, "t_023": -0.10179103, "t_024": -0.10892432, "t_025": -0.11226864, "t_026": -0.11226864, "t_027": -0.11143256, "t_028": -0.10775005, "t_029": -0.099849567, "t_030": -0.091350986, "t_031": -0.082395224, "t_032": -0.070893645, "t_033": -0.056495534, "t_034": -0.040353242, "t_035": -0.022488688, "t_036": -0.0051877831, "t_037": 0.0044913294, "t_038": 0.0073753355, "t_039": 0.0065987519, "t_040": 0.00035163782, "t_041": -0.014500524, "t_042": -0.034748062, "t_043": -0.055593695, "t_044": -0.076317205, "t_045": -0.094814299, "t_046": -0.11247531, "t_047": -0.12790991, "t_048": -0.14077364, "t_049": -0.15343384, "t_050": -0.16327265, "t_051": -0.17011159, "t_052": -0.17503413, "t_053": -0.17687539, "t_054": -0.17657477, "t_055": -0.17544434, "t_056": -0.17264489, "t_057": -0.16859287, "t_058": -0.16454712, "t_059": -0.16057339, "t_060": -0.15886992, "t_061": -0.15922064, "t_062": -0.16086461, "t_063": -0.16678606, "t_064": -0.17800582, "t_065": -0.19270141, "t_066": -0.20850864, "t_067": -0.22202997, "t_068": -0.23205979, "t_069": -0.23865449, "t_070": -0.24208336, "t_071": -0.24201447, "t_072": -0.23889561, "t_073": -0.2348843, "t_074": -0.22903488, "t_075": -0.22166673, "t_076": -0.21355331, "t_077": -0.20546807, "t_078": -0.19933995, "t_079": -0.19610836, "t_080": -0.19242585, "t_081": -0.18970154, "t_082": -0.18975478, "t_083": -0.19077874, "t_084": -0.19222231, "t_085": -0.19373477, "t_086": -0.19428589, "t_087": -0.19639331, "t_088": -0.20403076, "t_089": -0.2136723, "t_090": -0.22501731, "t_091": -0.2374677, "t_092": -0.2489912, "t_093": -0.25702007, "t_094": -0.26190816, "t_095": -0.26487671, "t_096": -0.26786092, "t_097": -0.26915105, "t_098": -0.26847468, "t_099": -0.26747263, "t_100": -0.26708747, "t_101": -0.26833063, "t_102": -0.26788911, "t_103": -0.26614179, "t_104": -0.26298536, "t_105": -0.25942497, "t_106": -0.25422374, "t_107": -0.24930746, "t_108": -0.24547465, "t_109": -0.23947178, "t_110": -0.23249506, "t_111": -0.2256248, "t_112": -0.22001022, "t_113": -0.21470566, "t_114": -0.20829571, "t_115": -0.20037957, "t_116": -0.1935281, "t_117": -0.18791352, "t_118": -0.18104952, "t_119": -0.17505918, "t_120": -0.17120445, "t_121": -0.16829539, "t_122": -0.16713991, "t_123": -0.16886217, "t_124": -0.17180567, "t_125": -0.17594223, "t_126": -0.18093993, "t_127": -0.18502325, "t_128": -0.18877778, "t_129": -0.19275777, "t_130": -0.19771163, "t_131": -0.20337004, "t_132": -0.20684588, "t_133": -0.20873097, "t_134": -0.2100712, "t_135": -0.21097618, "t_136": -0.21174336, "t_137": -0.21455848, "t_138": -0.22038599, "t_139": -0.22315413, "t_140": -0.2233201, "t_141": -0.22482316, "t_142": -0.2253054, "t_143": -0.22441295, "t_144": -0.22276897, "t_145": -0.22059892, "t_146": -0.21838816, "t_147": -0.2181126, "t_148": -0.2173642, "t_149": -0.21459919, "t_150": -0.21122982, "t_151": -0.20594404, "t_152": -0.19965935, "t_153": -0.1930396, "t_154": -0.18344503, "t_155": -0.17425755, "t_156": -0.16850519, "t_157": -0.16262132, "t_158": -0.1592269, "t_159": -0.15995338, "t_160": -0.16441247, "t_161": -0.17216891, "t_162": -0.18174469, "t_163": -0.19355628, "t_164": -0.20612566, "t_165": -0.21928687, "t_166": -0.23275496, "t_167": -0.24218043, "t_168": -0.24918534, "t_169": -0.25585832, "t_170": -0.25968175, "t_171": -0.26086541, "t_172": -0.26099066, "t_173": -0.26199271, "t_174": -0.26692464, "t_175": -0.26872519, "t_176": -0.26974289, "t_177": -0.27302458, "t_178": -0.27431471, "t_179": -0.27602131, "t_180": -0.27681356, "t_181": -0.27590545, "t_182": -0.2763595, "t_183": -0.27542009, "t_184": -0.27030654, "t_185": -0.26490803, "t_186": -0.26345193, "t_187": -0.25754301, "t_188": -0.24785763, "t_189": -0.24509888, "t_190": -0.24260317, "t_191": -0.23674435, "t_192": -0.22914761, "t_193": -0.21300844, "t_194": -0.19233191, "t_195": -0.17156769, "t_196": -0.14529536, "t_197": -0.11568498, "t_198": -0.086052682, "t_199": -0.054992469, "t_200": -0.024207819, "t_201": 0.0044694097, "t_202": 0.018588827, "t_203": 0.025005036, "t_204": 0.02487978, "t_205": 0.0086999115, "t_206": -0.001896697, "t_207": -0.018527485, "t_208": -0.04538851, "t_209": -0.061825153, "t_210": -0.075725373, "t_211": -0.089707009, "t_212": -0.098236903, "t_213": -0.10324399, "t_214": -0.10866129, "t_215": -0.13102564, "t_216": -0.14280278, "t_217": -0.15048407, "t_218": -0.16803549, "t_219": -0.17469907, "t_220": -0.18634157, "t_221": -0.19970006, "t_222": -0.20114049, "t_223": -0.19398215, "t_224": -0.18835818, "t_225": -0.18101821, "t_226": -0.16832044, "t_227": -0.15740756, "t_228": -0.14736208, "t_229": -0.13757963, "t_230": -0.13162374, "t_231": -0.11992175, "t_232": -0.103983, "t_233": -0.090151666, "t_234": -0.087978484, "t_235": -0.11000465, "t_236": -0.11402848, "t_237": -0.11087204, "t_238": -0.1156568, "t_239": -0.1321686, "t_240": -0.13824348, "t_241": -0.1429938, "t_242": -0.15680947, "t_243": -0.1927202, "t_244": -0.20992716, "t_245": -0.22838981, "t_246": -0.23296476, "t_247": -0.23248253, "t_248": -0.23163079, "t_249": -0.22109994, "t_250": -0.20703063, "t_251": -0.19293626, "t_252": -0.17803087, "t_253": -0.15547863, "t_254": -0.12716151, "t_255": -0.10125243, "t_256": -0.077406927, "t_257": -0.046819553, "t_258": -0.012336736, "t_259": 0.026041524, "t_260": 0.066370638, "t_261": 0.1104261, "t_262": 0.15948239, "t_263": 0.21186733, "t_264": 0.26699538, "t_265": 0.31368746, "t_266": 0.35930236, "t_267": 0.39916489, "t_268": 0.4328085, "t_269": 0.4696837, "t_270": 0.51848634, "t_271": 0.57185141, "t_272": 0.62864535, "t_273": 0.68685154, "t_274": 0.73383172, "t_275": 0.79592396, "t_276": 0.85796923, "t_277": 0.91063601, "t_278": 0.9455259, "t_279": 1.0128601, "t_280": 1.0594175, "t_281": 1.1015127, "t_282": 1.1237644, "t_283": 1.118513, "t_284": 1.1120812, "t_285": 1.0834478, "t_286": 1.0566087, "t_287": 1.0258428, "t_288": 0.93551173, "t_289": 0.94633067, "t_290": 0.93740622, "t_291": 0.92026502, "t_292": 0.92193405, "t_293": 0.91046691, "t_294": 0.90554751, "t_295": 0.92491513, "t_296": 0.93753774, "t_297": 0.94039356, "t_298": 0.9584961, "t_299": 0.98404508, "t_300": 1.0098414, "t_301": 1.0419757, "t_302": 1.0727604, "t_303": 1.1101742, "t_304": 1.1519875, "t_305": 1.1997474, "t_306": 1.2573555, "t_307": 1.3226011, "t_308": 1.3831715, "t_309": 1.4525442, "t_310": 1.5339226, "t_311": 1.6248299, "t_312": 1.7175627, "t_313": 1.8380146, "t_314": 1.9548685, "t_315": 2.0795258, "t_316": 2.2001061, "t_317": 2.3093069, "t_318": 2.469853, "t_319": 2.6177045, "t_320": 2.7191051, "t_321": 2.8494052, "t_322": 2.9818972, "t_323": 3.0918934, "t_324": 3.1748031, "t_325": 3.2656884, "t_326": 3.2975878, "t_327": 3.2452311, "t_328": 3.2833901, "t_329": 3.367568, "t_330": 3.3658333, "t_331": 3.3181767, "t_332": 3.2244387, "t_333": 3.074032, "t_334": 3.0474465, "t_335": 3.002151, "t_336": 2.7214975, "t_337": 2.6464632, "t_338": 2.6262188, "t_339": 2.5196014, "t_340": 2.3875101, "t_341": 2.2314294, "t_342": 2.0711369, "t_343": 1.9704566, "t_344": 1.8284764, "t_345": 1.6686849, "t_346": 1.5421989, "t_347": 1.4484984, "t_348": 1.2815862, "t_349": 1.1821177, "t_350": 1.0613277, "t_351": 0.9416148, "t_352": 0.80948599, "t_353": 0.63646755, "t_354": 0.56991935, "t_355": 0.46079682, "t_356": 0.34957314, "t_357": 0.2652418, "t_358": 0.16701337, "t_359": 0.03468728, "t_360": -0.015295896, "t_361": -0.14101789, "t_362": -0.20221143, "t_363": -0.26426609, "t_364": -0.34823106, "t_365": -0.40186543, "t_366": -0.46050689, "t_367": -0.50750586, "t_368": -0.559681, "t_369": -0.60857759,