{"t_000": -0.23894199, "t_001": -0.24764803, "t_002": -0.25159383, "t_003": -0.2543106, "t_004": -0.25800354, "t_005": -0.260047, "t_006": -0.26140833, "t_007": -0.26298136, "t_008": -0.26249916, "t_009": -0.26176998, "t_010": -0.2605439, "t_011": -0.25713617, "t_012": -0.25291105, "t_013": -0.24519293, "t_014": -0.23692205, "t_015": -0.23034768, "t_016": -0.21986574, "t_017": -0.20731388, "t_018": -0.19643795, "t_019": -0.18929611, "t_020": -0.18374789, "t_021": -0.18082235, "t_022": -0.18213076, "t_023": -0.18220426, "t_024": -0.18031075, "t_025": -0.17759692, "t_026": -0.17333357, "t_027": -0.16583891, "t_028": -0.15627433, "t_029": -0.14531607, "t_030": -0.13080012, "t_031": -0.11461707, "t_032": -0.10046277, "t_033": -0.085499914, "t_034": -0.068093719, "t_035": -0.052348757, "t_036": -0.039085353, "t_037": -0.031661258, "t_038": -0.031964103, "t_039": -0.036568512, "t_040": -0.048932203, "t_041": -0.065218168, "t_042": -0.083553478, "t_043": -0.10315309, "t_044": -0.12082979, "t_045": -0.13944148, "t_046": -0.15603911, "t_047": -0.17110782, "t_048": -0.18497691, "t_049": -0.19632034, "t_050": -0.20606722, "t_051": -0.21456744, "t_052": -0.22158872, "t_053": -0.22683998, "t_054": -0.22930096, "t_055": -0.22791023, "t_056": -0.22352046, "t_057": -0.21895133, "t_058": -0.21296501, "t_059": -0.207308, "t_060": -0.20394731, "t_061": -0.2008924, "t_062": -0.20080126, "t_063": -0.20731682, "t_064": -0.21917479, "t_065": -0.2317443, "t_066": -0.24513707, "t_067": -0.25762425, "t_068": -0.26590689, "t_069": -0.27046132, "t_070": -0.272002, "t_071": -0.27081709, "t_072": -0.26784451, "t_073": -0.2627579, "t_074": -0.25404304, "t_075": -0.24482246, "t_076": -0.2372543, "t_077": -0.22887757, "t_078": -0.22142113, "t_079": -0.2157847, "t_080": -0.21231816, "t_081": -0.21054814, "t_082": -0.20951611, "t_083": -0.20902803, "t_084": -0.20945437, "t_085": -0.20971311, "t_086": -0.2110862, "t_087": -0.21718425, "t_088": -0.22541397, "t_089": -0.23679856, "t_090": -0.24907698, "t_091": -0.25884151, "t_092": -0.26880009, "t_093": -0.27916148, "t_094": -0.28628567, "t_095": -0.29144284, "t_096": -0.29514166, "t_097": -0.29431545, "t_098": -0.29283651, "t_099": -0.2932158, "t_100": -0.29186035, "t_101": -0.28928765, "t_102": -0.28711775, "t_103": -0.28430101, "t_104": -0.27992888, "t_105": -0.27329865, "t_106": -0.26872952, "t_107": -0.26530709, "t_108": -0.25833285, "t_109": -0.24882706, "t_110": -0.23885967, "t_111": -0.22913043, "t_112": -0.22040675, "t_113": -0.21266511, "t_114": -0.2033769, "t_115": -0.19325073, "t_116": -0.18468288, "t_117": -0.1763679, "t_118": -0.16721494, "t_119": -0.15887938, "t_120": -0.1526402, "t_121": -0.14804755, "t_122": -0.14628047, "t_123": -0.14611875, "t_124": -0.14669798, "t_125": -0.14947062, "t_126": -0.15405445, "t_127": -0.16018484, "t_128": -0.16740606, "t_129": -0.17390104, "t_130": -0.17969624, "t_131": -0.18430359, "t_132": -0.18837288, "t_133": -0.19257448, "t_134": -0.19502957, "t_135": -0.19715242, "t_136": -0.20051017, "t_137": -0.20403257, "t_138": -0.20629362, "t_139": -0.20838706, "t_140": -0.20954258, "t_141": -0.20999831, "t_142": -0.20959844, "t_143": -0.20741091, "t_144": -0.20532334, "t_145": -0.20370327, "t_146": -0.20180682, "t_147": -0.20117467, "t_148": -0.20018969, "t_149": -0.19682018, "t_150": -0.19191292, "t_151": -0.18613536, "t_152": -0.17880829, "t_153": -0.16968768, "t_154": -0.1614462, "t_155": -0.15422792, "t_156": -0.1474448, "t_157": -0.14174368, "t_158": -0.13970022, "t_159": -0.14307561, "t_160": -0.14852387, "t_161": -0.1564772, "t_162": -0.16837634, "t_163": -0.18132219, "t_164": -0.19436508, "t_165": -0.20885456, "t_166": -0.22310882, "t_167": -0.23522553, "t_168": -0.24505474, "t_169": -0.25174672, "t_170": -0.25503684, "t_171": -0.25674512, "t_172": -0.25727436, "t_173": -0.25865627, "t_174": -0.26444854, "t_175": -0.26660961, "t_176": -0.26829437, "t_177": -0.27211079, "t_178": -0.27456883, "t_179": -0.27585077, "t_180": -0.27533035, "t_181": -0.27504515, "t_182": -0.27498634, "t_183": -0.27351328, "t_184": -0.26811795, "t_185": -0.2632548, "t_186": -0.26142009, "t_187": -0.25128804, "t_188": -0.23962413, "t_189": -0.23751892, "t_190": -0.23132678, "t_191": -0.22080368, "t_192": -0.20666409, "t_193": -0.18345681, "t_194": -0.15677123, "t_195": -0.1287596, "t_196": -0.09492925, "t_197": -0.059302414, "t_198": -0.022373054, "t_199": 0.017570048, "t_200": 0.054184802, "t_201": 0.087159546, "t_202": 0.10512733, "t_203": 0.11450668, "t_204": 0.11377456, "t_205": 0.094051458, "t_206": 0.077427365, "t_207": 0.05415834, "t_208": 0.022727221, "t_209": 0.0010841463, "t_210": -0.020714761, "t_211": -0.042143199, "t_212": -0.057694105, "t_213": -0.069490331, "t_214": -0.07996051, "t_215": -0.10475258, "t_216": -0.11950374, "t_217": -0.13108239, "t_218": -0.15109069, "t_219": -0.16007899, "t_220": -0.17345412, "t_221": -0.18730557, "t_222": -0.18801711, "t_223": -0.17850251, "t_224": -0.16880855, "t_225": -0.15833249, "t_226": -0.14339903, "t_227": -0.13155283, "t_228": -0.12105618, "t_229": -0.10901004, "t_230": -0.099092623, "t_231": -0.086155586, "t_232": -0.072445267, "t_233": -0.059581736, "t_234": -0.057044313, "t_235": -0.079184288, "t_236": -0.08657604, "t_237": -0.088828261, "t_238": -0.094114804, "t_239": -0.10571403, "t_240": -0.11195615, "t_241": -0.1185658, "t_242": -0.13563387, "t_243": -0.17944044, "t_244": -0.20188032, "t_245": -0.22097421, "t_246": -0.22593733, "t_247": -0.22733394, "t_248": -0.22494059, "t_249": -0.21361186, "t_250": -0.19847553, "t_251": -0.17962568, "t_252": -0.1581502, "t_253": -0.12961815, "t_254": -0.097992975, "t_255": -0.066253131, "t_256": -0.03267858, "t_257": 0.0033657692, "t_258": 0.04354997, "t_259": 0.087915186, "t_260": 0.13510009, "t_261": 0.19553663, "t_262": 0.25464125, "t_263": 0.31748879, "t_264": 0.38378816, "t_265": 0.43802375, "t_266": 0.49051284, "t_267": 0.53020602, "t_268": 0.5714193, "t_269": 0.62566665, "t_270": 0.68410971, "t_271": 0.74676319, "t_272": 0.81313607, "t_273": 0.88178764, "t_274": 0.94058059, "t_275": 1.0219957, "t_276": 1.0835407, "t_277": 1.1271444, "t_278": 1.1804597, "t_279": 1.2632362, "t_280": 1.3160399, "t_281": 1.3541894, "t_282": 1.3697256, "t_283": 1.3547216, "t_284": 1.3434723, "t_285": 1.2965285, "t_286": 1.2448626, "t_287": 1.1999447, "t_288": 1.0917557, "t_289": 1.0909531, "t_290": 1.0672489, "t_291": 1.031672, "t_292": 1.0222956, "t_293": 0.99367243, "t_294": 0.97615744, "t_295": 0.98595725, "t_296": 0.97971807, "t_297": 0.96927141, "t_298": 0.98130873, "t_299": 0.99273449, "t_300": 1.008503, "t_301": 1.0334773, "t_302": 1.0583723, "t_303": 1.0905532, "t_304": 1.125148, "t_305": 1.1680813, "t_306": 1.2128846, "t_307": 1.2679553, "t_308": 1.3249517, "t_309": 1.3905895, "t_310": 1.4619843, "t_311": 1.55272, "t_312": 1.6505358, "t_313": 1.7591716, "t_314": 1.8784246, "t_315": 2.0083566, "t_316": 2.1289592, "t_317": 2.2442664, "t_318": 2.4024158, "t_319": 2.5477252, "t_320": 2.6482224, "t_321": 2.8066217, "t_322": 2.9364126, "t_323": 3.0192625, "t_324": 3.1294096, "t_325": 3.2378955, "t_326": 3.2667892, "t_327": 3.1835217, "t_328": 3.2373339, "t_329": 3.3281696, "t_330": 3.3266583, "t_331": 3.3078672, "t_332": 3.2157585, "t_333": 3.0661358, "t_334": 3.0130792, "t_335": 2.9637068, "t_336": 2.6859868, "t_337": 2.5960421, "t_338": 2.5877124, "t_339": 2.4768861, "t_340": 2.3323029, "t_341": 2.1650182, "t_342": 2.0043226, "t_343": 1.9067891, "t_344": 1.7546231, "t_345": 1.5798613, "t_346": 1.4520375, "t_347": 1.3606403, "t_348": 1.193579, "t_349": 1.0944578, "t_350": 0.9738523, "t_351": 0.85616642, "t_352": 0.7288307, "t_353": 0.56437156, "t_354": 0.49761056, "t_355": 0.38486723, "t_356": 0.27107717, "t_357": 0.18377275, "t_358": 0.084037015, "t_359": -0.045171641, "t_360": -0.096073001, "t_361": -0.219804, "t_362": -0.27782955, "t_363": -0.33567869, "t_364": -0.41363609, "t_365": -0.4653666, "t_366": -0.51940813, "t_367": -0.562462, "t_368": -0.61010852, "t_369": -0.65452372, "t_370": -0.70531041,