{"sample_dict": {"t_000": -0.19695834, "t_001": -0.20191178, "t_002": -0.20454479, "t_003": -0.20731908, "t_004": -0.20863559, "t_005": -0.21107924, "t_006": -0.21295181, "t_007": -0.21349284, "t_008": -0.21379642, "t_009": -0.21327343, "t_010": -0.21041798, "t_011": -0.20662476, "t_012": -0.20028868, "t_013": -0.19231449, "t_014": -0.18457775, "t_015": -0.17510971, "t_016": -0.16531705, "t_017": -0.15724367, "t_018": -0.14919734, "t_019": -0.14267491, "t_020": -0.14278612, "t_021": -0.14670559, "t_022": -0.15116007, "t_023": -0.15598427, "t_024": -0.15929057, "t_025": -0.15842191, "t_026": -0.15677177, "t_027": -0.15410268, "t_028": -0.14788383, "t_029": -0.14014709, "t_030": -0.13047767, "t_031": -0.11917914, "t_032": -0.104412, "t_033": -0.088235178, "t_034": -0.073107354, "t_035": -0.057585779, "t_036": -0.04469121, "t_037": -0.035454611, "t_038": -0.032809571, "t_039": -0.036506615, "t_040": -0.045027851, "t_041": -0.060952194, "t_042": -0.078887367, "t_043": -0.099720062, "t_044": -0.11975323, "t_045": -0.13761627, "t_046": -0.15716251, "t_047": -0.17349563, "t_048": -0.18716869, "t_049": -0.1996665, "t_050": -0.20756254, "t_051": -0.21447872, "t_052": -0.22063746, "t_053": -0.2238626, "t_054": -0.22625516, "t_055": -0.22545864, "t_056": -0.22226355, "t_057": -0.2165677, "t_058": -0.20823282, "t_059": -0.19963945, "t_060": -0.19338152, "t_061": -0.19120838, "t_062": -0.19219126, "t_063": -0.19825982, "t_064": -0.20953129, "t_065": -0.22338469, "t_066": -0.23954649, "t_067": -0.25610203, "t_068": -0.27055056, "t_069": -0.27984126, "t_070": -0.28408836, "t_071": -0.28579861, "t_072": -0.28636068, "t_073": -0.28505019, "t_074": -0.27988635, "t_075": -0.27255839, "t_076": -0.26541678, "t_077": -0.25820303, "t_078": -0.2512057, "t_079": -0.24801362, "t_080": -0.24602984, "t_081": -0.24295498, "t_082": -0.24042416, "t_083": -0.23881609, "t_084": -0.23957654, "t_085": -0.23924591, "t_086": -0.23869586, "t_087": -0.24218251, "t_088": -0.24896343, "t_089": -0.25842846, "t_090": -0.26898157, "t_091": -0.27713911, "t_092": -0.28500811, "t_093": -0.29187319, "t_094": -0.29448216, "t_095": -0.29501117, "t_096": -0.29479476, "t_097": -0.29485186, "t_098": -0.29485186, "t_099": -0.29426274, "t_100": -0.29294022, "t_101": -0.29089332, "t_102": -0.28705801, "t_103": -0.28213163, "t_104": -0.27691368, "t_105": -0.272883, "t_106": -0.26972699, "t_107": -0.26548892, "t_108": -0.26056854, "t_109": -0.25478252, "t_110": -0.24796853, "t_111": -0.24049329, "t_112": -0.23346891, "t_113": -0.22595459, "t_114": -0.21806155, "t_115": -0.21082676, "t_116": -0.2030269, "t_117": -0.19463792, "t_118": -0.18716869, "t_119": -0.18100694, "t_120": -0.17625188, "t_121": -0.17356176, "t_122": -0.17243161, "t_123": -0.17161405, "t_124": -0.17287044, "t_125": -0.17520589, "t_126": -0.17740608, "t_127": -0.18085065, "t_128": -0.18488433, "t_129": -0.19022852, "t_130": -0.19602957, "t_131": -0.20081769, "t_132": -0.2040218, "t_133": -0.2061228, "t_134": -0.20783005, "t_135": -0.20926379, "t_136": -0.21155114, "t_137": -0.21372729, "t_138": -0.21682018, "t_139": -0.21917667, "t_140": -0.21972973, "t_141": -0.22004833, "t_142": -0.22046312, "t_143": -0.21981389, "t_144": -0.21728006, "t_145": -0.21511894, "t_146": -0.21339065, "t_147": -0.21250696, "t_148": -0.21140687, "t_149": -0.20777595, "t_150": -0.20320123, "t_151": -0.19776988, "t_152": -0.19071544, "t_153": -0.18195976, "t_154": -0.1733213, "t_155": -0.16472793, "t_156": -0.15633293, "t_157": -0.15170712, "t_158": -0.14858417, "t_159": -0.14778164, "t_160": -0.1536909, "t_161": -0.16231733, "t_162": -0.1732672, "t_163": -0.18662765, "t_164": -0.19920963, "t_165": -0.21122652, "t_166": -0.22306608, "t_167": -0.23416623, "t_168": -0.24394687, "t_169": -0.25059854, "t_170": -0.25433166, "t_171": -0.25630041, "t_172": -0.25725924, "t_173": -0.25883424, "t_174": -0.26256434, "t_175": -0.26525447, "t_176": -0.26657999, "t_177": -0.26892446, "t_178": -0.271308, "t_179": -0.27406426, "t_180": -0.27549799, "t_181": -0.27654097, "t_182": -0.27688964, "t_183": -0.27517938, "t_184": -0.27115471, "t_185": -0.26695872, "t_186": -0.26288896, "t_187": -0.25498991, "t_188": -0.24612302, "t_189": -0.24442177, "t_190": -0.24314134, "t_191": -0.23553384, "t_192": -0.22248898, "t_193": -0.20583124, "t_194": -0.18408481, "t_195": -0.15807024, "t_196": -0.12675357, "t_197": -0.093997157, "t_198": -0.060699712, "t_199": -0.0242703, "t_200": 0.0090602074, "t_201": 0.038744768, "t_202": 0.057572643, "t_203": 0.067722983, "t_204": 0.065366493, "t_205": 0.04929487, "t_206": 0.035931408, "t_207": 0.01498149, "t_208": -0.01310703, "t_209": -0.030335857, "t_210": -0.048878188, "t_211": -0.067534736, "t_212": -0.079052682, "t_213": -0.088319339, "t_214": -0.097345537, "t_215": -0.11640485, "t_216": -0.12740581, "t_217": -0.13701813, "t_218": -0.15392835, "t_219": -0.1629275, "t_220": -0.17516381, "t_221": -0.18907131, "t_222": -0.19255495, "t_223": -0.18479416, "t_224": -0.17796515, "t_225": -0.1698587, "t_226": -0.15701223, "t_227": -0.14732477, "t_228": -0.13792886, "t_229": -0.12789875, "t_230": -0.11904989, "t_231": -0.10732756, "t_232": -0.095400832, "t_233": -0.084652352, "t_234": -0.083284746, "t_235": -0.10216973, "t_236": -0.10837956, "t_237": -0.11073605, "t_238": -0.11706311, "t_239": -0.12874036, "t_240": -0.13378998, "t_241": -0.13819337, "t_242": -0.14885468, "t_243": -0.17635408, "t_244": -0.19140676, "t_245": -0.20565691, "t_246": -0.21033984, "t_247": -0.21205009, "t_248": -0.21009637, "t_249": -0.19921865, "t_250": -0.18382031, "t_251": -0.1673369, "t_252": -0.14832567, "t_253": -0.12399131, "t_254": -0.096579077, "t_255": -0.066389554, "t_256": -0.034534858, "t_257": -0.0041710032, "t_258": 0.02883188, "t_259": 0.066403469, "t_260": 0.10677639, "t_261": 0.16965019, "t_262": 0.22544551, "t_263": 0.27753175, "t_264": 0.334343, "t_265": 0.38903821, "t_266": 0.44126873, "t_267": 0.47631551, "t_268": 0.51516754, "t_269": 0.55736194, "t_270": 0.6129228, "t_271": 0.67240314, "t_272": 0.73052187, "t_273": 0.78801242, "t_274": 0.8387551, "t_275": 0.91064308, "t_276": 0.96563886, "t_277": 1.0089514, "t_278": 1.0521136, "t_279": 1.1303136, "t_280": 1.1826193, "t_281": 1.2283605, "t_282": 1.2506389, "t_283": 1.2435364, "t_284": 1.2331907, "t_285": 1.1972572, "t_286": 1.162517, "t_287": 1.1175573, "t_288": 1.0211877, "t_289": 1.0247134, "t_290": 1.0052784, "t_291": 0.98133477, "t_292": 0.97491754, "t_293": 0.96032774, "t_294": 0.95850627, "t_295": 0.96800738, "t_296": 0.96781501, "t_297": 0.97013543, "t_298": 0.98407599, "t_299": 1.0060148, "t_300": 1.0272713, "t_301": 1.0553268, "t_302": 1.0860693, "t_303": 1.1204759, "t_304": 1.1594842, "t_305": 1.2085076, "t_306": 1.2577805, "t_307": 1.3122383, "t_308": 1.374039, "t_309": 1.4441897, "t_310": 1.5165526, "t_311": 1.6092913, "t_312": 1.7050928, "t_313": 1.8132178, "t_314": 1.9336663, "t_315": 2.0627894, "t_316": 2.1813443, "t_317": 2.2930281, "t_318": 2.4497677, "t_319": 2.6012143, "t_320": 2.6982752, "t_321": 2.8264214, "t_322": 2.9741408, "t_323": 3.0856924, "t_324": 3.1843674, "t_325": 3.2727538, "t_326": 3.2703372, "t_327": 3.1987588, "t_328": 3.3043831, "t_329": 3.3810983, "t_330": 3.3322792, "t_331": 3.2734632, "t_332": 3.1672017, "t_333": 3.0391337, "t_334": 3.0492089, "t_335": 2.9938524, "t_336": 2.7024141, "t_337": 2.6332854, "t_338": 2.6272108, "t_339": 2.524977, "t_340": 2.3736958, "t_341": 2.2157809, "t_342": 2.063135, "t_343": 1.9562664, "t_344": 1.8049401, "t_345": 1.6417141, "t_346": 1.515188, "t_347": 1.4254941, "t_348": 1.2613964, "t_349": 1.1550898, "t_350": 1.0363787, "t_351": 0.91895992, "t_352": 0.78125554, "t_353": 0.61737128, "t_354": 0.55275416, "t_355": 0.44362222, "t_356": 0.33165588, "t_357": 0.24172152, "t_358": 0.14198849, "t_359": 0.013809256, "t_360": -0.043993881, "t_361": -0.16768256, "t_362": -0.22432849, "t_363": -0.28573549, "t_364": -0.36783693, "t_365": -0.42147713, "t_366": -0.4792412, "t_367": -0.52710139, "t_368": -0.57828291, "t_369": -0.62447793,