{"sample_dict": {"t_000": -0.19082503, "t_001": -0.19570978, "t_002": -0.20107348, "t_003": -0.20442914, "t_004": -0.20577081, "t_005": -0.20880816, "t_006": -0.21176816, "t_007": -0.2108281, "t_008": -0.20962327, "t_009": -0.2091116, "t_010": -0.20663352, "t_011": -0.20316184, "t_012": -0.19673314, "t_013": -0.1879632, "t_014": -0.17971684, "t_015": -0.17189887, "t_016": -0.1627898, "t_017": -0.15349629, "t_018": -0.14583895, "t_019": -0.14069837, "t_020": -0.13985945, "t_021": -0.1417604, "t_022": -0.14670762, "t_023": -0.15216652, "t_024": -0.15637299, "t_025": -0.15761054, "t_026": -0.15707209, "t_027": -0.15445717, "t_028": -0.14838545, "t_029": -0.14021644, "t_030": -0.12962885, "t_031": -0.11837192, "t_032": -0.10562458, "t_033": -0.089655443, "t_034": -0.071083291, "t_035": -0.055792428, "t_036": -0.042816018, "t_037": -0.034673782, "t_038": -0.032826384, "t_039": -0.035402627, "t_040": -0.043289023, "t_041": -0.057372087, "t_042": -0.076943797, "t_043": -0.095664693, "t_044": -0.11758656, "t_045": -0.14122492, "t_046": -0.15955313, "t_047": -0.17546872, "t_048": -0.1909708, "t_049": -0.20346528, "t_050": -0.21144985, "t_051": -0.21889596, "t_052": -0.22507478, "t_053": -0.22678831, "t_054": -0.22765102, "t_055": -0.22591072, "t_056": -0.2227871, "t_057": -0.21773279, "t_058": -0.20997728, "t_059": -0.20330761, "t_060": -0.19722102, "t_061": -0.19353514, "t_062": -0.19370174, "t_063": -0.20009177, "t_064": -0.21077158, "t_065": -0.22508966, "t_066": -0.24335837, "t_067": -0.25969639, "t_068": -0.27194395, "t_069": -0.2827844, "t_070": -0.28937078, "t_071": -0.29144427, "t_072": -0.2911557, "t_073": -0.28720804, "t_074": -0.28167477, "t_075": -0.27571312, "t_076": -0.26872216, "t_077": -0.26100236, "t_078": -0.25420774, "t_079": -0.24965321, "t_080": -0.2469312, "t_081": -0.24436685, "t_082": -0.24185606, "t_083": -0.24061553, "t_084": -0.2401455, "t_085": -0.23978554, "t_086": -0.23988074, "t_087": -0.24306386, "t_088": -0.2499269, "t_089": -0.25949112, "t_090": -0.26990616, "t_091": -0.27802758, "t_092": -0.28508101, "t_093": -0.29151269, "t_094": -0.29507362, "t_095": -0.29573701, "t_096": -0.29549605, "t_097": -0.29514501, "t_098": -0.29459764, "t_099": -0.29420198, "t_100": -0.29298823, "t_101": -0.29009665, "t_102": -0.28602404, "t_103": -0.28171642, "t_104": -0.27752185, "t_105": -0.27301788, "t_106": -0.26899585, "t_107": -0.2642658, "t_108": -0.25807211, "t_109": -0.25177132, "t_110": -0.24618748, "t_111": -0.24084757, "t_112": -0.23382389, "t_113": -0.22657114, "t_114": -0.21996692, "t_115": -0.21231554, "t_116": -0.20480397, "t_117": -0.1968789, "t_118": -0.1898344, "t_119": -0.18491098, "t_120": -0.18011845, "t_121": -0.17745594, "t_122": -0.17588223, "t_123": -0.17562936, "t_124": -0.17836625, "t_125": -0.18108231, "t_126": -0.18262032, "t_127": -0.1854881, "t_128": -0.19019138, "t_129": -0.19450793, "t_130": -0.19705145, "t_131": -0.20089796, "t_132": -0.20539597, "t_133": -0.20743674, "t_134": -0.20880816, "t_135": -0.20951023, "t_136": -0.21139333, "t_137": -0.2143801, "t_138": -0.21685817, "t_139": -0.2204191, "t_140": -0.22177862, "t_141": -0.22100812, "t_142": -0.22099623, "t_143": -0.21929757, "t_144": -0.21775956, "t_145": -0.21698014, "t_146": -0.21395469, "t_147": -0.21168486, "t_148": -0.20982557, "t_149": -0.2060802, "t_150": -0.20099911, "t_151": -0.19494226, "t_152": -0.18822796, "t_153": -0.1808592, "t_154": -0.17258012, "t_155": -0.16293854, "t_156": -0.15533476, "t_157": -0.15031317, "t_158": -0.14711815, "t_159": -0.14808796, "t_160": -0.15407341, "t_161": -0.16144515, "t_162": -0.17145859, "t_163": -0.18411371, "t_164": -0.19596859, "t_165": -0.20960542, "t_166": -0.222918, "t_167": -0.23360375, "t_168": -0.24214462, "t_169": -0.24857333, "t_170": -0.2528274, "t_171": -0.25591235, "t_172": -0.25657277, "t_173": -0.25737599, "t_174": -0.261755, "t_175": -0.26334954, "t_176": -0.26569671, "t_177": -0.26967412, "t_178": -0.27273527, "t_179": -0.27531449, "t_180": -0.27527284, "t_181": -0.27463324, "t_182": -0.27466299, "t_183": -0.27366938, "t_184": -0.26997756, "t_185": -0.26590198, "t_186": -0.26211496, "t_187": -0.25452308, "t_188": -0.24536046, "t_189": -0.24297759, "t_190": -0.24024665, "t_191": -0.23292548, "t_192": -0.22461665, "t_193": -0.20727015, "t_194": -0.18254893, "t_195": -0.15672998, "t_196": -0.12673132, "t_197": -0.093020028, "t_198": -0.058678058, "t_199": -0.02308069, "t_200": 0.010874547, "t_201": 0.040391268, "t_202": 0.055801127, "t_203": 0.064675182, "t_204": 0.064151604, "t_205": 0.048643575, "t_206": 0.036160994, "t_207": 0.016024058, "t_208": -0.012525829, "t_209": -0.031570986, "t_210": -0.048753871, "t_211": -0.066725098, "t_212": -0.07892804, "t_213": -0.086240285, "t_214": -0.092068068, "t_215": -0.11264826, "t_216": -0.12566929, "t_217": -0.13383533, "t_218": -0.15290429, "t_219": -0.16329255, "t_220": -0.17499274, "t_221": -0.18816847, "t_222": -0.19028955, "t_223": -0.18182603, "t_224": -0.17503439, "t_225": -0.16716287, "t_226": -0.15567687, "t_227": -0.14738589, "t_228": -0.13745575, "t_229": -0.12653498, "t_230": -0.12002298, "t_231": -0.10987865, "t_232": -0.097378222, "t_233": -0.084886717, "t_234": -0.082545489, "t_235": -0.10554426, "t_236": -0.11276428, "t_237": -0.1135437, "t_238": -0.12043054, "t_239": -0.1339811, "t_240": -0.13597129, "t_241": -0.13809833, "t_242": -0.14953673, "t_243": -0.17884818, "t_244": -0.19079528, "t_245": -0.2047177, "t_246": -0.20866834, "t_247": -0.20887063, "t_248": -0.20693994, "t_249": -0.19615303, "t_250": -0.18059741, "t_251": -0.16382208, "t_252": -0.14628519, "t_253": -0.12083215, "t_254": -0.091476067, "t_255": -0.063702623, "t_256": -0.034304897, "t_257": -0.0017567773, "t_258": 0.033367586, "t_259": 0.072561579, "t_260": 0.11225535, "t_261": 0.16719536, "t_262": 0.22317956, "t_263": 0.28018116, "t_264": 0.34095193, "t_265": 0.39090605, "t_266": 0.44137185, "t_267": 0.47940267, "t_268": 0.51190914, "t_269": 0.55721055, "t_270": 0.61083865, "t_271": 0.66675739, "t_272": 0.7247645, "t_273": 0.78814721, "t_274": 0.84165036, "t_275": 0.91059609, "t_276": 0.97005494, "t_277": 1.0095434, "t_278": 1.0454562, "t_279": 1.1265721, "t_280": 1.1781713, "t_281": 1.2243533, "t_282": 1.2473312, "t_283": 1.2366604, "t_284": 1.2223601, "t_285": 1.1824076, "t_286": 1.1518169, "t_287": 1.1114776, "t_288": 1.0088771, "t_289": 1.0164154, "t_290": 1.0051615, "t_291": 0.9829897, "t_292": 0.97484152, "t_293": 0.95638836, "t_294": 0.95185465, "t_295": 0.96757092, "t_296": 0.97128059, "t_297": 0.97213438, "t_298": 0.99071843, "t_299": 1.0120899, "t_300": 1.0290557, "t_301": 1.0564126, "t_302": 1.0868397, "t_303": 1.1248675, "t_304": 1.1661826, "t_305": 1.2110259, "t_306": 1.259079, "t_307": 1.3171694, "t_308": 1.3815904, "t_309": 1.4514643, "t_310": 1.5285731, "t_311": 1.6206187, "t_312": 1.7118195, "t_313": 1.8237046, "t_314": 1.9384842, "t_315": 2.0642203, "t_316": 2.1838074, "t_317": 2.295389, "t_318": 2.4495947, "t_319": 2.5946884, "t_320": 2.7050206, "t_321": 2.8576466, "t_322": 2.9711232, "t_323": 3.0593164, "t_324": 3.1863912, "t_325": 3.2589485, "t_326": 3.2495954, "t_327": 3.2242525, "t_328": 3.2899258, "t_329": 3.3597343, "t_330": 3.34367, "t_331": 3.2934778, "t_332": 3.1955271, "t_333": 3.0846564, "t_334": 3.0534648, "t_335": 2.972923, "t_336": 2.6506398, "t_337": 2.6241962, "t_338": 2.6363842, "t_339": 2.5158303, "t_340": 2.3743482, "t_341": 2.2191192, "t_342": 2.0555575, "t_343": 1.9502588, "t_344": 1.7981772, "t_345": 1.6386316, "t_346": 1.5188482, "t_347": 1.4230364, "t_348": 1.2530817, "t_349": 1.1570081, "t_350": 1.0410087, "t_351": 0.92116285, "t_352": 0.7764143, "t_353": 0.61010683, "t_354": 0.55017795, "t_355": 0.44243388, "t_356": 0.33162272, "t_357": 0.24538701, "t_358": 0.1453449, "t_359": 0.016773726, "t_360": -0.0366372, "t_361": -0.16562188, "t_362": -0.22436081, "t_363": -0.28532495, "t_364": -0.36662831, "t_365": -0.41989645, "t_366": -0.47653511, "t_367": -0.5236512, "t_368": -0.57677951, "t_369": -0.62520752,