{"t_000": -0.22154254, "t_001": -0.22648082, "t_002": -0.23235005, "t_003": -0.23846276, "t_004": -0.24126417, "t_005": -0.24255317, "t_006": -0.24442365, "t_007": -0.24548635, "t_008": -0.24440073, "t_009": -0.24310314, "t_010": -0.24037047, "t_011": -0.23695893, "t_012": -0.23082904, "t_013": -0.22212975, "t_014": -0.21232765, "t_015": -0.20306979, "t_016": -0.19323619, "t_017": -0.18199901, "t_018": -0.17279844, "t_019": -0.16484677, "t_020": -0.16055584, "t_021": -0.16034674, "t_022": -0.16054725, "t_023": -0.16019206, "t_024": -0.15824138, "t_025": -0.1533432, "t_026": -0.14857105, "t_027": -0.14160474, "t_028": -0.13238699, "t_029": -0.12180863, "t_030": -0.11016756, "t_031": -0.096910956, "t_032": -0.080199841, "t_033": -0.063225197, "t_034": -0.046121654, "t_035": -0.031661985, "t_036": -0.018554329, "t_037": -0.0091818962, "t_038": -0.0070507564, "t_039": -0.010972168, "t_040": -0.021301322, "t_041": -0.0351079, "t_042": -0.052486429, "t_043": -0.072428628, "t_044": -0.091878144, "t_045": -0.11074331, "t_046": -0.1299694, "t_047": -0.14856532, "t_048": -0.16482099, "t_049": -0.17761356, "t_050": -0.18884501, "t_051": -0.19863278, "t_052": -0.2055905, "t_053": -0.2098671, "t_054": -0.21226463, "t_055": -0.21202975, "t_056": -0.20851795, "t_057": -0.20268882, "t_058": -0.19594881, "t_059": -0.19096755, "t_060": -0.18570845, "t_061": -0.18110817, "t_062": -0.18163522, "t_063": -0.18930045, "t_064": -0.20255133, "t_065": -0.21620896, "t_066": -0.23124151, "t_067": -0.2476891, "t_068": -0.26089701, "t_069": -0.26924971, "t_070": -0.27365234, "t_071": -0.27554287, "t_072": -0.27396457, "t_073": -0.27030095, "t_074": -0.26572072, "t_075": -0.25794951, "t_076": -0.251241, "t_077": -0.24550067, "t_078": -0.2401585, "t_079": -0.23719668, "t_080": -0.23419188, "t_081": -0.23146494, "t_082": -0.23082617, "t_083": -0.23083476, "t_084": -0.22936531, "t_085": -0.22842577, "t_086": -0.23002413, "t_087": -0.23416897, "t_088": -0.24137875, "t_089": -0.25327762, "t_090": -0.26539131, "t_091": -0.27442861, "t_092": -0.28213967, "t_093": -0.28809769, "t_094": -0.292148, "t_095": -0.29448825, "t_096": -0.2947575, "t_097": -0.29426482, "t_098": -0.29419894, "t_099": -0.29358022, "t_100": -0.29215946, "t_101": -0.28875938, "t_102": -0.28431377, "t_103": -0.27872239, "t_104": -0.27214279, "t_105": -0.26527673, "t_106": -0.25861406, "t_107": -0.25270473, "t_108": -0.24436636, "t_109": -0.23666103, "t_110": -0.22853749, "t_111": -0.21860076, "t_112": -0.20912235, "t_113": -0.19950357, "t_114": -0.19092745, "t_115": -0.18213364, "t_116": -0.17372652, "t_117": -0.16639643, "t_118": -0.15935565, "t_119": -0.15319711, "t_120": -0.1477776, "t_121": -0.14393066, "t_122": -0.14268463, "t_123": -0.14255287, "t_124": -0.14580687, "t_125": -0.14969963, "t_126": -0.15374708, "t_127": -0.15968219, "t_128": -0.16568032, "t_129": -0.1723831, "t_130": -0.17855882, "t_131": -0.18494078, "t_132": -0.1906897, "t_133": -0.19418718, "t_134": -0.19546472, "t_135": -0.19735811, "t_136": -0.2007897, "t_137": -0.20399787, "t_138": -0.2070399, "t_139": -0.20931999, "t_140": -0.21002464, "t_141": -0.21083814, "t_142": -0.21074648, "t_143": -0.20842629, "t_144": -0.20615479, "t_145": -0.20534129, "t_146": -0.20482283, "t_147": -0.20192115, "t_148": -0.19718338, "t_149": -0.19440201, "t_150": -0.19107067, "t_151": -0.18469444, "t_152": -0.17756773, "t_153": -0.16991968, "t_154": -0.16335726, "t_155": -0.15751095, "t_156": -0.15032408, "t_157": -0.14381036, "t_158": -0.142043, "t_159": -0.14338928, "t_160": -0.14778619, "t_161": -0.15464938, "t_162": -0.16489546, "t_163": -0.17910879, "t_164": -0.19061236, "t_165": -0.20244821, "t_166": -0.21561888, "t_167": -0.2274891, "t_168": -0.23781539, "t_169": -0.24523142, "t_170": -0.25018403, "t_171": -0.25212611, "t_172": -0.25283649, "t_173": -0.2553486, "t_174": -0.25917262, "t_175": -0.25974265, "t_176": -0.26095144, "t_177": -0.26465802, "t_178": -0.26645402, "t_179": -0.26825575, "t_180": -0.26857084, "t_181": -0.26866823, "t_182": -0.26953901, "t_183": -0.26786046, "t_184": -0.26312841, "t_185": -0.25844506, "t_186": -0.25508794, "t_187": -0.24528584, "t_188": -0.23521449, "t_189": -0.23524886, "t_190": -0.23269378, "t_191": -0.22328125, "t_192": -0.20893616, "t_193": -0.18611807, "t_194": -0.15939002, "t_195": -0.13357573, "t_196": -0.1019896, "t_197": -0.066384669, "t_198": -0.032200498, "t_199": 0.002960445, "t_200": 0.037310753, "t_201": 0.069017188, "t_202": 0.089162761, "t_203": 0.10078378, "t_204": 0.10070357, "t_205": 0.086624871, "t_206": 0.075708509, "t_207": 0.055322322, "t_208": 0.02570979, "t_209": 0.0048051414, "t_210": -0.016145338, "t_211": -0.038041082, "t_212": -0.054425652, "t_213": -0.065551119, "t_214": -0.075854492, "t_215": -0.10452463, "t_216": -0.12045661, "t_217": -0.13056807, "t_218": -0.15190811, "t_219": -0.16298775, "t_220": -0.17821795, "t_221": -0.19203026, "t_222": -0.19210187, "t_223": -0.18249742, "t_224": -0.1746546, "t_225": -0.16378979, "t_226": -0.14755131, "t_227": -0.13713336, "t_228": -0.12741719, "t_229": -0.11600528, "t_230": -0.10721433, "t_231": -0.094438949, "t_232": -0.078544197, "t_233": -0.064136088, "t_234": -0.061644029, "t_235": -0.086146408, "t_236": -0.09448478, "t_237": -0.093969181, "t_238": -0.098208546, "t_239": -0.11083784, "t_240": -0.11560999, "t_241": -0.12106101, "t_242": -0.1374198, "t_243": -0.17654226, "t_244": -0.19318749, "t_245": -0.20881299, "t_246": -0.21408068, "t_247": -0.2155931, "t_248": -0.21267711, "t_249": -0.20093579, "t_250": -0.18426764, "t_251": -0.16676021, "t_252": -0.14865698, "t_253": -0.11950562, "t_254": -0.088257497, "t_255": -0.057871568, "t_256": -0.0253946, "t_257": 0.010396519, "t_258": 0.050023117, "t_259": 0.093969284, "t_260": 0.14093456, "t_261": 0.19753294, "t_262": 0.25781498, "t_263": 0.32044586, "t_264": 0.38434568, "t_265": 0.43663022, "t_266": 0.49422256, "t_267": 0.53823174, "t_268": 0.57226696, "t_269": 0.61826979, "t_270": 0.67124466, "t_271": 0.73151811, "t_272": 0.80115539, "t_273": 0.86865581, "t_274": 0.92687546, "t_275": 1.006143, "t_276": 1.0687509, "t_277": 1.1156389, "t_278": 1.167193, "t_279": 1.2440916, "t_280": 1.2933542, "t_281": 1.340984, "t_282": 1.3566038, "t_283": 1.338512, "t_284": 1.3225915, "t_285": 1.2720915, "t_286": 1.2312475, "t_287": 1.1875391, "t_288": 1.0725291, "t_289": 1.0800569, "t_290": 1.0563365, "t_291": 1.0221323, "t_292": 1.0142178, "t_293": 0.98996465, "t_294": 0.9759948, "t_295": 0.98349389, "t_296": 0.9750123, "t_297": 0.96619843, "t_298": 0.98395506, "t_299": 1.0025424, "t_300": 1.0210667, "t_301": 1.0458269, "t_302": 1.0738038, "t_303": 1.113734, "t_304": 1.1521919, "t_305": 1.1940757, "t_306": 1.2416139, "t_307": 1.2927326, "t_308": 1.3476324, "t_309": 1.4174501, "t_310": 1.4931715, "t_311": 1.5856526, "t_312": 1.6809065, "t_313": 1.7872888, "t_314": 1.9020811, "t_315": 2.0367525, "t_316": 2.1556151, "t_317": 2.2727476, "t_318": 2.4276849, "t_319": 2.5561118, "t_320": 2.6524571, "t_321": 2.7849602, "t_322": 2.9205912, "t_323": 3.0296918, "t_324": 3.1291393, "t_325": 3.2283576, "t_326": 3.2350403, "t_327": 3.158007, "t_328": 3.2513332, "t_329": 3.3336313, "t_330": 3.3078972, "t_331": 3.2733951, "t_332": 3.1823204, "t_333": 3.037526, "t_334": 2.9965044, "t_335": 2.9429051, "t_336": 2.6202551, "t_337": 2.5678875, "t_338": 2.5863316, "t_339": 2.4760079, "t_340": 2.3237517, "t_341": 2.1527822, "t_342": 1.9831961, "t_343": 1.8830268, "t_344": 1.7401889, "t_345": 1.571001, "t_346": 1.4422676, "t_347": 1.3524188, "t_348": 1.1832367, "t_349": 1.0787736, "t_350": 0.96023181, "t_351": 0.84765377, "t_352": 0.71267012, "t_353": 0.5480854, "t_354": 0.48651723, "t_355": 0.37818142, "t_356": 0.26696685, "t_357": 0.17932373, "t_358": 0.079231764, "t_359": -0.046651574, "t_360": -0.095051938, "t_361": -0.21989262, "t_362": -0.27590952, "t_363": -0.3345932, "t_364": -0.41386645, "t_365": -0.46450967, "t_366": -0.51982478, "t_367": -0.56340143, "t_368": -0.61121459, "t_369": -0.65800227, "t_370": -0.70950482,