{"sample_dict": {"t_000": -0.22546766, "t_001": -0.23284537, "t_002": -0.23797073, "t_003": -0.2403972, "t_004": -0.24204293, "t_005": -0.24369989, "t_006": -0.24396388, "t_007": -0.24295847, "t_008": -0.24298375, "t_009": -0.24261865, "t_010": -0.24007985, "t_011": -0.23281729, "t_012": -0.22470939, "t_013": -0.21814613, "t_014": -0.20980794, "t_015": -0.19914158, "t_016": -0.18672558, "t_017": -0.17575311, "t_018": -0.16609497, "t_019": -0.15808256, "t_020": -0.1560942, "t_021": -0.15781014, "t_022": -0.1589981, "t_023": -0.15995297, "t_024": -0.1592958, "t_025": -0.15574315, "t_026": -0.15227757, "t_027": -0.14635462, "t_028": -0.13845455, "t_029": -0.12858859, "t_030": -0.11638603, "t_031": -0.10227936, "t_032": -0.085156456, "t_033": -0.067264046, "t_034": -0.050135525, "t_035": -0.033537794, "t_036": -0.021762111, "t_037": -0.013783405, "t_038": -0.0099021756, "t_039": -0.014510784, "t_040": -0.023789786, "t_041": -0.036613008, "t_042": -0.053929693, "t_043": -0.073807652, "t_044": -0.093362644, "t_045": -0.11333328, "t_046": -0.13272819, "t_047": -0.15080034, "t_048": -0.16614833, "t_049": -0.17917937, "t_050": -0.19097191, "t_051": -0.19813617, "t_052": -0.20531167, "t_053": -0.21009721, "t_054": -0.20981637, "t_055": -0.20949902, "t_056": -0.20726352, "t_057": -0.20063285, "t_058": -0.19258113, "t_059": -0.18570051, "t_060": -0.18069311, "t_061": -0.17845199, "t_062": -0.17830315, "t_063": -0.18257475, "t_064": -0.19312877, "t_065": -0.20977986, "t_066": -0.22992462, "t_067": -0.24811472, "t_068": -0.26323242, "t_069": -0.2746065, "t_070": -0.28074288, "t_071": -0.28267507, "t_072": -0.28074569, "t_073": -0.277179, "t_074": -0.27268273, "t_075": -0.26608296, "t_076": -0.25890465, "t_077": -0.25249304, "t_078": -0.24729466, "t_079": -0.24414643, "t_080": -0.24205697, "t_081": -0.24031014, "t_082": -0.23855768, "t_083": -0.23708608, "t_084": -0.23823191, "t_085": -0.23881325, "t_086": -0.2394985, "t_087": -0.24302868, "t_088": -0.25117308, "t_089": -0.26157826, "t_090": -0.27183459, "t_091": -0.28066425, "t_092": -0.2893928, "t_093": -0.29593641, "t_094": -0.29692497, "t_095": -0.29778153, "t_096": -0.29960139, "t_097": -0.29989908, "t_098": -0.29906217, "t_099": -0.29957049, "t_100": -0.29919698, "t_101": -0.29596168, "t_102": -0.29157494, "t_103": -0.28678659, "t_104": -0.28032162, "t_105": -0.27326407, "t_106": -0.26560834, "t_107": -0.25884848, "t_108": -0.25235543, "t_109": -0.24349769, "t_110": -0.23359241, "t_111": -0.22527388, "t_112": -0.21768836, "t_113": -0.20844025, "t_114": -0.19880177, "t_115": -0.19034001, "t_116": -0.18141206, "t_117": -0.17228752, "t_118": -0.16504743, "t_119": -0.15897002, "t_120": -0.15361437, "t_121": -0.14984267, "t_122": -0.14751731, "t_123": -0.14758752, "t_124": -0.15010385, "t_125": -0.15310886, "t_126": -0.1562599, "t_127": -0.16182337, "t_128": -0.168308, "t_129": -0.17415793, "t_130": -0.18023253, "t_131": -0.18593642, "t_132": -0.19179758, "t_133": -0.1957097, "t_134": -0.19861641, "t_135": -0.19992232, "t_136": -0.20137147, "t_137": -0.20567957, "t_138": -0.20870143, "t_139": -0.2100944, "t_140": -0.21074595, "t_141": -0.21134695, "t_142": -0.21169239, "t_143": -0.21070102, "t_144": -0.20948498, "t_145": -0.20743483, "t_146": -0.20490164, "t_147": -0.20255943, "t_148": -0.19949544, "t_149": -0.19570689, "t_150": -0.19147742, "t_151": -0.18527363, "t_152": -0.17692702, "t_153": -0.16950719, "t_154": -0.16178686, "t_155": -0.15315379, "t_156": -0.14459655, "t_157": -0.13885054, "t_158": -0.13623309, "t_159": -0.13634262, "t_160": -0.14186677, "t_161": -0.14988199, "t_162": -0.16087132, "t_163": -0.176385, "t_164": -0.19109548, "t_165": -0.20371368, "t_166": -0.21645546, "t_167": -0.22920847, "t_168": -0.23973722, "t_169": -0.24657852, "t_170": -0.251013, "t_171": -0.25335522, "t_172": -0.25446455, "t_173": -0.25675621, "t_174": -0.26058408, "t_175": -0.26230002, "t_176": -0.2640272, "t_177": -0.26641716, "t_178": -0.26850943, "t_179": -0.26971143, "t_180": -0.26924804, "t_181": -0.27055115, "t_182": -0.27224462, "t_183": -0.27069157, "t_184": -0.26586109, "t_185": -0.2602555, "t_186": -0.25544468, "t_187": -0.24740981, "t_188": -0.23918396, "t_189": -0.23815608, "t_190": -0.23481126, "t_191": -0.22553787, "t_192": -0.21108016, "t_193": -0.18930652, "t_194": -0.16250862, "t_195": -0.13541304, "t_196": -0.10341958, "t_197": -0.067244387, "t_198": -0.031965082, "t_199": 0.0036624674, "t_200": 0.039422012, "t_201": 0.071159907, "t_202": 0.089282607, "t_203": 0.10022138, "t_204": 0.09760394, "t_205": 0.079565492, "t_206": 0.068466637, "t_207": 0.048170224, "t_208": 0.016339651, "t_209": -0.0047571599, "t_210": -0.025780952, "t_211": -0.04702661, "t_212": -0.062661054, "t_213": -0.073894713, "t_214": -0.082749645, "t_215": -0.10760131, "t_216": -0.12296895, "t_217": -0.13190533, "t_218": -0.15111769, "t_219": -0.16304222, "t_220": -0.17733424, "t_221": -0.19202506, "t_222": -0.19254743, "t_223": -0.1811565, "t_224": -0.1742141, "t_225": -0.16685043, "t_226": -0.1522214, "t_227": -0.13995424, "t_228": -0.1277573, "t_229": -0.11708251, "t_230": -0.10908977, "t_231": -0.096362031, "t_232": -0.082890066, "t_233": -0.069434951, "t_234": -0.065455427, "t_235": -0.08782445, "t_236": -0.096140166, "t_237": -0.098120099, "t_238": -0.10421717, "t_239": -0.11744199, "t_240": -0.1230167, "t_241": -0.12812801, "t_242": -0.14358833, "t_243": -0.17944898, "t_244": -0.19471552, "t_245": -0.21123462, "t_246": -0.21551745, "t_247": -0.21557362, "t_248": -0.21373692, "t_249": -0.20338229, "t_250": -0.18733782, "t_251": -0.16890338, "t_252": -0.15001118, "t_253": -0.12244659, "t_254": -0.089748214, "t_255": -0.056895379, "t_256": -0.026233107, "t_257": 0.0090602405, "t_258": 0.050211941, "t_259": 0.094753399, "t_260": 0.14397929, "t_261": 0.19803566, "t_262": 0.25607717, "t_263": 0.31961474, "t_264": 0.38426164, "t_265": 0.43715251, "t_266": 0.49037197, "t_267": 0.53528976, "t_268": 0.57099875, "t_269": 0.61510771, "t_270": 0.67132375, "t_271": 0.73606332, "t_272": 0.80375174, "t_273": 0.86963995, "t_274": 0.92885257, "t_275": 1.0042276, "t_276": 1.0649231, "t_277": 1.1166485, "t_278": 1.1767064, "t_279": 1.2549264, "t_280": 1.29712, "t_281": 1.3352049, "t_282": 1.349511, "t_283": 1.3360867, "t_284": 1.3267094, "t_285": 1.2783177, "t_286": 1.2409517, "t_287": 1.2093907, "t_288": 1.0825571, "t_289": 1.0812849, "t_290": 1.0572392, "t_291": 1.0272875, "t_292": 1.0225104, "t_293": 0.99492333, "t_294": 0.97587105, "t_295": 0.98400983, "t_296": 0.98320944, "t_297": 0.97487125, "t_298": 0.98856508, "t_299": 1.0065923, "t_300": 1.0234765, "t_301": 1.0489095, "t_302": 1.0753142, "t_303": 1.1058922, "t_304": 1.1404133, "t_305": 1.1839999, "t_306": 1.2324057, "t_307": 1.2892873, "t_308": 1.3448602, "t_309": 1.4122931, "t_310": 1.4893195, "t_311": 1.5787338, "t_312": 1.669586, "t_313": 1.7785019, "t_314": 1.8959161, "t_315": 2.0229407, "t_316": 2.1452556, "t_317": 2.2597912, "t_318": 2.3999536, "t_319": 2.5566603, "t_320": 2.6592376, "t_321": 2.7689568, "t_322": 2.9135171, "t_323": 3.0276764, "t_324": 3.123477, "t_325": 3.2120376, "t_326": 3.2322694, "t_327": 3.201697, "t_328": 3.2665152, "t_329": 3.3314008, "t_330": 3.3300078, "t_331": 3.3017215, "t_332": 3.2058029, "t_333": 3.056398, "t_334": 2.9993001, "t_335": 2.9346027, "t_336": 2.6567943, "t_337": 2.6202484, "t_338": 2.5916419, "t_339": 2.4640219, "t_340": 2.3218515, "t_341": 2.1533045, "t_342": 1.9809465, "t_343": 1.8895326, "t_344": 1.7506874, "t_345": 1.5802419, "t_346": 1.4463872, "t_347": 1.3549115, "t_348": 1.1853254, "t_349": 1.0861378, "t_350": 0.96752163, "t_351": 0.85322477, "t_352": 0.72681241, "t_353": 0.55394044, "t_354": 0.48800448, "t_355": 0.37885825, "t_356": 0.26741474, "t_357": 0.18151937, "t_358": 0.085774897, "t_359": -0.041948996, "t_360": -0.093915902, "t_361": -0.21752266, "t_362": -0.27583096, "t_363": -0.33435833, "t_364": -0.41497387, "t_365": -0.46653356, "t_366": -0.52124709, "t_367": -0.5654038, "t_368": -0.61248968, "t_369": -0.6579214,