{"sample_dict": {"t_000": -0.23285267, "t_001": -0.23857949, "t_002": -0.24410923, "t_003": -0.2494419, "t_004": -0.25399217, "t_005": -0.25622466, "t_006": -0.25701882, "t_007": -0.25762474, "t_008": -0.25941014, "t_009": -0.26052197, "t_010": -0.25868951, "t_011": -0.25485987, "t_012": -0.24874186, "t_013": -0.24268856, "t_014": -0.23669114, "t_015": -0.22799356, "t_016": -0.21728409, "t_017": -0.20898066, "t_018": -0.19990364, "t_019": -0.19059426, "t_020": -0.18487922, "t_021": -0.18315558, "t_022": -0.18395563, "t_023": -0.18451449, "t_024": -0.18457626, "t_025": -0.18204375, "t_026": -0.17754348, "t_027": -0.17170784, "t_028": -0.16341911, "t_029": -0.1531332, "t_030": -0.14050892, "t_031": -0.1260757, "t_032": -0.10972766, "t_033": -0.090361798, "t_034": -0.07292252, "t_035": -0.058836384, "t_036": -0.044873784, "t_037": -0.036955663, "t_038": -0.039002845, "t_039": -0.044670831, "t_040": -0.05754513, "t_041": -0.077355138, "t_042": -0.095132672, "t_043": -0.11335729, "t_044": -0.13327613, "t_045": -0.15322438, "t_046": -0.1726226, "t_047": -0.18934125, "t_048": -0.20504807, "t_049": -0.21785178, "t_050": -0.22814651, "t_051": -0.23725294, "t_052": -0.24353861, "t_053": -0.24811241, "t_054": -0.25183322, "t_055": -0.25294799, "t_056": -0.2496125, "t_057": -0.24571227, "t_058": -0.23890303, "t_059": -0.23117022, "t_060": -0.22724057, "t_061": -0.22497573, "t_062": -0.22497867, "t_063": -0.2303937, "t_064": -0.24098257, "t_065": -0.25342155, "t_066": -0.26742533, "t_067": -0.27973489, "t_068": -0.28955901, "t_069": -0.29557995, "t_070": -0.29555054, "t_071": -0.2936269, "t_072": -0.29095615, "t_073": -0.28478225, "t_074": -0.27532874, "t_075": -0.26634291, "t_076": -0.25616583, "t_077": -0.2457505, "t_078": -0.2370941, "t_079": -0.22994073, "t_080": -0.22564636, "t_081": -0.22224616, "t_082": -0.21831357, "t_083": -0.21619285, "t_084": -0.21602225, "t_085": -0.21511632, "t_086": -0.21649287, "t_087": -0.22061959, "t_088": -0.22880537, "t_089": -0.24181203, "t_090": -0.25466868, "t_091": -0.26710472, "t_092": -0.27815244, "t_093": -0.28691179, "t_094": -0.2942387, "t_095": -0.29733006, "t_096": -0.29830953, "t_097": -0.29906251, "t_098": -0.29899486, "t_099": -0.29795068, "t_100": -0.29635941, "t_101": -0.29457401, "t_102": -0.29083555, "t_103": -0.28655883, "t_104": -0.28265271, "t_105": -0.27881719, "t_106": -0.27463458, "t_107": -0.26963723, "t_108": -0.26318684, "t_109": -0.25614524, "t_110": -0.24658879, "t_111": -0.23639994, "t_112": -0.22865536, "t_113": -0.22087254, "t_114": -0.2115867, "t_115": -0.2015861, "t_116": -0.19308265, "t_117": -0.18591457, "t_118": -0.17899651, "t_119": -0.17274614, "t_120": -0.16737817, "t_121": -0.16341617, "t_122": -0.1626573, "t_123": -0.16545158, "t_124": -0.16941653, "t_125": -0.17392268, "t_126": -0.17786115, "t_127": -0.1815349, "t_128": -0.18562926, "t_129": -0.18920594, "t_130": -0.19356797, "t_131": -0.19739173, "t_132": -0.19907712, "t_133": -0.19980952, "t_134": -0.20072722, "t_135": -0.20136844, "t_136": -0.20217143, "t_137": -0.20523632, "t_138": -0.20783647, "t_139": -0.20891006, "t_140": -0.20944833, "t_141": -0.20885124, "t_142": -0.2086424, "t_143": -0.20888359, "t_144": -0.20841003, "t_145": -0.20630697, "t_146": -0.20571281, "t_147": -0.20522749, "t_148": -0.20184199, "t_149": -0.19770351, "t_150": -0.19288558, "t_151": -0.1873676, "t_152": -0.17842295, "t_153": -0.16897826, "t_154": -0.16066012, "t_155": -0.15123014, "t_156": -0.14371499, "t_157": -0.13981476, "t_158": -0.13750579, "t_159": -0.13793229, "t_160": -0.14332967, "t_161": -0.15134486, "t_162": -0.16124545, "t_163": -0.17476979, "t_164": -0.18987363, "t_165": -0.2040686, "t_166": -0.21892537, "t_167": -0.23214087, "t_168": -0.24125906, "t_169": -0.24702999, "t_170": -0.25154497, "t_171": -0.2543069, "t_172": -0.25488634, "t_173": -0.25552462, "t_174": -0.25969251, "t_175": -0.26273387, "t_176": -0.26605172, "t_177": -0.26998725, "t_178": -0.27162264, "t_179": -0.27432574, "t_180": -0.27489342, "t_181": -0.27231092, "t_182": -0.271805, "t_183": -0.27161676, "t_184": -0.26638997, "t_185": -0.26046609, "t_186": -0.25879246, "t_187": -0.25195676, "t_188": -0.24188262, "t_189": -0.23826476, "t_190": -0.23150259, "t_191": -0.22074901, "t_192": -0.20544809, "t_193": -0.18251437, "t_194": -0.15531274, "t_195": -0.12732283, "t_196": -0.094200263, "t_197": -0.058892269, "t_198": -0.023569569, "t_199": 0.014941558, "t_200": 0.051543747, "t_201": 0.085154581, "t_202": 0.10496459, "t_203": 0.11438868, "t_204": 0.11258269, "t_205": 0.096025819, "t_206": 0.081842618, "t_207": 0.059253031, "t_208": 0.027262883, "t_209": 0.0040056098, "t_210": -0.018516325, "t_211": -0.040255861, "t_212": -0.055930328, "t_213": -0.067154528, "t_214": -0.076360961, "t_215": -0.10162424, "t_216": -0.11717517, "t_217": -0.12730518, "t_218": -0.14737991, "t_219": -0.15777759, "t_220": -0.17193432, "t_221": -0.18572633, "t_222": -0.18696463, "t_223": -0.17768761, "t_224": -0.17029599, "t_225": -0.16042187, "t_226": -0.14536215, "t_227": -0.13559392, "t_228": -0.12430795, "t_229": -0.11244841, "t_230": -0.10445382, "t_231": -0.092882537, "t_232": -0.079478795, "t_233": -0.065625025, "t_234": -0.062345417, "t_235": -0.083379028, "t_236": -0.093206086, "t_237": -0.095665057, "t_238": -0.1014507, "t_239": -0.11661631, "t_240": -0.12239901, "t_241": -0.12737578, "t_242": -0.14529744, "t_243": -0.18470568, "t_244": -0.20156845, "t_245": -0.21902832, "t_246": -0.22423745, "t_247": -0.22580519, "t_248": -0.22361389, "t_249": -0.21104549, "t_250": -0.19323854, "t_251": -0.17420211, "t_252": -0.15340969, "t_253": -0.12556096, "t_254": -0.093109022, "t_255": -0.058977569, "t_256": -0.027446271, "t_257": 0.008055852, "t_258": 0.049323026, "t_259": 0.092163823, "t_260": 0.13468695, "t_261": 0.19238158, "t_262": 0.25166748, "t_263": 0.31193579, "t_264": 0.37765148, "t_265": 0.43311363, "t_266": 0.49096414, "t_267": 0.53406966, "t_268": 0.57340731, "t_269": 0.62496039, "t_270": 0.68641113, "t_271": 0.75214153, "t_272": 0.81715718, "t_273": 0.88393176, "t_274": 0.94110577, "t_275": 1.0162573, "t_276": 1.0747814, "t_277": 1.1182105, "t_278": 1.1707107, "t_279": 1.2584012, "t_280": 1.317343, "t_281": 1.3606014, "t_282": 1.3778466, "t_283": 1.3683872, "t_284": 1.3515333, "t_285": 1.2993448, "t_286": 1.2567599, "t_287": 1.2099924, "t_288": 1.0937061, "t_289": 1.092153, "t_290": 1.0688605, "t_291": 1.0352085, "t_292": 1.0196811, "t_293": 0.99169409, "t_294": 0.98020223, "t_295": 0.99054402, "t_296": 0.98788798, "t_297": 0.97486661, "t_298": 0.98486133, "t_299": 1.0038095, "t_300": 1.019634, "t_301": 1.0382969, "t_302": 1.0677486, "t_303": 1.1043479, "t_304": 1.1404559, "t_305": 1.1876882, "t_306": 1.2351851, "t_307": 1.2858999, "t_308": 1.3457653, "t_309": 1.4150429, "t_310": 1.4858619, "t_311": 1.5741877, "t_312": 1.6697493, "t_313": 1.7779823, "t_314": 1.8898625, "t_315": 2.0228234, "t_316": 2.1358037, "t_317": 2.2420777, "t_318": 2.4046815, "t_319": 2.5530198, "t_320": 2.6478167, "t_321": 2.78161, "t_322": 2.9331425, "t_323": 3.044058, "t_324": 3.1585472, "t_325": 3.2348018, "t_326": 3.2366254, "t_327": 3.2072825, "t_328": 3.2742159, "t_329": 3.3551943, "t_330": 3.3559031, "t_331": 3.3033853, "t_332": 3.1770248, "t_333": 3.0136385, "t_334": 3.0027261, "t_335": 2.9639562, "t_336": 2.6698444, "t_337": 2.6149588, "t_338": 2.6090967, "t_339": 2.4942957, "t_340": 2.3475693, "t_341": 2.171047, "t_342": 2.0010162, "t_343": 1.9067253, "t_344": 1.757084, "t_345": 1.586062, "t_346": 1.4605574, "t_347": 1.36629, "t_348": 1.2021743, "t_349": 1.1032655, "t_350": 0.9798375, "t_351": 0.86268932, "t_352": 0.73630529, "t_353": 0.56770991, "t_354": 0.50090297, "t_355": 0.38991987, "t_356": 0.27982799, "t_357": 0.19504645, "t_358": 0.094696328, "t_359": -0.036279152, "t_360": -0.088217553, "t_361": -0.21197495, "t_362": -0.26778123, "t_363": -0.32575529, "t_364": -0.40463648, "t_365": -0.45500125, "t_366": -0.50906919, "t_367": -0.55424248, "t_368": -0.60319541, "t_369": -0.64768631,