{"t_000": -0.22488883, "t_001": -0.23181497, "t_002": -0.23557668, "t_003": -0.23950494, "t_004": -0.24329249, "t_005": -0.24563854, "t_006": -0.24648851, "t_007": -0.24829184, "t_008": -0.24865939, "t_009": -0.24558398, "t_010": -0.24324368, "t_011": -0.2402458, "t_012": -0.23454867, "t_013": -0.2263447, "t_014": -0.21851402, "t_015": -0.21310405, "t_016": -0.20554043, "t_017": -0.19401696, "t_018": -0.18274906, "t_019": -0.17473748, "t_020": -0.16996212, "t_021": -0.16718247, "t_022": -0.16779411, "t_023": -0.16945386, "t_024": -0.16806691, "t_025": -0.16220036, "t_026": -0.15652908, "t_027": -0.15028636, "t_028": -0.14140758, "t_029": -0.13045842, "t_030": -0.11675259, "t_031": -0.10391108, "t_032": -0.088301422, "t_033": -0.070673072, "t_034": -0.054270867, "t_035": -0.039448006, "t_036": -0.028292095, "t_037": -0.02018001, "t_038": -0.017945956, "t_039": -0.022373862, "t_040": -0.033190932, "t_041": -0.047600292, "t_042": -0.065067837, "t_043": -0.084757948, "t_044": -0.10265048, "t_045": -0.12200462, "t_046": -0.14291801, "t_047": -0.1593518, "t_048": -0.17202101, "t_049": -0.18623223, "t_050": -0.19886124, "t_051": -0.20718295, "t_052": -0.2138765, "t_053": -0.21878395, "t_054": -0.2228845, "t_055": -0.22509271, "t_056": -0.22218959, "t_057": -0.2155506, "t_058": -0.20912698, "t_059": -0.2044435, "t_060": -0.20139106, "t_061": -0.20130779, "t_062": -0.2030422, "t_063": -0.20781181, "t_064": -0.2178507, "t_065": -0.23101381, "t_066": -0.24630473, "t_067": -0.26159278, "t_068": -0.27380255, "t_069": -0.280677, "t_070": -0.28529156, "t_071": -0.28623629, "t_072": -0.28429801, "t_073": -0.28114219, "t_074": -0.27438547, "t_075": -0.26635379, "t_076": -0.25930417, "t_077": -0.25447712, "t_078": -0.24980226, "t_079": -0.24535138, "t_080": -0.24225587, "t_081": -0.23887607, "t_082": -0.23608781, "t_083": -0.23618258, "t_084": -0.23692343, "t_085": -0.23688897, "t_086": -0.23668797, "t_087": -0.23981507, "t_088": -0.24929113, "t_089": -0.26007661, "t_090": -0.26989439, "t_091": -0.28126854, "t_092": -0.28996354, "t_093": -0.29610576, "t_094": -0.29956308, "t_095": -0.30013452, "t_096": -0.30153296, "t_097": -0.3014784, "t_098": -0.30077487, "t_099": -0.30044177, "t_100": -0.29740369, "t_101": -0.2934582, "t_102": -0.28999513, "t_103": -0.28497569, "t_104": -0.27848889, "t_105": -0.27178673, "t_106": -0.26568472, "t_107": -0.25908306, "t_108": -0.2515137, "t_109": -0.24381799, "t_110": -0.23542449, "t_111": -0.22556077, "t_112": -0.21512848, "t_113": -0.20617217, "t_114": -0.19782462, "t_115": -0.18896306, "t_116": -0.17982297, "t_117": -0.17107053, "t_118": -0.1632456, "t_119": -0.15652621, "t_120": -0.15163311, "t_121": -0.14823896, "t_122": -0.14507453, "t_123": -0.14538466, "t_124": -0.14938757, "t_125": -0.15320097, "t_126": -0.15760878, "t_127": -0.16220898, "t_128": -0.16817028, "t_129": -0.17439864, "t_130": -0.18090267, "t_131": -0.18642463, "t_132": -0.19024377, "t_133": -0.1939423, "t_134": -0.1970091, "t_135": -0.19954467, "t_136": -0.20136235, "t_137": -0.20412764, "t_138": -0.20623534, "t_139": -0.20750169, "t_140": -0.20862733, "t_141": -0.20843207, "t_142": -0.20837464, "t_143": -0.20724325, "t_144": -0.20512119, "t_145": -0.20329202, "t_146": -0.2010953, "t_147": -0.19947575, "t_148": -0.19564512, "t_149": -0.19084392, "t_150": -0.18709369, "t_151": -0.18109219, "t_152": -0.17313229, "t_153": -0.16527577, "t_154": -0.15833528, "t_155": -0.15190878, "t_156": -0.14489937, "t_157": -0.1403566, "t_158": -0.13924531, "t_159": -0.14011826, "t_160": -0.14571488, "t_161": -0.15342208, "t_162": -0.16367633, "t_163": -0.17811441, "t_164": -0.19112246, "t_165": -0.2040501, "t_166": -0.21781624, "t_167": -0.2294316, "t_168": -0.23927809, "t_169": -0.24631622, "t_170": -0.24990851, "t_171": -0.25154241, "t_172": -0.25290639, "t_173": -0.25502558, "t_174": -0.26016563, "t_175": -0.26247147, "t_176": -0.26245712, "t_177": -0.2646079, "t_178": -0.26701424, "t_179": -0.26907026, "t_180": -0.26925117, "t_181": -0.26945217, "t_182": -0.26968764, "t_183": -0.26815711, "t_184": -0.26460215, "t_185": -0.26045566, "t_186": -0.25716775, "t_187": -0.24888337, "t_188": -0.23969733, "t_189": -0.23810076, "t_190": -0.2341323, "t_191": -0.22517598, "t_192": -0.21171997, "t_193": -0.18963213, "t_194": -0.16230661, "t_195": -0.13361424, "t_196": -0.10094479, "t_197": -0.065544511, "t_198": -0.029750834, "t_199": 0.0072546306, "t_200": 0.042574505, "t_201": 0.07435952, "t_202": 0.094707213, "t_203": 0.10569083, "t_204": 0.10414882, "t_205": 0.087470946, "t_206": 0.074577756, "t_207": 0.053856763, "t_208": 0.022132051, "t_209": -0.00082873895, "t_210": -0.024019251, "t_211": -0.048257874, "t_212": -0.063637812, "t_213": -0.074687477, "t_214": -0.085432759, "t_215": -0.10953355, "t_216": -0.12566296, "t_217": -0.13857338, "t_218": -0.15895553, "t_219": -0.16804106, "t_220": -0.18169234, "t_221": -0.1949416, "t_222": -0.19546422, "t_223": -0.18595657, "t_224": -0.17819768, "t_225": -0.16790323, "t_226": -0.15175659, "t_227": -0.13960713, "t_228": -0.12892789, "t_229": -0.11892347, "t_230": -0.11073959, "t_231": -0.097191693, "t_232": -0.085145606, "t_233": -0.07385186, "t_234": -0.069363652, "t_235": -0.09185351, "t_236": -0.10055713, "t_237": -0.10038484, "t_238": -0.10439637, "t_239": -0.11724936, "t_240": -0.12124654, "t_241": -0.12625162, "t_242": -0.14247005, "t_243": -0.17860544, "t_244": -0.19370971, "t_245": -0.21040481, "t_246": -0.21513997, "t_247": -0.21526919, "t_248": -0.21306385, "t_249": -0.20092588, "t_250": -0.18474191, "t_251": -0.16605396, "t_252": -0.14472133, "t_253": -0.11892634, "t_254": -0.087445705, "t_255": -0.053627643, "t_256": -0.019723436, "t_257": 0.015510292, "t_258": 0.055418878, "t_259": 0.10053643, "t_260": 0.14657, "t_261": 0.20237827, "t_262": 0.26406744, "t_263": 0.32858221, "t_264": 0.39322045, "t_265": 0.4495054, "t_266": 0.50488581, "t_267": 0.54075128, "t_268": 0.57307614, "t_269": 0.62678532, "t_270": 0.68854054, "t_271": 0.74982196, "t_272": 0.8113331, "t_273": 0.87597134, "t_274": 0.93774953, "t_275": 1.0154131, "t_276": 1.0746155, "t_277": 1.1236957, "t_278": 1.1742836, "t_279": 1.250026, "t_280": 1.3055012, "t_281": 1.3533324, "t_282": 1.3701682, "t_283": 1.3491342, "t_284": 1.3324707, "t_285": 1.2872612, "t_286": 1.2406706, "t_287": 1.1924231, "t_288": 1.0734238, "t_289": 1.073329, "t_290": 1.0486827, "t_291": 1.0129005, "t_292": 0.99640924, "t_293": 0.96574986, "t_294": 0.95411441, "t_295": 0.96539092, "t_296": 0.9624275, "t_297": 0.95498735, "t_298": 0.96853238, "t_299": 0.98482547, "t_300": 1.0014603, "t_301": 1.0249781, "t_302": 1.0527143, "t_303": 1.0888698, "t_304": 1.1271904, "t_305": 1.1709239, "t_306": 1.2214543, "t_307": 1.2792468, "t_308": 1.3382625, "t_309": 1.4057178, "t_310": 1.4781264, "t_311": 1.5663256, "t_312": 1.6627373, "t_313": 1.7748908, "t_314": 1.8978787, "t_315": 2.0318444, "t_316": 2.1441903, "t_317": 2.2668766, "t_318": 2.4208684, "t_319": 2.5679742, "t_320": 2.6725469, "t_321": 2.8017286, "t_322": 2.9408717, "t_323": 3.034923, "t_324": 3.131553, "t_325": 3.2406197, "t_326": 3.2771312, "t_327": 3.2158929, "t_328": 3.2680514, "t_329": 3.3545392, "t_330": 3.3360408, "t_331": 3.2906188, "t_332": 3.1806075, "t_333": 3.0670555, "t_334": 3.047977, "t_335": 2.9639186, "t_336": 2.6108721, "t_337": 2.5748975, "t_338": 2.5983751, "t_339": 2.480177, "t_340": 2.3234975, "t_341": 2.1619565, "t_342": 2.003218, "t_343": 1.8899819, "t_344": 1.7308875, "t_345": 1.5718016, "t_346": 1.4520701, "t_347": 1.3552649, "t_348": 1.1820338, "t_349": 1.0878676, "t_350": 0.97006291, "t_351": 0.8525712, "t_352": 0.72423946, "t_353": 0.55577514, "t_354": 0.489503, "t_355": 0.37870197, "t_356": 0.2681881, "t_357": 0.18162856, "t_358": 0.082738657, "t_359": -0.046954197, "t_360": -0.098699248, "t_361": -0.2201508, "t_362": -0.27563172, "t_363": -0.33336966, "t_364": -0.41233973, "t_365": -0.46310559, "t_366": -0.51777673, "t_367": -0.56192945, "t_368": -0.60894795, "t_369": -0.65363764, "t_370": -0.70637912,