{"t_000": -0.23370673, "t_001": -0.24080494, "t_002": -0.24679211, "t_003": -0.24966961, "t_004": -0.25323193, "t_005": -0.25643568, "t_006": -0.25652091, "t_007": -0.25858424, "t_008": -0.25946013, "t_009": -0.25831971, "t_010": -0.25735859, "t_011": -0.25430769, "t_012": -0.24785611, "t_013": -0.2396028, "t_014": -0.23306305, "t_015": -0.22443351, "t_016": -0.2137818, "t_017": -0.20383844, "t_018": -0.19219033, "t_019": -0.18502159, "t_020": -0.18190602, "t_021": -0.17845539, "t_022": -0.17783521, "t_023": -0.17898151, "t_024": -0.178426, "t_025": -0.17472259, "t_026": -0.16874422, "t_027": -0.1614873, "t_028": -0.15186432, "t_029": -0.13957546, "t_030": -0.12616971, "t_031": -0.11110917, "t_032": -0.093806021, "t_033": -0.07615898, "t_034": -0.059543603, "t_035": -0.044039248, "t_036": -0.031562285, "t_037": -0.023379513, "t_038": -0.021880513, "t_039": -0.026668493, "t_040": -0.036003437, "t_041": -0.05196043, "t_042": -0.070974206, "t_043": -0.088059858, "t_044": -0.10669741, "t_045": -0.12549663, "t_046": -0.14061007, "t_047": -0.15534435, "t_048": -0.17020501, "t_049": -0.18189427, "t_050": -0.18966555, "t_051": -0.19612006, "t_052": -0.20521693, "t_053": -0.21197712, "t_054": -0.21476056, "t_055": -0.21489282, "t_056": -0.21222108, "t_057": -0.20616924, "t_058": -0.19876536, "t_059": -0.19452995, "t_060": -0.1922403, "t_061": -0.19115867, "t_062": -0.19259889, "t_063": -0.19857725, "t_064": -0.20826784, "t_065": -0.22117099, "t_066": -0.23386839, "t_067": -0.24564288, "t_068": -0.25532465, "t_069": -0.25931905, "t_070": -0.25886347, "t_071": -0.25675605, "t_072": -0.25359052, "t_073": -0.24747989, "t_074": -0.24129578, "t_075": -0.23297781, "t_076": -0.22325195, "t_077": -0.21755281, "t_078": -0.2113305, "t_079": -0.20605461, "t_080": -0.20332408, "t_081": -0.20134893, "t_082": -0.20057591, "t_083": -0.20097271, "t_084": -0.202119, "t_085": -0.20268039, "t_086": -0.20577538, "t_087": -0.21112475, "t_088": -0.2187285, "t_089": -0.23065583, "t_090": -0.24342671, "t_091": -0.25613, "t_092": -0.26821605, "t_093": -0.27878252, "t_094": -0.28724452, "t_095": -0.2921001, "t_096": -0.29465722, "t_097": -0.29570652, "t_098": -0.29526563, "t_099": -0.2937637, "t_100": -0.29326991, "t_101": -0.29242635, "t_102": -0.29055701, "t_103": -0.2873709, "t_104": -0.28315313, "t_105": -0.27883543, "t_106": -0.27324798, "t_107": -0.26809554, "t_108": -0.26317529, "t_109": -0.25589192, "t_110": -0.24641296, "t_111": -0.23644902, "t_112": -0.22572971, "t_113": -0.21577165, "t_114": -0.20754773, "t_115": -0.1983039, "t_116": -0.18889254, "t_117": -0.17953114, "t_118": -0.17056948, "t_119": -0.16234849, "t_120": -0.15530026, "t_121": -0.15080914, "t_122": -0.14785229, "t_123": -0.14708222, "t_124": -0.14867527, "t_125": -0.1527696, "t_126": -0.15739298, "t_127": -0.16220447, "t_128": -0.16855611, "t_129": -0.1753986, "t_130": -0.18195599, "t_131": -0.18680863, "t_132": -0.19095586, "t_133": -0.19617885, "t_134": -0.19774545, "t_135": -0.19873596, "t_136": -0.20172221, "t_137": -0.20354452, "t_138": -0.20716563, "t_139": -0.21018126, "t_140": -0.21089255, "t_141": -0.20987853, "t_142": -0.20820023, "t_143": -0.20744486, "t_144": -0.20710979, "t_145": -0.2062339, "t_146": -0.20375026, "t_147": -0.20154879, "t_148": -0.19942668, "t_149": -0.19621118, "t_150": -0.19113516, "t_151": -0.18531551, "t_152": -0.1779469, "t_153": -0.16947021, "t_154": -0.16025283, "t_155": -0.15175263, "t_156": -0.14576839, "t_157": -0.14205322, "t_158": -0.14075115, "t_159": -0.14192977, "t_160": -0.14908676, "t_161": -0.15791028, "t_162": -0.16703066, "t_163": -0.18009841, "t_164": -0.19564391, "t_165": -0.21001667, "t_166": -0.22377219, "t_167": -0.23664595, "t_168": -0.2466187, "t_169": -0.25372278, "t_170": -0.2578465, "t_171": -0.25853721, "t_172": -0.25787295, "t_173": -0.25892813, "t_174": -0.26414817, "t_175": -0.26753415, "t_176": -0.268895, "t_177": -0.27236034, "t_178": -0.27529661, "t_179": -0.27640176, "t_180": -0.2754377, "t_181": -0.27466762, "t_182": -0.27493215, "t_183": -0.27305105, "t_184": -0.26891558, "t_185": -0.26562072, "t_186": -0.26123541, "t_187": -0.25217675, "t_188": -0.242736, "t_189": -0.23979091, "t_190": -0.23518222, "t_191": -0.22518889, "t_192": -0.20825314, "t_193": -0.18441023, "t_194": -0.15888904, "t_195": -0.13232736, "t_196": -0.099387589, "t_197": -0.063573265, "t_198": -0.025463415, "t_199": 0.012014503, "t_200": 0.046700169, "t_201": 0.081864926, "t_202": 0.1015459, "t_203": 0.10944945, "t_204": 0.10679534, "t_205": 0.089186509, "t_206": 0.074998922, "t_207": 0.051987815, "t_208": 0.01823682, "t_209": -0.0045215151, "t_210": -0.025666221, "t_211": -0.047354682, "t_212": -0.063226438, "t_213": -0.07544769, "t_214": -0.08562031, "t_215": -0.11092694, "t_216": -0.12656062, "t_217": -0.13640699, "t_218": -0.15480647, "t_219": -0.16454115, "t_220": -0.17772352, "t_221": -0.19108519, "t_222": -0.19107637, "t_223": -0.18142987, "t_224": -0.17442279, "t_225": -0.16396212, "t_226": -0.14754661, "t_227": -0.13532536, "t_228": -0.12370959, "t_229": -0.11151479, "t_230": -0.10275593, "t_231": -0.090049706, "t_232": -0.073837001, "t_233": -0.060260771, "t_234": -0.057392098, "t_235": -0.078716096, "t_236": -0.088915169, "t_237": -0.09033187, "t_238": -0.094743631, "t_239": -0.10821111, "t_240": -0.116485, "t_241": -0.1228337, "t_242": -0.1387613, "t_243": -0.18305526, "t_244": -0.20559903, "t_245": -0.22483912, "t_246": -0.23041775, "t_247": -0.23232824, "t_248": -0.22982991, "t_249": -0.21899891, "t_250": -0.20396777, "t_251": -0.18553889, "t_252": -0.16600782, "t_253": -0.13696544, "t_254": -0.10335847, "t_255": -0.069939603, "t_256": -0.036259149, "t_257": -2.1578293e-05, "t_258": 0.040554272, "t_259": 0.087099667, "t_260": 0.13495595, "t_261": 0.19081571, "t_262": 0.25228056, "t_263": 0.31534434, "t_264": 0.37861092, "t_265": 0.43162552, "t_266": 0.48502517, "t_267": 0.52474571, "t_268": 0.56632383, "t_269": 0.61869474, "t_270": 0.67341115, "t_271": 0.73596645, "t_272": 0.80325975, "t_273": 0.86790483, "t_274": 0.92736807, "t_275": 1.0068797, "t_276": 1.0689471, "t_277": 1.1138847, "t_278": 1.1700972, "t_279": 1.2560957, "t_280": 1.3012008, "t_281": 1.3472701, "t_282": 1.3688851, "t_283": 1.3553794, "t_284": 1.337168, "t_285": 1.2885446, "t_286": 1.2477747, "t_287": 1.1920443, "t_288": 1.0722243, "t_289": 1.0803512, "t_290": 1.0565965, "t_291": 1.0176137, "t_292": 1.005269, "t_293": 0.98107633, "t_294": 0.96338814, "t_295": 0.97208233, "t_296": 0.96305013, "t_297": 0.94851865, "t_298": 0.96754125, "t_299": 0.98716344, "t_300": 1.0024356, "t_301": 1.0246678, "t_302": 1.0521906, "t_303": 1.0857506, "t_304": 1.1227435, "t_305": 1.1673461, "t_306": 1.2154257, "t_307": 1.2715941, "t_308": 1.3306371, "t_309": 1.3956113, "t_310": 1.4674722, "t_311": 1.5653421, "t_312": 1.6591295, "t_313": 1.7630807, "t_314": 1.8816692, "t_315": 2.0088901, "t_316": 2.130168, "t_317": 2.2474191, "t_318": 2.4006491, "t_319": 2.563464, "t_320": 2.6761711, "t_321": 2.8019753, "t_322": 2.9244817, "t_323": 3.0196065, "t_324": 3.1329631, "t_325": 3.224743, "t_326": 3.2472633, "t_327": 3.1980638, "t_328": 3.2604927, "t_329": 3.349254, "t_330": 3.3276332, "t_331": 3.2913662, "t_332": 3.2029517, "t_333": 3.0695996, "t_334": 3.0201826, "t_335": 2.973402, "t_336": 2.7171584, "t_337": 2.6296404, "t_338": 2.5995281, "t_339": 2.4716282, "t_340": 2.3333, "t_341": 2.1670051, "t_342": 1.9929654, "t_343": 1.8928881, "t_344": 1.749528, "t_345": 1.5820662, "t_346": 1.4510537, "t_347": 1.3544124, "t_348": 1.1844376, "t_349": 1.0889514, "t_350": 0.97540364, "t_351": 0.85970442, "t_352": 0.72707532, "t_353": 0.56103912, "t_354": 0.49347835, "t_355": 0.38147371, "t_356": 0.26930155, "t_357": 0.18238899, "t_358": 0.083848896, "t_359": -0.043078125, "t_360": -0.093429802, "t_361": -0.21754693, "t_362": -0.27740991, "t_363": -0.33510374, "t_364": -0.41336032, "t_365": -0.46509048, "t_366": -0.51908973, "t_367": -0.56373639, "t_368": -0.6124568, "t_369": -0.65682424, "t_370": -0.70840744, "t_371": -0.7407388,