{"t_000": -0.16268326, "t_001": -0.16508575, "t_002": -0.16663941, "t_003": -0.16695198, "t_004": -0.16695198, "t_005": -0.16615217, "t_006": -0.16352903, "t_007": -0.16126444, "t_008": -0.1582797, "t_009": -0.15508352, "t_010": -0.15009773, "t_011": -0.14188511, "t_012": -0.13160708, "t_013": -0.11982443, "t_014": -0.10785178, "t_015": -0.098811778, "t_016": -0.092085399, "t_017": -0.083311996, "t_018": -0.076153536, "t_019": -0.074477304, "t_020": -0.076588682, "t_021": -0.083213935, "t_022": -0.093375516, "t_023": -0.1016341, "t_024": -0.107291, "t_025": -0.1117681, "t_026": -0.11334014, "t_027": -0.11121344, "t_028": -0.10555654, "t_029": -0.097086515, "t_030": -0.089382591, "t_031": -0.079815505, "t_032": -0.06625243, "t_033": -0.052150019, "t_034": -0.038780002, "t_035": -0.023500858, "t_036": -0.0068427299, "t_037": 0.0052800727, "t_038": 0.011203576, "t_039": 0.011574369, "t_040": 0.0057581206, "t_041": -0.0091594232, "t_042": -0.032151685, "t_043": -0.055340069, "t_044": -0.076515136, "t_045": -0.097276509, "t_046": -0.11750161, "t_047": -0.13509132, "t_048": -0.15211105, "t_049": -0.16374048, "t_050": -0.17020025, "t_051": -0.17728823, "t_052": -0.18049973, "t_053": -0.18408203, "t_054": -0.18778996, "t_055": -0.18665, "t_056": -0.18245483, "t_057": -0.17664164, "t_058": -0.17064459, "t_059": -0.16659957, "t_060": -0.16505205, "t_061": -0.16429207, "t_062": -0.16621039, "t_063": -0.17303483, "t_064": -0.18482974, "t_065": -0.20157674, "t_066": -0.22094687, "t_067": -0.24025265, "t_068": -0.25605274, "t_069": -0.26711526, "t_070": -0.27419711, "t_071": -0.27789585, "t_072": -0.27778553, "t_073": -0.27460161, "t_074": -0.27041256, "t_075": -0.26487211, "t_076": -0.25825299, "t_077": -0.25225594, "t_078": -0.24918846, "t_079": -0.24633243, "t_080": -0.24358979, "t_081": -0.2428482, "t_082": -0.24380736, "t_083": -0.24470523, "t_084": -0.24434363, "t_085": -0.24396671, "t_086": -0.24444476, "t_087": -0.24660517, "t_088": -0.25348477, "t_089": -0.26358506, "t_090": -0.27211637, "t_091": -0.27893162, "t_092": -0.28460078, "t_093": -0.28943028, "t_094": -0.29171021, "t_095": -0.29319644, "t_096": -0.29471026, "t_097": -0.29492171, "t_098": -0.29542733, "t_099": -0.2952925, "t_100": -0.29299726, "t_101": -0.29024235, "t_102": -0.286467, "t_103": -0.28299503, "t_104": -0.28005013, "t_105": -0.27542287, "t_106": -0.27092432, "t_107": -0.26686091, "t_108": -0.26180157, "t_109": -0.25576775, "t_110": -0.24963587, "t_111": -0.24365414, "t_112": -0.23758968, "t_113": -0.23025654, "t_114": -0.22242391, "t_115": -0.21488547, "t_116": -0.20693639, "t_117": -0.19896893, "t_118": -0.19307913, "t_119": -0.18834462, "t_120": -0.18319028, "t_121": -0.17806659, "t_122": -0.17569474, "t_123": -0.17684083, "t_124": -0.17867334, "t_125": -0.18067747, "t_126": -0.18269691, "t_127": -0.18617808, "t_128": -0.19183805, "t_129": -0.19648063, "t_130": -0.19980245, "t_131": -0.20438067, "t_132": -0.20826634, "t_133": -0.21216734, "t_134": -0.21434307, "t_135": -0.21537271, "t_136": -0.21759441, "t_137": -0.22024205, "t_138": -0.22331566, "t_139": -0.2261104, "t_140": -0.22755067, "t_141": -0.22733003, "t_142": -0.2269194, "t_143": -0.22631878, "t_144": -0.22481415, "t_145": -0.22216957, "t_146": -0.22003674, "t_147": -0.21843099, "t_148": -0.21637783, "t_149": -0.21396002, "t_150": -0.20867391, "t_151": -0.20282702, "t_152": -0.19777994, "t_153": -0.19052648, "t_154": -0.18212387, "t_155": -0.17241582, "t_156": -0.16314905, "t_157": -0.15718877, "t_158": -0.1536647, "t_159": -0.15403243, "t_160": -0.15979352, "t_161": -0.16874159, "t_162": -0.17872238, "t_163": -0.19014956, "t_164": -0.20197205, "t_165": -0.21414082, "t_166": -0.22613798, "t_167": -0.23708098, "t_168": -0.24562762, "t_169": -0.25043568, "t_170": -0.25390152, "t_171": -0.25661353, "t_172": -0.25709157, "t_173": -0.25695674, "t_174": -0.26167287, "t_175": -0.26444309, "t_176": -0.26557999, "t_177": -0.26906116, "t_178": -0.27091206, "t_179": -0.27236459, "t_180": -0.27314295, "t_181": -0.27236765, "t_182": -0.27256378, "t_183": -0.27235233, "t_184": -0.26750137, "t_185": -0.26127449, "t_186": -0.25828057, "t_187": -0.25150209, "t_188": -0.24446621, "t_189": -0.24400042, "t_190": -0.24056522, "t_191": -0.23396448, "t_192": -0.22617475, "t_193": -0.21098754, "t_194": -0.18843655, "t_195": -0.16313066, "t_196": -0.13533953, "t_197": -0.104579, "t_198": -0.073545724, "t_199": -0.041066051, "t_200": -0.0084117074, "t_201": 0.021291611, "t_202": 0.038489075, "t_203": 0.04517868, "t_204": 0.043677119, "t_205": 0.028532809, "t_206": 0.01691257, "t_207": -0.00078439298, "t_208": -0.02795038, "t_209": -0.046346028, "t_210": -0.062434176, "t_211": -0.077639775, "t_212": -0.08858278, "t_213": -0.094852561, "t_214": -0.098995642, "t_215": -0.12111761, "t_216": -0.13490745, "t_217": -0.14083708, "t_218": -0.15726538, "t_219": -0.16617975, "t_220": -0.17939348, "t_221": -0.19278495, "t_222": -0.19450408, "t_223": -0.18728433, "t_224": -0.18210242, "t_225": -0.17567022, "t_226": -0.16450352, "t_227": -0.15548802, "t_228": -0.14505678, "t_229": -0.13490745, "t_230": -0.1280064, "t_231": -0.1170205, "t_232": -0.10420207, "t_233": -0.091972016, "t_234": -0.087081219, "t_235": -0.10939931, "t_236": -0.11938929, "t_237": -0.12060586, "t_238": -0.12628727, "t_239": -0.14037436, "t_240": -0.1450292, "t_241": -0.14741024, "t_242": -0.15555851, "t_243": -0.1842138, "t_244": -0.19807412, "t_245": -0.21264845, "t_246": -0.21742893, "t_247": -0.21902855, "t_248": -0.2176465, "t_249": -0.20617948, "t_250": -0.1915837, "t_251": -0.17386222, "t_252": -0.1586934, "t_253": -0.1362895, "t_254": -0.10577105, "t_255": -0.079098433, "t_256": -0.052373721, "t_257": -0.020372096, "t_258": 0.014494751, "t_259": 0.05373451, "t_260": 0.09242574, "t_261": 0.14234497, "t_262": 0.19653291, "t_263": 0.25189759, "t_264": 0.30725002, "t_265": 0.354684, "t_266": 0.40302812, "t_267": 0.44105131, "t_268": 0.47244925, "t_269": 0.51234173, "t_270": 0.56175532, "t_271": 0.61860624, "t_272": 0.6786135, "t_273": 0.73883221, "t_274": 0.79418157, "t_275": 0.86109294, "t_276": 0.91590296, "t_277": 0.95384341, "t_278": 0.99534777, "t_279": 1.0717833, "t_280": 1.1193675, "t_281": 1.1608381, "t_282": 1.1820959, "t_283": 1.1729854, "t_284": 1.1653336, "t_285": 1.1331359, "t_286": 1.1029821, "t_287": 1.0654185, "t_288": 0.95759425, "t_289": 0.97297452, "t_290": 0.96694376, "t_291": 0.95364423, "t_292": 0.9525012, "t_293": 0.93459892, "t_294": 0.93024746, "t_295": 0.94553886, "t_296": 0.95181171, "t_297": 0.95639607, "t_298": 0.97344337, "t_299": 0.99620887, "t_300": 1.0206506, "t_301": 1.046931, "t_302": 1.0755924, "t_303": 1.115347, "t_304": 1.1557267, "t_305": 1.2034978, "t_306": 1.2584794, "t_307": 1.3175612, "t_308": 1.3787666, "t_309": 1.4466893, "t_310": 1.521418, "t_311": 1.614147, "t_312": 1.7106513, "t_313": 1.8247209, "t_314": 1.9436261, "t_315": 2.0715805, "t_316": 2.1881108, "t_317": 2.3102245, "t_318": 2.469157, "t_319": 2.6084037, "t_320": 2.7063759, "t_321": 2.842212, "t_322": 2.9864139, "t_323": 3.0883944, "t_324": 3.1820948, "t_325": 3.257562, "t_326": 3.2629983, "t_327": 3.2145101, "t_328": 3.276304, "t_329": 3.3647305, "t_330": 3.3568581, "t_331": 3.3241118, "t_332": 3.2328537, "t_333": 3.0642683, "t_334": 3.0107882, "t_335": 2.9851667, "t_336": 2.722887, "t_337": 2.6241609, "t_338": 2.6157093, "t_339": 2.5055897, "t_340": 2.3744391, "t_341": 2.2245987, "t_342": 2.0604046, "t_343": 1.9593128, "t_344": 1.8141671, "t_345": 1.6484469, "t_346": 1.5247949, "t_347": 1.4343397, "t_348": 1.2682457, "t_349": 1.1703225, "t_350": 1.0496491, "t_351": 0.93139662, "t_352": 0.80460362, "t_353": 0.63030922, "t_354": 0.56366445, "t_355": 0.45437843, "t_356": 0.34087271, "t_357": 0.25343593, "t_358": 0.15478034, "t_359": 0.026786096, "t_360": -0.028431492, "t_361": -0.15765763, "t_362": -0.21667202, "t_363": -0.27778859, "t_364": -0.36017523, "t_365": -0.4151538, "t_366": -0.4747014, "t_367": -0.52236215, "t_368": -0.57267362, "t_369": -0.62020261,