{"sample_dict": {"t_000": -0.22561118, "t_001": -0.2307254, "t_002": -0.23387595, "t_003": -0.23880247, "t_004": -0.24277025, "t_005": -0.2423342, "t_006": -0.24136391, "t_007": -0.24227644, "t_008": -0.24154872, "t_009": -0.23940601, "t_010": -0.23666552, "t_011": -0.23205377, "t_012": -0.2255361, "t_013": -0.2171847, "t_014": -0.20872934, "t_015": -0.19938743, "t_016": -0.18812517, "t_017": -0.17705928, "t_018": -0.16661136, "t_019": -0.15689983, "t_020": -0.15072002, "t_021": -0.15125137, "t_022": -0.15417956, "t_023": -0.1540525, "t_024": -0.15197042, "t_025": -0.14766477, "t_026": -0.14293462, "t_027": -0.13630432, "t_028": -0.12616829, "t_029": -0.11371627, "t_030": -0.10131623, "t_031": -0.087706217, "t_032": -0.070625119, "t_033": -0.052894275, "t_034": -0.035045032, "t_035": -0.019604182, "t_036": -0.0067738655, "t_037": 0.00063035023, "t_038": 0.0056492765, "t_039": 0.0048320405, "t_040": -0.0042124227, "t_041": -0.016629789, "t_042": -0.034294215, "t_043": -0.053876113, "t_044": -0.07458135, "t_045": -0.095783281, "t_046": -0.11651451, "t_047": -0.13423958, "t_048": -0.14868415, "t_049": -0.16095713, "t_050": -0.17271897, "t_051": -0.18303983, "t_052": -0.19051912, "t_053": -0.19692706, "t_054": -0.1992777, "t_055": -0.19746707, "t_056": -0.19506735, "t_057": -0.18895973, "t_058": -0.1794128, "t_059": -0.17242731, "t_060": -0.16867033, "t_061": -0.16719758, "t_062": -0.16862702, "t_063": -0.17600236, "t_064": -0.18793169, "t_065": -0.20213947, "t_066": -0.21660714, "t_067": -0.22978399, "t_068": -0.24165846, "t_069": -0.24736756, "t_070": -0.2496229, "t_071": -0.25074046, "t_072": -0.24731269, "t_073": -0.24214938, "t_074": -0.23770512, "t_075": -0.22892633, "t_076": -0.22015909, "t_077": -0.21453085, "t_078": -0.20674833, "t_079": -0.20284408, "t_080": -0.20052232, "t_081": -0.19682022, "t_082": -0.1957142, "t_083": -0.1963755, "t_084": -0.19768943, "t_085": -0.19893694, "t_086": -0.20107389, "t_087": -0.20702845, "t_088": -0.21691036, "t_089": -0.22937682, "t_090": -0.24318031, "t_091": -0.25432995, "t_092": -0.26379314, "t_093": -0.27189042, "t_094": -0.27724432, "t_095": -0.2807414, "t_096": -0.28349632, "t_097": -0.28440308, "t_098": -0.28501528, "t_099": -0.28471784, "t_100": -0.28317867, "t_101": -0.28134205, "t_102": -0.27728475, "t_103": -0.27160453, "t_104": -0.26585789, "t_105": -0.26024986, "t_106": -0.25367154, "t_107": -0.24777185, "t_108": -0.24007019, "t_109": -0.23101995, "t_110": -0.22194661, "t_111": -0.21191742, "t_112": -0.20302312, "t_113": -0.19390358, "t_114": -0.18396102, "t_115": -0.17442275, "t_116": -0.16469389, "t_117": -0.15630784, "t_118": -0.14902202, "t_119": -0.14160914, "t_120": -0.13685877, "t_121": -0.13537735, "t_122": -0.13531382, "t_123": -0.1363332, "t_124": -0.13808607, "t_125": -0.14212894, "t_126": -0.14856575, "t_127": -0.15530578, "t_128": -0.16177148, "t_129": -0.16878584, "t_130": -0.17625648, "t_131": -0.18268463, "t_132": -0.18845726, "t_133": -0.19224023, "t_134": -0.1948421, "t_135": -0.19740354, "t_136": -0.19980038, "t_137": -0.20312708, "t_138": -0.20635849, "t_139": -0.2085503, "t_140": -0.21029161, "t_141": -0.21114928, "t_142": -0.21087783, "t_143": -0.20971695, "t_144": -0.2091856, "t_145": -0.20901811, "t_146": -0.20647688, "t_147": -0.20336677, "t_148": -0.20143774, "t_149": -0.19880988, "t_150": -0.19409706, "t_151": -0.18983184, "t_152": -0.18297918, "t_153": -0.17450938, "t_154": -0.16677308, "t_155": -0.15834371, "t_156": -0.15082687, "t_157": -0.14739621, "t_158": -0.14604474, "t_159": -0.14587436, "t_160": -0.1511503, "t_161": -0.15890971, "t_162": -0.16866167, "t_163": -0.18174033, "t_164": -0.19574886, "t_165": -0.20989888, "t_166": -0.22451383, "t_167": -0.23602733, "t_168": -0.24424878, "t_169": -0.25093394, "t_170": -0.25504323, "t_171": -0.25774906, "t_172": -0.25834393, "t_173": -0.25925069, "t_174": -0.26498867, "t_175": -0.26757899, "t_176": -0.26901709, "t_177": -0.27121179, "t_178": -0.27325921, "t_179": -0.2757629, "t_180": -0.27602857, "t_181": -0.27627981, "t_182": -0.27653393, "t_183": -0.27475507, "t_184": -0.27109917, "t_185": -0.26653362, "t_186": -0.26218466, "t_187": -0.25312575, "t_188": -0.24326117, "t_189": -0.24115599, "t_190": -0.23688788, "t_191": -0.22778277, "t_192": -0.21341328, "t_193": -0.19195145, "t_194": -0.16576525, "t_195": -0.13922674, "t_196": -0.10931243, "t_197": -0.075236871, "t_198": -0.042062288, "t_199": -0.0089281342, "t_200": 0.025488185, "t_201": 0.059933382, "t_202": 0.078969494, "t_203": 0.088011069, "t_204": 0.089847684, "t_205": 0.07594601, "t_206": 0.063063714, "t_207": 0.042205426, "t_208": 0.011453673, "t_209": -0.0094363799, "t_210": -0.030514138, "t_211": -0.051808477, "t_212": -0.065121049, "t_213": -0.075280188, "t_214": -0.084780917, "t_215": -0.11082851, "t_216": -0.12728296, "t_217": -0.13915454, "t_218": -0.16014856, "t_219": -0.16948757, "t_220": -0.18392348, "t_221": -0.19735445, "t_222": -0.19537345, "t_223": -0.18533271, "t_224": -0.17858113, "t_225": -0.16881472, "t_226": -0.15201085, "t_227": -0.13794457, "t_228": -0.12620005, "t_229": -0.11518325, "t_230": -0.10570562, "t_231": -0.092297755, "t_232": -0.07691466, "t_233": -0.061208135, "t_234": -0.057176822, "t_235": -0.082580444, "t_236": -0.089467751, "t_237": -0.090042415, "t_238": -0.096256874, "t_239": -0.10850097, "t_240": -0.11589364, "t_241": -0.12596903, "t_242": -0.14451711, "t_243": -0.185994, "t_244": -0.20592821, "t_245": -0.22408644, "t_246": -0.23029224, "t_247": -0.23198158, "t_248": -0.22896676, "t_249": -0.2175861, "t_250": -0.20178427, "t_251": -0.18413718, "t_252": -0.1639604, "t_253": -0.13694541, "t_254": -0.10505299, "t_255": -0.072259591, "t_256": -0.041383665, "t_257": -0.0049256993, "t_258": 0.034835863, "t_259": 0.079044576, "t_260": 0.12424957, "t_261": 0.17862897, "t_262": 0.23826409, "t_263": 0.30141073, "t_264": 0.36910559, "t_265": 0.42496642, "t_266": 0.47745434, "t_267": 0.51526088, "t_268": 0.5533591, "t_269": 0.60470058, "t_270": 0.66152013, "t_271": 0.72486314, "t_272": 0.79325973, "t_273": 0.86081598, "t_274": 0.9151665, "t_275": 0.99560794, "t_276": 1.0581799, "t_277": 1.0868958, "t_278": 1.1354333, "t_279": 1.2280119, "t_280": 1.2804537, "t_281": 1.3251302, "t_282": 1.3487001, "t_283": 1.3379432, "t_284": 1.3219883, "t_285": 1.2743749, "t_286": 1.2308015, "t_287": 1.1871732, "t_288": 1.0656679, "t_289": 1.070089, "t_290": 1.0484308, "t_291": 1.0122212, "t_292": 1.0002428, "t_293": 0.9742414, "t_294": 0.95741443, "t_295": 0.96513341, "t_296": 0.96368953, "t_297": 0.95894205, "t_298": 0.9700195, "t_299": 0.98816907, "t_300": 1.0066998, "t_301": 1.0291233, "t_302": 1.0573771, "t_303": 1.0905199, "t_304": 1.1213468, "t_305": 1.1654313, "t_306": 1.2148207, "t_307": 1.2693647, "t_308": 1.3286244, "t_309": 1.3910606, "t_310": 1.4632922, "t_311": 1.5595239, "t_312": 1.6600497, "t_313": 1.7690568, "t_314": 1.8825284, "t_315": 2.0146434, "t_316": 2.1243841, "t_317": 2.226013, "t_318": 2.3876467, "t_319": 2.538151, "t_320": 2.6524254, "t_321": 2.8004606, "t_322": 2.9344729, "t_323": 3.0274876, "t_324": 3.1290443, "t_325": 3.2280165, "t_326": 3.2484388, "t_327": 3.1943799, "t_328": 3.2441793, "t_329": 3.3113948, "t_330": 3.3167631, "t_331": 3.3018825, "t_332": 3.1943424, "t_333": 3.0403208, "t_334": 3.0084746, "t_335": 2.9648521, "t_336": 2.6477328, "t_337": 2.596475, "t_338": 2.6103449, "t_339": 2.4917966, "t_340": 2.3347112, "t_341": 2.165526, "t_342": 1.9941144, "t_343": 1.8822772, "t_344": 1.7425934, "t_345": 1.591295, "t_346": 1.4608289, "t_347": 1.3646376, "t_348": 1.197058, "t_349": 1.0983515, "t_350": 0.97308341, "t_351": 0.85754415, "t_352": 0.72896954, "t_353": 0.55843867, "t_354": 0.49307711, "t_355": 0.38115621, "t_356": 0.26960783, "t_357": 0.18325516, "t_358": 0.082888184, "t_359": -0.04780893, "t_360": -0.098642163, "t_361": -0.22143837, "t_362": -0.27778722, "t_363": -0.33709025, "t_364": -0.41664226, "t_365": -0.46555224, "t_366": -0.52106653, "t_367": -0.56587301, "t_368": -0.61298392, "t_369": -0.65745542,