{"t_000": -0.17538405, "t_001": -0.17982485, "t_002": -0.18468829, "t_003": -0.18748752, "t_004": -0.18879832, "t_005": -0.19038782, "t_006": -0.19089315, "t_007": -0.19161287, "t_008": -0.19006012, "t_009": -0.18721801, "t_010": -0.18412783, "t_011": -0.17766264, "t_012": -0.17043792, "t_013": -0.16303251, "t_014": -0.15409886, "t_015": -0.14548371, "t_016": -0.13551489, "t_017": -0.12717844, "t_018": -0.12134109, "t_019": -0.11643784, "t_020": -0.11671041, "t_021": -0.12120634, "t_022": -0.12896089, "t_023": -0.13499731, "t_024": -0.13863876, "t_025": -0.14035689, "t_026": -0.13792823, "t_027": -0.13437253, "t_028": -0.13027781, "t_029": -0.12535312, "t_030": -0.11826316, "t_031": -0.10749193, "t_032": -0.093180317, "t_033": -0.077288391, "t_034": -0.061485281, "t_035": -0.046830653, "t_036": -0.033682832, "t_037": -0.023965145, "t_038": -0.020195062, "t_039": -0.020559513, "t_040": -0.026893008, "t_041": -0.041722205, "t_042": -0.059960097, "t_043": -0.078868702, "t_044": -0.09902073, "t_045": -0.11681148, "t_046": -0.135227, "t_047": -0.15289831, "t_048": -0.1663677, "t_049": -0.1781986, "t_050": -0.18815823, "t_051": -0.19541664, "t_052": -0.20328144, "t_053": -0.20785087, "t_054": -0.20652782, "t_055": -0.20193695, "t_056": -0.19615779, "t_057": -0.19239996, "t_058": -0.18804798, "t_059": -0.18391038, "t_060": -0.17981566, "t_061": -0.17602108, "t_062": -0.177191, "t_063": -0.18684437, "t_064": -0.19933985, "t_065": -0.2118139, "t_066": -0.22748838, "t_067": -0.2433313, "t_068": -0.25797062, "t_069": -0.26829776, "t_070": -0.27284575, "t_071": -0.27598187, "t_072": -0.27645045, "t_073": -0.27158089, "t_074": -0.26585686, "t_075": -0.25831057, "t_076": -0.24991899, "t_077": -0.24326392, "t_078": -0.23693655, "t_079": -0.23333185, "t_080": -0.2303213, "t_081": -0.22701367, "t_082": -0.22556811, "t_083": -0.22477183, "t_084": -0.22312415, "t_085": -0.22127126, "t_086": -0.2202361, "t_087": -0.22311802, "t_088": -0.23008241, "t_089": -0.2385873, "t_090": -0.24862963, "t_091": -0.25767048, "t_092": -0.26514939, "t_093": -0.27288863, "t_094": -0.27901999, "t_095": -0.28171509, "t_096": -0.28175491, "t_097": -0.28192029, "t_098": -0.28271657, "t_099": -0.28205811, "t_100": -0.28137821, "t_101": -0.28070443, "t_102": -0.27813796, "t_103": -0.27512128, "t_104": -0.27151351, "t_105": -0.26755049, "t_106": -0.26387228, "t_107": -0.25954786, "t_108": -0.25458336, "t_109": -0.25014563, "t_110": -0.24421333, "t_111": -0.23641591, "t_112": -0.22888799, "t_113": -0.22118551, "t_114": -0.21574324, "t_115": -0.20979563, "t_116": -0.20186958, "t_117": -0.19443354, "t_118": -0.18759777, "t_119": -0.18195031, "t_120": -0.17806997, "t_121": -0.1745449, "t_122": -0.17253582, "t_123": -0.17308096, "t_124": -0.174012, "t_125": -0.17661523, "t_126": -0.18065788, "t_127": -0.18373581, "t_128": -0.18763759, "t_129": -0.1927981, "t_130": -0.1976401, "t_131": -0.20278836, "t_132": -0.20654926, "t_133": -0.20809894, "t_134": -0.20901466, "t_135": -0.21043266, "t_136": -0.21311857, "t_137": -0.21716429, "t_138": -0.22006765, "t_139": -0.22164796, "t_140": -0.22264944, "t_141": -0.22319765, "t_142": -0.22297714, "t_143": -0.22181028, "t_144": -0.22118857, "t_145": -0.22000334, "t_146": -0.21747974, "t_147": -0.21518584, "t_148": -0.21391792, "t_149": -0.21053066, "t_150": -0.20529052, "t_151": -0.20165213, "t_152": -0.19583009, "t_153": -0.1859654, "t_154": -0.17599964, "t_155": -0.16641364, "t_156": -0.15860397, "t_157": -0.15347102, "t_158": -0.14987244, "t_159": -0.14946205, "t_160": -0.15498395, "t_161": -0.16484252, "t_162": -0.17578526, "t_163": -0.18886264, "t_164": -0.20091404, "t_165": -0.21287969, "t_166": -0.2255038, "t_167": -0.23528887, "t_168": -0.24363144, "t_169": -0.25088372, "t_170": -0.25402596, "t_171": -0.25450067, "t_172": -0.25479774, "t_173": -0.25624942, "t_174": -0.26163044, "t_175": -0.26329038, "t_176": -0.26530559, "t_177": -0.2699087, "t_178": -0.2714247, "t_179": -0.27329902, "t_180": -0.27585324, "t_181": -0.27691291, "t_182": -0.27562661, "t_183": -0.27296826, "t_184": -0.26892866, "t_185": -0.26548934, "t_186": -0.2624451, "t_187": -0.25340119, "t_188": -0.24444303, "t_189": -0.24331599, "t_190": -0.24190412, "t_191": -0.23623828, "t_192": -0.22544867, "t_193": -0.20722916, "t_194": -0.18404514, "t_195": -0.16004646, "t_196": -0.13193469, "t_197": -0.10023046, "t_198": -0.068076035, "t_199": -0.035015071, "t_200": -0.0032220316, "t_201": 0.027440902, "t_202": 0.045602228, "t_203": 0.053975426, "t_204": 0.053702853, "t_205": 0.037011584, "t_206": 0.022430459, "t_207": 0.0029705824, "t_208": -0.023686447, "t_209": -0.041991716, "t_210": -0.05790508, "t_211": -0.073573435, "t_212": -0.084660113, "t_213": -0.091373372, "t_214": -0.098098882, "t_215": -0.12117571, "t_216": -0.13320567, "t_217": -0.13991893, "t_218": -0.15740955, "t_219": -0.16674441, "t_220": -0.17951552, "t_221": -0.1943141, "t_222": -0.19653756, "t_223": -0.18780909, "t_224": -0.18199012, "t_225": -0.17511148, "t_226": -0.16297126, "t_227": -0.15301469, "t_228": -0.14336438, "t_229": -0.13315667, "t_230": -0.12383713, "t_231": -0.11307508, "t_232": -0.1015872, "t_233": -0.089722621, "t_234": -0.085306325, "t_235": -0.10349828, "t_236": -0.11232474, "t_237": -0.11344872, "t_238": -0.11773333, "t_239": -0.12948153, "t_240": -0.13404483, "t_241": -0.13554858, "t_242": -0.14431685, "t_243": -0.1765846, "t_244": -0.19272153, "t_245": -0.20788762, "t_246": -0.21320433, "t_247": -0.21571261, "t_248": -0.21405573, "t_249": -0.20265361, "t_250": -0.18875851, "t_251": -0.17454183, "t_252": -0.15613856, "t_253": -0.13214907, "t_254": -0.10523784, "t_255": -0.077698782, "t_256": -0.050848808, "t_257": -0.018550436, "t_258": 0.016960623, "t_259": 0.053761043, "t_260": 0.095568845, "t_261": 0.1454834, "t_262": 0.19537651, "t_263": 0.25017288, "t_264": 0.30573796, "t_265": 0.35284103, "t_266": 0.40079856, "t_267": 0.43725597, "t_268": 0.47356944, "t_269": 0.51677992, "t_270": 0.569019, "t_271": 0.62469433, "t_272": 0.67872198, "t_273": 0.73694542, "t_274": 0.78938663, "t_275": 0.85943789, "t_276": 0.91771646, "t_277": 0.95847378, "t_278": 0.99834601, "t_279": 1.0751197, "t_280": 1.1226301, "t_281": 1.1668053, "t_282": 1.1886265, "t_283": 1.1823052, "t_284": 1.1728938, "t_285": 1.1378605, "t_286": 1.1122601, "t_287": 1.0792665, "t_288": 0.97816948, "t_289": 0.9911611, "t_290": 0.98206207, "t_291": 0.9627982, "t_292": 0.9612332, "t_293": 0.94644994, "t_294": 0.9417917, "t_295": 0.95657496, "t_296": 0.96101882, "t_297": 0.96534017, "t_298": 0.98419977, "t_299": 1.005632, "t_300": 1.0271775, "t_301": 1.0588909, "t_302": 1.0922091, "t_303": 1.1292147, "t_304": 1.1695617, "t_305": 1.2179357, "t_306": 1.2684965, "t_307": 1.3294855, "t_308": 1.3910012, "t_309": 1.4579439, "t_310": 1.5306658, "t_311": 1.624483, "t_312": 1.7266856, "t_313": 1.8417849, "t_314": 1.9588566, "t_315": 2.086237, "t_316": 2.2039977, "t_317": 2.3180527, "t_318": 2.4697166, "t_319": 2.6167407, "t_320": 2.7217333, "t_321": 2.8433377, "t_322": 2.985976, "t_323": 3.0945428, "t_324": 3.1891287, "t_325": 3.2668396, "t_326": 3.2596853, "t_327": 3.2024664, "t_328": 3.2776384, "t_329": 3.358957, "t_330": 3.3493741, "t_331": 3.3119887, "t_332": 3.21208, "t_333": 3.0604895, "t_334": 3.0175394, "t_335": 2.9482568, "t_336": 2.6771937, "t_337": 2.6261429, "t_338": 2.6182842, "t_339": 2.5121553, "t_340": 2.365658, "t_341": 2.2134857, "t_342": 2.0638278, "t_343": 1.9587004, "t_344": 1.8155996, "t_345": 1.6539086, "t_346": 1.523827, "t_347": 1.4316483, "t_348": 1.2684567, "t_349": 1.1718005, "t_350": 1.0506218, "t_351": 0.9288062, "t_352": 0.79144471, "t_353": 0.63001716, "t_354": 0.56484158, "t_355": 0.45409731, "t_356": 0.34599914, "t_357": 0.25919535, "t_358": 0.15711216, "t_359": 0.024470162, "t_360": -0.028494757, "t_361": -0.15474201, "t_362": -0.21231923, "t_363": -0.27196372, "t_364": -0.35412458, "t_365": -0.40866062, "t_366": -0.46734345, "t_367": -0.51436995, "t_368": -0.56558918, "t_369": -0.61600294, "t_370": -0.67225405,