{"t_000": -0.2253794, "t_001": -0.23182391, "t_002": -0.23758824, "t_003": -0.24168929, "t_004": -0.2442871, "t_005": -0.2456103, "t_006": -0.2486425, "t_007": -0.25038009, "t_008": -0.25139177, "t_009": -0.25106883, "t_010": -0.24787659, "t_011": -0.24418136, "t_012": -0.23951159, "t_013": -0.23312139, "t_014": -0.22540227, "t_015": -0.21736593, "t_016": -0.20731478, "t_017": -0.19783807, "t_018": -0.18860714, "t_019": -0.18019641, "t_020": -0.17415487, "t_021": -0.17143131, "t_022": -0.17234869, "t_023": -0.17188, "t_024": -0.17010526, "t_025": -0.16567841, "t_026": -0.1612087, "t_027": -0.15577874, "t_028": -0.14744232, "t_029": -0.1368196, "t_030": -0.1206869, "t_031": -0.10610889, "t_032": -0.093071264, "t_033": -0.077595875, "t_034": -0.061100226, "t_035": -0.045190441, "t_036": -0.033370273, "t_037": -0.026597112, "t_038": -0.023693512, "t_039": -0.026648553, "t_040": -0.036368183, "t_041": -0.052503741, "t_042": -0.071294263, "t_043": -0.090124796, "t_044": -0.11031853, "t_045": -0.13120102, "t_046": -0.14928851, "t_047": -0.16631, "t_048": -0.18304857, "t_049": -0.19747226, "t_050": -0.20817214, "t_051": -0.21653428, "t_052": -0.22335603, "t_053": -0.2285888, "t_054": -0.23131235, "t_055": -0.23164672, "t_056": -0.22939758, "t_057": -0.22431342, "t_058": -0.21789177, "t_059": -0.21134438, "t_060": -0.20717475, "t_061": -0.20554004, "t_062": -0.20722905, "t_063": -0.21065849, "t_064": -0.21953219, "t_065": -0.23463034, "t_066": -0.24969991, "t_067": -0.26516673, "t_068": -0.27882451, "t_069": -0.28529759, "t_070": -0.2895644, "t_071": -0.29105049, "t_072": -0.28930433, "t_073": -0.28651791, "t_074": -0.27983905, "t_075": -0.27177413, "t_076": -0.26462945, "t_077": -0.2574819, "t_078": -0.25174329, "t_079": -0.24813951, "t_080": -0.24485582, "t_081": -0.24168358, "t_082": -0.24106628, "t_083": -0.24010889, "t_084": -0.2381541, "t_085": -0.2379369, "t_086": -0.23920866, "t_087": -0.24197508, "t_088": -0.24808521, "t_089": -0.25830497, "t_090": -0.26971075, "t_091": -0.28097077, "t_092": -0.28839267, "t_093": -0.29350255, "t_094": -0.29853241, "t_095": -0.30157319, "t_096": -0.3024677, "t_097": -0.30197329, "t_098": -0.30078727, "t_099": -0.2986753, "t_100": -0.29670623, "t_101": -0.29404269, "t_102": -0.28922431, "t_103": -0.28351714, "t_104": -0.27783568, "t_105": -0.27149692, "t_106": -0.26514958, "t_107": -0.26037693, "t_108": -0.25476121, "t_109": -0.24623617, "t_110": -0.23698809, "t_111": -0.22709699, "t_112": -0.21663145, "t_113": -0.20772346, "t_114": -0.19963567, "t_115": -0.19116494, "t_116": -0.18212834, "t_117": -0.1736233, "t_118": -0.16661008, "t_119": -0.16096292, "t_120": -0.15632459, "t_121": -0.15363819, "t_122": -0.15223497, "t_123": -0.15234929, "t_124": -0.15538721, "t_125": -0.15975118, "t_126": -0.16374935, "t_127": -0.16781896, "t_128": -0.17316604, "t_129": -0.17964484, "t_130": -0.18609507, "t_131": -0.19151931, "t_132": -0.19510023, "t_133": -0.19773805, "t_134": -0.19890406, "t_135": -0.1998986, "t_136": -0.20254785, "t_137": -0.20507135, "t_138": -0.20777204, "t_139": -0.21025553, "t_140": -0.21136725, "t_141": -0.211533, "t_142": -0.21136439, "t_143": -0.20986115, "t_144": -0.20679465, "t_145": -0.20435688, "t_146": -0.20212774, "t_147": -0.20033871, "t_148": -0.1979581, "t_149": -0.19446006, "t_150": -0.18926445, "t_151": -0.1823884, "t_152": -0.17557809, "t_153": -0.16923932, "t_154": -0.16195746, "t_155": -0.15359246, "t_156": -0.14714796, "t_157": -0.14272111, "t_158": -0.13975464, "t_159": -0.14010901, "t_160": -0.14512744, "t_161": -0.15307805, "t_162": -0.1635693, "t_163": -0.17710991, "t_164": -0.19007609, "t_165": -0.20211059, "t_166": -0.21622849, "t_167": -0.22920896, "t_168": -0.23830557, "t_169": -0.24459289, "t_170": -0.2490769, "t_171": -0.25086878, "t_172": -0.25141464, "t_173": -0.25247491, "t_174": -0.25653881, "t_175": -0.25902801, "t_176": -0.26065986, "t_177": -0.26473233, "t_178": -0.26641562, "t_179": -0.2686419, "t_180": -0.27022802, "t_181": -0.26977934, "t_182": -0.26944497, "t_183": -0.26756448, "t_184": -0.26370064, "t_185": -0.25958244, "t_186": -0.25632161, "t_187": -0.24815095, "t_188": -0.2383713, "t_189": -0.23604213, "t_190": -0.23291562, "t_191": -0.22339032, "t_192": -0.20725477, "t_193": -0.18640372, "t_194": -0.16141447, "t_195": -0.1334816, "t_196": -0.10002447, "t_197": -0.06405241, "t_198": -0.028228958, "t_199": 0.0082289423, "t_200": 0.043149306, "t_201": 0.075671914, "t_202": 0.094848249, "t_203": 0.10525663, "t_204": 0.10528806, "t_205": 0.089635487, "t_206": 0.076189189, "t_207": 0.055532475, "t_208": 0.024313058, "t_209": 0.0018044413, "t_210": -0.019849671, "t_211": -0.041592377, "t_212": -0.057316401, "t_213": -0.068807913, "t_214": -0.078887635, "t_215": -0.10477712, "t_216": -0.1194523, "t_217": -0.12951202, "t_218": -0.15118899, "t_219": -0.16030561, "t_220": -0.17256017, "t_221": -0.18799841, "t_222": -0.18920443, "t_223": -0.17896753, "t_224": -0.17121126, "t_225": -0.16192031, "t_226": -0.14681644, "t_227": -0.13588508, "t_228": -0.12528236, "t_229": -0.1144796, "t_230": -0.10716344, "t_231": -0.09655787, "t_232": -0.084429052, "t_233": -0.071319984, "t_234": -0.068547846, "t_235": -0.089798998, "t_236": -0.098304031, "t_237": -0.099810131, "t_238": -0.10405693, "t_239": -0.11691451, "t_240": -0.12174146, "t_241": -0.12534238, "t_242": -0.13930881, "t_243": -0.1775586, "t_244": -0.19348839, "t_245": -0.20891805, "t_246": -0.21260185, "t_247": -0.21321343, "t_248": -0.21095286, "t_249": -0.19862684, "t_250": -0.18225123, "t_251": -0.1626805, "t_252": -0.14228386, "t_253": -0.11570848, "t_254": -0.083797462, "t_255": -0.052752376, "t_256": -0.01999828, "t_257": 0.015562247, "t_258": 0.05541816, "t_259": 0.09904075, "t_260": 0.14142874, "t_261": 0.20349033, "t_262": 0.26245685, "t_263": 0.31917994, "t_264": 0.38159019, "t_265": 0.43818753, "t_266": 0.49248142, "t_267": 0.53360623, "t_268": 0.57739744, "t_269": 0.62821901, "t_270": 0.68406473, "t_271": 0.74106217, "t_272": 0.80440124, "t_273": 0.86918353, "t_274": 0.92785282, "t_275": 1.0085992, "t_276": 1.0696663, "t_277": 1.1042351, "t_278": 1.1415561, "t_279": 1.2320249, "t_280": 1.2922946, "t_281": 1.3432305, "t_282": 1.3630242, "t_283": 1.3474831, "t_284": 1.3297014, "t_285": 1.2825407, "t_286": 1.2423619, "t_287": 1.1891283, "t_288": 1.068726, "t_289": 1.0746332, "t_290": 1.0506157, "t_291": 1.0182445, "t_292": 1.0077361, "t_293": 0.97986899, "t_294": 0.96935487, "t_295": 0.98167803, "t_296": 0.97760841, "t_297": 0.96787449, "t_298": 0.98314697, "t_299": 0.99883099, "t_300": 1.0148751, "t_301": 1.0417734, "t_302": 1.0693176, "t_303": 1.1026318, "t_304": 1.140733, "t_305": 1.1887396, "t_306": 1.2368519, "t_307": 1.2928748, "t_308": 1.3525558, "t_309": 1.4200045, "t_310": 1.4969899, "t_311": 1.5904481, "t_312": 1.6825974, "t_313": 1.7946832, "t_314": 1.9149082, "t_315": 2.0369252, "t_316": 2.1487281, "t_317": 2.260108, "t_318": 2.4166938, "t_319": 2.5679725, "t_320": 2.6656832, "t_321": 2.8000747, "t_322": 2.9344977, "t_323": 3.0569205, "t_324": 3.179449, "t_325": 3.2382497, "t_326": 3.2232202, "t_327": 3.1730588, "t_328": 3.2692262, "t_329": 3.3481778, "t_330": 3.3439225, "t_331": 3.3163526, "t_332": 3.2069731, "t_333": 3.0587152, "t_334": 3.0006889, "t_335": 2.9391246, "t_336": 2.6384105, "t_337": 2.5731653, "t_338": 2.5737826, "t_339": 2.4644031, "t_340": 2.3253075, "t_341": 2.1630746, "t_342": 1.995949, "t_343": 1.891045, "t_344": 1.745522, "t_345": 1.5861355, "t_346": 1.4523785, "t_347": 1.3548049, "t_348": 1.1912745, "t_349": 1.0951842, "t_350": 0.9747734, "t_351": 0.85746053, "t_352": 0.72400638, "t_353": 0.55991582, "t_354": 0.49715119, "t_355": 0.38393365, "t_356": 0.27067038, "t_357": 0.18562862, "t_358": 0.090212777, "t_359": -0.035253612, "t_360": -0.086503869, "t_361": -0.2153597, "t_362": -0.27165696, "t_363": -0.32783419, "t_364": -0.40724022, "t_365": -0.45725016, "t_366": -0.51179269, "t_367": -0.5562555, "t_368": -0.60448784, "t_369": -0.65082541, "t_370": -0.70170414, "t_371": -0.73442108,