{"sample_dict": {"t_000": -0.18995589, "t_001": -0.19528225, "t_002": -0.19960116, "t_003": -0.20272088, "t_004": -0.20437357, "t_005": -0.20606278, "t_006": -0.20771243, "t_007": -0.2076546, "t_008": -0.20693022, "t_009": -0.20470532, "t_010": -0.20092514, "t_011": -0.19597011, "t_012": -0.18940804, "t_013": -0.18164983, "t_014": -0.17449425, "t_015": -0.16779827, "t_016": -0.15824431, "t_017": -0.14858992, "t_018": -0.14053343, "t_019": -0.13482966, "t_020": -0.13478097, "t_021": -0.13802852, "t_022": -0.14268832, "t_023": -0.1485747, "t_024": -0.15058045, "t_025": -0.15275056, "t_026": -0.15413541, "t_027": -0.15015739, "t_028": -0.14617327, "t_029": -0.13815331, "t_030": -0.12704101, "t_031": -0.11539609, "t_032": -0.10223847, "t_033": -0.087985152, "t_034": -0.07221306, "t_035": -0.054164334, "t_036": -0.039195761, "t_037": -0.031799739, "t_038": -0.028603928, "t_039": -0.03126406, "t_040": -0.039022274, "t_041": -0.052679042, "t_042": -0.074106198, "t_043": -0.095092028, "t_044": -0.11424559, "t_045": -0.13202039, "t_046": -0.14877253, "t_047": -0.16607253, "t_048": -0.1814459, "t_049": -0.19360216, "t_050": -0.20251391, "t_051": -0.20934686, "t_052": -0.21374491, "t_053": -0.21588153, "t_054": -0.21756162, "t_055": -0.21705942, "t_056": -0.21163263, "t_057": -0.20523492, "t_058": -0.19895895, "t_059": -0.19250037, "t_060": -0.18841582, "t_061": -0.18629136, "t_062": -0.18535697, "t_063": -0.19065897, "t_064": -0.20079426, "t_065": -0.21454538, "t_066": -0.23202495, "t_067": -0.24897797, "t_068": -0.26304867, "t_069": -0.2714704, "t_070": -0.27653804, "t_071": -0.2797582, "t_072": -0.27823334, "t_073": -0.27393574, "t_074": -0.26770847, "t_075": -0.26052246, "t_076": -0.25518393, "t_077": -0.2478427, "t_078": -0.24135976, "t_079": -0.23736348, "t_080": -0.23413114, "t_081": -0.23248149, "t_082": -0.23152884, "t_083": -0.23103273, "t_084": -0.23130361, "t_085": -0.23137057, "t_086": -0.23039661, "t_087": -0.23236584, "t_088": -0.24012101, "t_089": -0.25026542, "t_090": -0.26019375, "t_091": -0.26908419, "t_092": -0.27723199, "t_093": -0.2840832, "t_094": -0.28812514, "t_095": -0.28920563, "t_096": -0.28905345, "t_097": -0.28979609, "t_098": -0.28995741, "t_099": -0.28811905, "t_100": -0.28659419, "t_101": -0.28478323, "t_102": -0.28188874, "t_103": -0.27956037, "t_104": -0.27566147, "t_105": -0.2701799, "t_106": -0.26557793, "t_107": -0.2619347, "t_108": -0.25680619, "t_109": -0.25149505, "t_110": -0.24587347, "t_111": -0.23825526, "t_112": -0.23102359, "t_113": -0.22333234, "t_114": -0.21547978, "t_115": -0.2079194, "t_116": -0.20050816, "t_117": -0.19502049, "t_118": -0.18969414, "t_119": -0.18369819, "t_120": -0.17792747, "t_121": -0.17406206, "t_122": -0.17213544, "t_123": -0.17130757, "t_124": -0.1732768, "t_125": -0.17661871, "t_126": -0.17966234, "t_127": -0.18291598, "t_128": -0.18627614, "t_129": -0.19154467, "t_130": -0.19634143, "t_131": -0.20057816, "t_132": -0.20434009, "t_133": -0.20668064, "t_134": -0.20912163, "t_135": -0.21117304, "t_136": -0.21424102, "t_137": -0.21562587, "t_138": -0.21692246, "t_139": -0.22087613, "t_140": -0.22325625, "t_141": -0.22384976, "t_142": -0.2231832, "t_143": -0.22158225, "t_144": -0.21985043, "t_145": -0.2186695, "t_146": -0.21747944, "t_147": -0.21530325, "t_148": -0.21264616, "t_149": -0.21036648, "t_150": -0.20750851, "t_151": -0.20150647, "t_152": -0.19302083, "t_153": -0.18470867, "t_154": -0.17589128, "t_155": -0.16679691, "t_156": -0.15921218, "t_157": -0.15440325, "t_158": -0.15060176, "t_159": -0.15123483, "t_160": -0.1583691, "t_161": -0.16671778, "t_162": -0.17654262, "t_163": -0.18823929, "t_164": -0.20167387, "t_165": -0.21460017, "t_166": -0.22669251, "t_167": -0.23799351, "t_168": -0.24701787, "t_169": -0.25273381, "t_170": -0.25626746, "t_171": -0.25756709, "t_172": -0.25789885, "t_173": -0.25949676, "t_174": -0.26383088, "t_175": -0.26673451, "t_176": -0.26795196, "t_177": -0.27087384, "t_178": -0.27317179, "t_179": -0.27522319, "t_180": -0.27631586, "t_181": -0.27718329, "t_182": -0.27764288, "t_183": -0.27648934, "t_184": -0.27252045, "t_185": -0.26750455, "t_186": -0.26380958, "t_187": -0.25633138, "t_188": -0.24847273, "t_189": -0.24680482, "t_190": -0.2444947, "t_191": -0.23763436, "t_192": -0.22561811, "t_193": -0.20868031, "t_194": -0.18564003, "t_195": -0.1601831, "t_196": -0.13102817, "t_197": -0.098513069, "t_198": -0.066500167, "t_199": -0.033166329, "t_200": 0.00085232515, "t_201": 0.032512166, "t_202": 0.049842596, "t_203": 0.057092523, "t_204": 0.056085082, "t_205": 0.040386037, "t_206": 0.025423551, "t_207": 0.0063886884, "t_208": -0.019059103, "t_209": -0.038227886, "t_210": -0.05768277, "t_211": -0.074002715, "t_212": -0.085227623, "t_213": -0.09356717, "t_214": -0.10040925, "t_215": -0.12073157, "t_216": -0.13180734, "t_217": -0.14100823, "t_218": -0.15901131, "t_219": -0.16729302, "t_220": -0.17944928, "t_221": -0.19379695, "t_222": -0.19673101, "t_223": -0.18910063, "t_224": -0.18151895, "t_225": -0.17355681, "t_226": -0.15991222, "t_227": -0.14965214, "t_228": -0.14090475, "t_229": -0.13089121, "t_230": -0.12198554, "t_231": -0.10973798, "t_232": -0.096202953, "t_233": -0.085045005, "t_234": -0.083200565, "t_235": -0.10004097, "t_236": -0.10942753, "t_237": -0.11132371, "t_238": -0.11638526, "t_239": -0.12911981, "t_240": -0.13546883, "t_241": -0.14056995, "t_242": -0.15035218, "t_243": -0.18086153, "t_244": -0.19669753, "t_245": -0.21162045, "t_246": -0.21591197, "t_247": -0.21625895, "t_248": -0.21437798, "t_249": -0.20403877, "t_250": -0.19015982, "t_251": -0.17316114, "t_252": -0.15377322, "t_253": -0.1317769, "t_254": -0.10448467, "t_255": -0.074693619, "t_256": -0.04456168, "t_257": -0.012180499, "t_258": 0.021609883, "t_259": 0.057774296, "t_260": 0.098391541, "t_261": 0.15651879, "t_262": 0.21049453, "t_263": 0.26504551, "t_264": 0.32214706, "t_265": 0.37075687, "t_266": 0.42119591, "t_267": 0.46135966, "t_268": 0.49868674, "t_269": 0.53989444, "t_270": 0.58986172, "t_271": 0.64779722, "t_272": 0.70734585, "t_273": 0.76363778, "t_274": 0.81398856, "t_275": 0.88641174, "t_276": 0.94321805, "t_277": 0.99077477, "t_278": 1.0404712, "t_279": 1.1095737, "t_280": 1.1673966, "t_281": 1.213325, "t_282": 1.2298397, "t_283": 1.2195371, "t_284": 1.2013544, "t_285": 1.1607006, "t_286": 1.1298048, "t_287": 1.0965866, "t_288": 1.0006544, "t_289": 1.0075695, "t_290": 0.99596112, "t_291": 0.98010685, "t_292": 0.97892288, "t_293": 0.95604391, "t_294": 0.94653865, "t_295": 0.96139765, "t_296": 0.96171115, "t_297": 0.96243249, "t_298": 0.98444707, "t_299": 1.0043585, "t_300": 1.0249243, "t_301": 1.057202, "t_302": 1.086293, "t_303": 1.1196086, "t_304": 1.1610202, "t_305": 1.2050311, "t_306": 1.25316, "t_307": 1.315871, "t_308": 1.3770236, "t_309": 1.4476115, "t_310": 1.5242988, "t_311": 1.6146855, "t_312": 1.7054313, "t_313": 1.8153033, "t_314": 1.9371429, "t_315": 2.0652888, "t_316": 2.1892072, "t_317": 2.3081249, "t_318": 2.4560727, "t_319": 2.6028639, "t_320": 2.708207, "t_321": 2.8373087, "t_322": 2.9639876, "t_323": 3.0770432, "t_324": 3.2011533, "t_325": 3.2787811, "t_326": 3.2772989, "t_327": 3.2020695, "t_328": 3.2697081, "t_329": 3.3565368, "t_330": 3.3323399, "t_331": 3.2970003, "t_332": 3.1961009, "t_333": 3.067188, "t_334": 3.0462052, "t_335": 3.0011077, "t_336": 2.7292811, "t_337": 2.6554609, "t_338": 2.6489384, "t_339": 2.5269375, "t_340": 2.3798024, "t_341": 2.2171416, "t_342": 2.0579872, "t_343": 1.9595592, "t_344": 1.8070216, "t_345": 1.64521, "t_346": 1.525921, "t_347": 1.4314437, "t_348": 1.2660468, "t_349": 1.1645417, "t_350": 1.0413751, "t_351": 0.92320314, "t_352": 0.79314578, "t_353": 0.62750534, "t_354": 0.55918497, "t_355": 0.44494231, "t_356": 0.33295803, "t_357": 0.24766943, "t_358": 0.14843491, "t_359": 0.01956152, "t_360": -0.034962071, "t_361": -0.16070965, "t_362": -0.21935432, "t_363": -0.28011735, "t_364": -0.3625419, "t_365": -0.41626197, "t_366": -0.47405442, "t_367": -0.52182115, "t_368": -0.57215062, "t_369": -0.6193908,