{"t_000": -0.22768621, "t_001": -0.23304414, "t_002": -0.23708905, "t_003": -0.24093086, "t_004": -0.24219811, "t_005": -0.24298478, "t_006": -0.2439059, "t_007": -0.24532476, "t_008": -0.24360553, "t_009": -0.24014133, "t_010": -0.23829051, "t_011": -0.2333302, "t_012": -0.22533193, "t_013": -0.21747954, "t_014": -0.20797943, "t_015": -0.19591908, "t_016": -0.1849286, "t_017": -0.17500799, "t_018": -0.16455816, "t_019": -0.15726073, "t_020": -0.1562824, "t_021": -0.15859664, "t_022": -0.16263583, "t_023": -0.16695536, "t_024": -0.16720423, "t_025": -0.166778, "t_026": -0.16521038, "t_027": -0.15883407, "t_028": -0.15067846, "t_029": -0.14171043, "t_030": -0.13027655, "t_031": -0.11690604, "t_032": -0.099974056, "t_033": -0.080807935, "t_034": -0.063040656, "t_035": -0.047255782, "t_036": -0.034474555, "t_037": -0.025389241, "t_038": -0.023189428, "t_039": -0.02617591, "t_040": -0.034809246, "t_041": -0.049750238, "t_042": -0.06785221, "t_043": -0.087361604, "t_044": -0.10536059, "t_045": -0.12469263, "t_046": -0.14326946, "t_047": -0.15948915, "t_048": -0.1737865, "t_049": -0.1860471, "t_050": -0.19553576, "t_051": -0.20303057, "t_052": -0.20946982, "t_053": -0.21082861, "t_054": -0.21080572, "t_055": -0.20993037, "t_056": -0.20357409, "t_057": -0.19508664, "t_058": -0.18538344, "t_059": -0.17751961, "t_060": -0.17322582, "t_061": -0.16889771, "t_062": -0.16811104, "t_063": -0.17486496, "t_064": -0.1868681, "t_065": -0.20345966, "t_066": -0.22111252, "t_067": -0.2367372, "t_068": -0.2510889, "t_069": -0.26135851, "t_070": -0.26603848, "t_071": -0.26786355, "t_072": -0.26838418, "t_073": -0.26430208, "t_074": -0.25808311, "t_075": -0.25219882, "t_076": -0.24448374, "t_077": -0.23823044, "t_078": -0.23355905, "t_079": -0.22951987, "t_080": -0.22748597, "t_081": -0.22644184, "t_082": -0.22556077, "t_083": -0.22496577, "t_084": -0.22522608, "t_085": -0.22504586, "t_086": -0.22625304, "t_087": -0.23102169, "t_088": -0.23892557, "t_089": -0.25018495, "t_090": -0.26193349, "t_091": -0.27225745, "t_092": -0.28129986, "t_093": -0.28694957, "t_094": -0.29116326, "t_095": -0.29438717, "t_096": -0.29555144, "t_097": -0.29681583, "t_098": -0.29838917, "t_099": -0.29864949, "t_100": -0.29736793, "t_101": -0.2960263, "t_102": -0.29270227, "t_103": -0.28789071, "t_104": -0.2828074, "t_105": -0.27779274, "t_106": -0.27183408, "t_107": -0.26574669, "t_108": -0.25903855, "t_109": -0.25050534, "t_110": -0.24236689, "t_111": -0.23400245, "t_112": -0.22525469, "t_113": -0.21591192, "t_114": -0.20639465, "t_115": -0.19820471, "t_116": -0.18902786, "t_117": -0.17973372, "t_118": -0.17259935, "t_119": -0.16512742, "t_120": -0.15883693, "t_121": -0.1546118, "t_122": -0.15121625, "t_123": -0.15146226, "t_124": -0.15321582, "t_125": -0.15547285, "t_126": -0.16012135, "t_127": -0.16462968, "t_128": -0.16991609, "t_129": -0.17527116, "t_130": -0.18127845, "t_131": -0.18749743, "t_132": -0.19159669, "t_133": -0.19409973, "t_134": -0.19706619, "t_135": -0.20051895, "t_136": -0.20210659, "t_137": -0.20459819, "t_138": -0.20811388, "t_139": -0.21029081, "t_140": -0.21178405, "t_141": -0.21318861, "t_142": -0.21179263, "t_143": -0.21013634, "t_144": -0.20906075, "t_145": -0.20657487, "t_146": -0.20460105, "t_147": -0.20312783, "t_148": -0.20237835, "t_149": -0.19950629, "t_150": -0.19317003, "t_151": -0.18644186, "t_152": -0.18077213, "t_153": -0.17290543, "t_154": -0.16165464, "t_155": -0.15196573, "t_156": -0.14453958, "t_157": -0.13842358, "t_158": -0.13451026, "t_159": -0.13501945, "t_160": -0.14132711, "t_161": -0.14857304, "t_162": -0.15850224, "t_163": -0.17305133, "t_164": -0.18729433, "t_165": -0.20159168, "t_166": -0.2152454, "t_167": -0.2272657, "t_168": -0.2371148, "t_169": -0.24424059, "t_170": -0.24926955, "t_171": -0.25095445, "t_172": -0.25153802, "t_173": -0.25251063, "t_174": -0.25681299, "t_175": -0.25900136, "t_176": -0.2604002, "t_177": -0.26305485, "t_178": -0.26432497, "t_179": -0.26748023, "t_180": -0.26803519, "t_181": -0.26706258, "t_182": -0.26770335, "t_183": -0.26666495, "t_184": -0.26266009, "t_185": -0.25744233, "t_186": -0.25251063, "t_187": -0.24391448, "t_188": -0.23500939, "t_189": -0.23439435, "t_190": -0.23087866, "t_191": -0.22141002, "t_192": -0.20844571, "t_193": -0.18695105, "t_194": -0.16032445, "t_195": -0.13382371, "t_196": -0.10244849, "t_197": -0.067734925, "t_198": -0.032663785, "t_199": 0.0041666326, "t_200": 0.039935762, "t_201": 0.072183475, "t_202": 0.090088064, "t_203": 0.099759803, "t_204": 0.099227729, "t_205": 0.082913642, "t_206": 0.068762179, "t_207": 0.048823693, "t_208": 0.020008718, "t_209": -0.00073074026, "t_210": -0.02105827, "t_211": -0.041334309, "t_212": -0.055379929, "t_213": -0.065998532, "t_214": -0.074608983, "t_215": -0.10132713, "t_216": -0.11807317, "t_217": -0.13067131, "t_218": -0.15277243, "t_219": -0.16052469, "t_220": -0.17418699, "t_221": -0.19053254, "t_222": -0.19229468, "t_223": -0.18339531, "t_224": -0.17688169, "t_225": -0.16813107, "t_226": -0.15202867, "t_227": -0.14096667, "t_228": -0.12983029, "t_229": -0.11674012, "t_230": -0.10703977, "t_231": -0.09343755, "t_232": -0.078050302, "t_233": -0.064096223, "t_234": -0.062276871, "t_235": -0.084569644, "t_236": -0.09208734, "t_237": -0.093463296, "t_238": -0.098975701, "t_239": -0.11378224, "t_240": -0.11960073, "t_241": -0.12369141, "t_242": -0.13993399, "t_243": -0.18139288, "t_244": -0.19735225, "t_245": -0.21255642, "t_246": -0.2171048, "t_247": -0.21924168, "t_248": -0.21865239, "t_249": -0.20655485, "t_250": -0.19042956, "t_251": -0.17529977, "t_252": -0.157604, "t_253": -0.12927247, "t_254": -0.095728903, "t_255": -0.064259278, "t_256": -0.03310432, "t_257": 0.0025046153, "t_258": 0.041760835, "t_259": 0.087055812, "t_260": 0.13142967, "t_261": 0.18849322, "t_262": 0.24847173, "t_263": 0.30776084, "t_264": 0.37235066, "t_265": 0.42640198, "t_266": 0.47612519, "t_267": 0.51913168, "t_268": 0.55964943, "t_269": 0.60735305, "t_270": 0.6639732, "t_271": 0.72539346, "t_272": 0.79083861, "t_273": 0.85473617, "t_274": 0.91465461, "t_275": 0.98701673, "t_276": 1.0413112, "t_277": 1.0852417, "t_278": 1.130159, "t_279": 1.2192643, "t_280": 1.2726491, "t_281": 1.3176352, "t_282": 1.3385291, "t_283": 1.3245807, "t_284": 1.3149605, "t_285": 1.2751922, "t_286": 1.2303807, "t_287": 1.1753024, "t_288": 1.0755699, "t_289": 1.0872784, "t_290": 1.0690477, "t_291": 1.0381903, "t_292": 1.0322316, "t_293": 1.0090406, "t_294": 0.99562146, "t_295": 1.0094869, "t_296": 1.0022037, "t_297": 0.99433418, "t_298": 1.0146703, "t_299": 1.0342112, "t_300": 1.05094, "t_301": 1.0734931, "t_302": 1.1011982, "t_303": 1.1347789, "t_304": 1.1656764, "t_305": 1.2050128, "t_306": 1.249112, "t_307": 1.3028115, "t_308": 1.3587107, "t_309": 1.4238527, "t_310": 1.5028342, "t_311": 1.5865215, "t_312": 1.6738275, "t_313": 1.7870707, "t_314": 1.9000135, "t_315": 2.0214523, "t_316": 2.1412749, "t_317": 2.2665612, "t_318": 2.4130705, "t_319": 2.5503943, "t_320": 2.6568149, "t_321": 2.7867355, "t_322": 2.9247315, "t_323": 3.0353258, "t_324": 3.1382135, "t_325": 3.2388042, "t_326": 3.2327253, "t_327": 3.1887691, "t_328": 3.2674446, "t_329": 3.3248286, "t_330": 3.3156489, "t_331": 3.2759979, "t_332": 3.1758964, "t_333": 3.0409783, "t_334": 2.994665, "t_335": 2.9169306, "t_336": 2.6327943, "t_337": 2.5865839, "t_338": 2.5787373, "t_339": 2.4611174, "t_340": 2.3163989, "t_341": 2.159886, "t_342": 1.9895622, "t_343": 1.8960801, "t_344": 1.7561531, "t_345": 1.5894622, "t_346": 1.4519954, "t_347": 1.3553981, "t_348": 1.1915707, "t_349": 1.0938493, "t_350": 0.97594901, "t_351": 0.86016562, "t_352": 0.72933825, "t_353": 0.5619179, "t_354": 0.49522552, "t_355": 0.38643061, "t_356": 0.27625117, "t_357": 0.19132809, "t_358": 0.093981361, "t_359": -0.03654564, "t_360": -0.089655817, "t_361": -0.21851794, "t_362": -0.27260931, "t_363": -0.32850859, "t_364": -0.40875742, "t_365": -0.46092931, "t_366": -0.51612774, "t_367": -0.56054165, "t_368": -0.60882883, "t_369": -0.65152923, "t_370": -0.7047195,