{"sample_dict": {"t_000": -0.22496293, "t_001": -0.23225078, "t_002": -0.23888104, "t_003": -0.24303532, "t_004": -0.24397597, "t_005": -0.24500524, "t_006": -0.24790151, "t_007": -0.25054904, "t_008": -0.25077777, "t_009": -0.24835039, "t_010": -0.24545698, "t_011": -0.24053932, "t_012": -0.23536149, "t_013": -0.22951748, "t_014": -0.22220961, "t_015": -0.21371808, "t_016": -0.20251897, "t_017": -0.19022483, "t_018": -0.17892279, "t_019": -0.17030832, "t_020": -0.16700319, "t_021": -0.16681163, "t_022": -0.16741204, "t_023": -0.16929047, "t_024": -0.16747494, "t_025": -0.16416982, "t_026": -0.16093046, "t_027": -0.1539228, "t_028": -0.14456209, "t_029": -0.13382044, "t_030": -0.12256987, "t_031": -0.10821431, "t_032": -0.091228383, "t_033": -0.074351097, "t_034": -0.059397988, "t_035": -0.046923721, "t_036": -0.036390785, "t_037": -0.028273792, "t_038": -0.025165947, "t_039": -0.030332346, "t_040": -0.040748059, "t_041": -0.05273056, "t_042": -0.068484218, "t_043": -0.086719577, "t_044": -0.10633588, "t_045": -0.12614947, "t_046": -0.14226051, "t_047": -0.15968675, "t_048": -0.17534606, "t_049": -0.1865566, "t_050": -0.19728967, "t_051": -0.20663036, "t_052": -0.21263448, "t_053": -0.21859285, "t_054": -0.22251554, "t_055": -0.22229539, "t_056": -0.21882444, "t_057": -0.21248009, "t_058": -0.20612716, "t_059": -0.19998866, "t_060": -0.19659491, "t_061": -0.19433908, "t_062": -0.19418183, "t_063": -0.20007158, "t_064": -0.21112487, "t_065": -0.2263496, "t_066": -0.24333839, "t_067": -0.25919211, "t_068": -0.27090586, "t_069": -0.2802008, "t_070": -0.28638218, "t_071": -0.28746006, "t_072": -0.28669383, "t_073": -0.2850384, "t_074": -0.28095846, "t_075": -0.27426816, "t_076": -0.26700318, "t_077": -0.2610734, "t_078": -0.25658461, "t_079": -0.25274484, "t_080": -0.25028887, "t_081": -0.24832466, "t_082": -0.24575719, "t_083": -0.24461069, "t_084": -0.24485657, "t_085": -0.24489088, "t_086": -0.24490803, "t_087": -0.24817599, "t_088": -0.25755671, "t_089": -0.26814396, "t_090": -0.27754755, "t_091": -0.28633358, "t_092": -0.29390162, "t_093": -0.29944828, "t_094": -0.30145823, "t_095": -0.30272768, "t_096": -0.30433449, "t_097": -0.30486343, "t_098": -0.3051379, "t_099": -0.30459753, "t_100": -0.30179847, "t_101": -0.29723534, "t_102": -0.29279515, "t_103": -0.28801187, "t_104": -0.28094131, "t_105": -0.27401084, "t_106": -0.26796384, "t_107": -0.26134216, "t_108": -0.25415437, "t_109": -0.24506814, "t_110": -0.23607055, "t_111": -0.22723878, "t_112": -0.21672585, "t_113": -0.20790552, "t_114": -0.19878498, "t_115": -0.18904116, "t_116": -0.18111858, "t_117": -0.17287007, "t_118": -0.16410978, "t_119": -0.15818572, "t_120": -0.1534682, "t_121": -0.14878213, "t_122": -0.14764706, "t_123": -0.14818172, "t_124": -0.14999153, "t_125": -0.15257902, "t_126": -0.15662751, "t_127": -0.16232284, "t_128": -0.16793526, "t_129": -0.17325891, "t_130": -0.18027801, "t_131": -0.18688254, "t_132": -0.19193457, "t_133": -0.19575147, "t_134": -0.19670356, "t_135": -0.19865346, "t_136": -0.20124381, "t_137": -0.2036426, "t_138": -0.20619292, "t_139": -0.20881186, "t_140": -0.21105625, "t_141": -0.21082752, "t_142": -0.20877755, "t_143": -0.20611286, "t_144": -0.20492062, "t_145": -0.20421156, "t_146": -0.20139248, "t_147": -0.19854196, "t_148": -0.19633759, "t_149": -0.19391021, "t_150": -0.18952435, "t_151": -0.18506129, "t_152": -0.17895138, "t_153": -0.17098878, "t_154": -0.16390392, "t_155": -0.15639878, "t_156": -0.14834183, "t_157": -0.14357856, "t_158": -0.14261504, "t_159": -0.14190884, "t_160": -0.1450367, "t_161": -0.15247609, "t_162": -0.16205694, "t_163": -0.17531461, "t_164": -0.18881243, "t_165": -0.20101508, "t_166": -0.21403258, "t_167": -0.22626668, "t_168": -0.23574747, "t_169": -0.24236915, "t_170": -0.2457286, "t_171": -0.24708667, "t_172": -0.24869635, "t_173": -0.2506148, "t_174": -0.25502354, "t_175": -0.2575081, "t_176": -0.25862029, "t_177": -0.26220275, "t_178": -0.26514762, "t_179": -0.26722619, "t_180": -0.26720332, "t_181": -0.26648568, "t_182": -0.26719188, "t_183": -0.26561652, "t_184": -0.25999552, "t_185": -0.25541524, "t_186": -0.2532366, "t_187": -0.24521968, "t_188": -0.2366538, "t_189": -0.23464671, "t_190": -0.22961469, "t_191": -0.22045698, "t_192": -0.20856311, "t_193": -0.18792897, "t_194": -0.1604873, "t_195": -0.1325367, "t_196": -0.10080352, "t_197": -0.066868825, "t_198": -0.033277222, "t_199": 0.0028818547, "t_200": 0.038697839, "t_201": 0.07159182, "t_202": 0.08778578, "t_203": 0.098132874, "t_204": 0.10199552, "t_205": 0.088094563, "t_206": 0.07749015, "t_207": 0.057319178, "t_208": 0.027121331, "t_209": 0.0074163922, "t_210": -0.013486511, "t_211": -0.035495886, "t_212": -0.052238794, "t_213": -0.063878203, "t_214": -0.072672804, "t_215": -0.10078922, "t_216": -0.11792383, "t_217": -0.12873982, "t_218": -0.15116948, "t_219": -0.16254299, "t_220": -0.17681563, "t_221": -0.18952149, "t_222": -0.18811481, "t_223": -0.17827092, "t_224": -0.17300159, "t_225": -0.16400399, "t_226": -0.14784434, "t_227": -0.13703693, "t_228": -0.12591502, "t_229": -0.11296043, "t_230": -0.10482914, "t_231": -0.091948877, "t_232": -0.076818503, "t_233": -0.063801007, "t_234": -0.063552265, "t_235": -0.088395012, "t_236": -0.095991649, "t_237": -0.096792198, "t_238": -0.10219018, "t_239": -0.11634846, "t_240": -0.11963357, "t_241": -0.12278716, "t_242": -0.13738574, "t_243": -0.17391364, "t_244": -0.18881815, "t_245": -0.2050264, "t_246": -0.20911206, "t_247": -0.20922071, "t_248": -0.20761103, "t_249": -0.194848, "t_250": -0.17772483, "t_251": -0.1602843, "t_252": -0.13960441, "t_253": -0.11144796, "t_254": -0.07867692, "t_255": -0.044896617, "t_256": -0.013443624, "t_257": 0.022409529, "t_258": 0.063986606, "t_259": 0.11043274, "t_260": 0.1572191, "t_261": 0.2114763, "t_262": 0.26988777, "t_263": 0.3324907, "t_264": 0.39849881, "t_265": 0.45196976, "t_266": 0.50727053, "t_267": 0.55094619, "t_268": 0.59113088, "t_269": 0.63705951, "t_270": 0.69524798, "t_271": 0.75859141, "t_272": 0.82145737, "t_273": 0.88395736, "t_274": 0.93747977, "t_275": 1.0233672, "t_276": 1.0869966, "t_277": 1.1200163, "t_278": 1.1651787, "t_279": 1.25661, "t_280": 1.3123882, "t_281": 1.3569302, "t_282": 1.3724894, "t_283": 1.3522956, "t_284": 1.3389064, "t_285": 1.2953594, "t_286": 1.2460485, "t_287": 1.1874197, "t_288": 1.0760548, "t_289": 1.0810353, "t_290": 1.0606128, "t_291": 1.0277131, "t_292": 1.0130259, "t_293": 0.98447485, "t_294": 0.97322142, "t_295": 0.98733967, "t_296": 0.98605879, "t_297": 0.97375321, "t_298": 0.98904084, "t_299": 1.0075993, "t_300": 1.0214716, "t_301": 1.0464402, "t_302": 1.0726582, "t_303": 1.1011034, "t_304": 1.1383375, "t_305": 1.1865305, "t_306": 1.2378143, "t_307": 1.2923974, "t_308": 1.3466432, "t_309": 1.4152416, "t_310": 1.4901244, "t_311": 1.5725094, "t_312": 1.6645497, "t_313": 1.7777273, "t_314": 1.8960656, "t_315": 2.0299774, "t_316": 2.1464973, "t_317": 2.2579508, "t_318": 2.4021869, "t_319": 2.5459912, "t_320": 2.6635946, "t_321": 2.8050859, "t_322": 2.9281818, "t_323": 3.0233413, "t_324": 3.1321816, "t_325": 3.2131915, "t_326": 3.2334339, "t_327": 3.2143494, "t_328": 3.2560122, "t_329": 3.3409791, "t_330": 3.3429061, "t_331": 3.298307, "t_332": 3.1776671, "t_333": 3.0372766, "t_334": 3.0186152, "t_335": 2.9438211, "t_336": 2.6042968, "t_337": 2.559712, "t_338": 2.5781561, "t_339": 2.4771525, "t_340": 2.3333625, "t_341": 2.1568215, "t_342": 1.9934295, "t_343": 1.8966803, "t_344": 1.7362874, "t_345": 1.5688812, "t_346": 1.4487989, "t_347": 1.3494594, "t_348": 1.1804006, "t_349": 1.0869565, "t_350": 0.96465555, "t_351": 0.84808705, "t_352": 0.71565912, "t_353": 0.54951378, "t_354": 0.48651058, "t_355": 0.37340446, "t_356": 0.26535038, "t_357": 0.18217049, "t_358": 0.083445662, "t_359": -0.045534197, "t_360": -0.095531333, "t_361": -0.22254985, "t_362": -0.27832237, "t_363": -0.33425215, "t_364": -0.41330349, "t_365": -0.46476734, "t_366": -0.5210688, "t_367": -0.5650704, "t_368": -0.61208835, "t_369": -0.65613855,