{"t_000": -0.22718273, "t_001": -0.23418986, "t_002": -0.24123521, "t_003": -0.24562239, "t_004": -0.2484864, "t_005": -0.25052709, "t_006": -0.25173562, "t_007": -0.25347049, "t_008": -0.25407329, "t_009": -0.25150332, "t_010": -0.2493215, "t_011": -0.24652805, "t_012": -0.24103232, "t_013": -0.23518668, "t_014": -0.22738562, "t_015": -0.21981392, "t_016": -0.21204815, "t_017": -0.19923066, "t_018": -0.18808041, "t_019": -0.18036463, "t_020": -0.17594217, "t_021": -0.17473657, "t_022": -0.17393971, "t_023": -0.17638618, "t_024": -0.17746827, "t_025": -0.17270177, "t_026": -0.16506244, "t_027": -0.15939616, "t_028": -0.1532006, "t_029": -0.14325888, "t_030": -0.13029143, "t_031": -0.1147393, "t_032": -0.0978081, "t_033": -0.080732813, "t_034": -0.063331135, "t_035": -0.046111766, "t_036": -0.034191116, "t_037": -0.027142819, "t_038": -0.025434408, "t_039": -0.030818402, "t_040": -0.042050982, "t_041": -0.056979728, "t_042": -0.074766608, "t_043": -0.094888217, "t_044": -0.11454817, "t_045": -0.13385527, "t_046": -0.15228612, "t_047": -0.16730602, "t_048": -0.18051753, "t_049": -0.19414953, "t_050": -0.20418828, "t_051": -0.21225104, "t_052": -0.21828782, "t_053": -0.22231037, "t_054": -0.22698278, "t_055": -0.22778552, "t_056": -0.22233684, "t_057": -0.21624419, "t_058": -0.21187466, "t_059": -0.20646126, "t_060": -0.20191236, "t_061": -0.20044801, "t_062": -0.20234167, "t_063": -0.20850783, "t_064": -0.21803788, "t_065": -0.23122587, "t_066": -0.24591938, "t_067": -0.25778122, "t_068": -0.26789642, "t_069": -0.27423901, "t_070": -0.27597682, "t_071": -0.27385675, "t_072": -0.26976656, "t_073": -0.26519707, "t_074": -0.25785179, "t_075": -0.25004485, "t_076": -0.2429201, "t_077": -0.23476325, "t_078": -0.22666815, "t_079": -0.22086661, "t_080": -0.2174439, "t_081": -0.21457401, "t_082": -0.21313906, "t_083": -0.21242747, "t_084": -0.21187172, "t_085": -0.21342429, "t_086": -0.21563846, "t_087": -0.22069312, "t_088": -0.22850594, "t_089": -0.23828005, "t_090": -0.25060648, "t_091": -0.26299172, "t_092": -0.27376853, "t_093": -0.28286633, "t_094": -0.28941181, "t_095": -0.29250518, "t_096": -0.29492813, "t_097": -0.2958926, "t_098": -0.29505163, "t_099": -0.2950428, "t_100": -0.29415184, "t_101": -0.29144367, "t_102": -0.28903837, "t_103": -0.28613613, "t_104": -0.2816284, "t_105": -0.27712066, "t_106": -0.27337157, "t_107": -0.26762296, "t_108": -0.26033648, "t_109": -0.25359399, "t_110": -0.24476083, "t_111": -0.23497202, "t_112": -0.22553901, "t_113": -0.21714104, "t_114": -0.20896066, "t_115": -0.19924242, "t_116": -0.18985939, "t_117": -0.18118502, "t_118": -0.17323694, "t_119": -0.16688553, "t_120": -0.16175148, "t_121": -0.15696146, "t_122": -0.15420036, "t_123": -0.15429151, "t_124": -0.15631455, "t_125": -0.15966669, "t_126": -0.1643979, "t_127": -0.16972896, "t_128": -0.17568634, "t_129": -0.18221418, "t_130": -0.18709829, "t_131": -0.19217648, "t_132": -0.1971341, "t_133": -0.1993571, "t_134": -0.20027746, "t_135": -0.19991284, "t_136": -0.20144777, "t_137": -0.20500279, "t_138": -0.20726107, "t_139": -0.2088254, "t_140": -0.21028975, "t_141": -0.21096018, "t_142": -0.21018683, "t_143": -0.20919296, "t_144": -0.20830493, "t_145": -0.20766097, "t_146": -0.20601725, "t_147": -0.20379426, "t_148": -0.20079498, "t_149": -0.19652837, "t_150": -0.19226469, "t_151": -0.18695715, "t_152": -0.1797236, "t_153": -0.17105511, "t_154": -0.16194261, "t_155": -0.15351523, "t_156": -0.14688742, "t_157": -0.14320302, "t_158": -0.13988029, "t_159": -0.13935101, "t_160": -0.14584649, "t_161": -0.15451793, "t_162": -0.1654447, "t_163": -0.17978829, "t_164": -0.19381432, "t_165": -0.20764921, "t_166": -0.22252503, "t_167": -0.23527489, "t_168": -0.24426684, "t_169": -0.25076527, "t_170": -0.25401448, "t_171": -0.25599341, "t_172": -0.25584345, "t_173": -0.25649917, "t_174": -0.26268297, "t_175": -0.26545877, "t_176": -0.26687608, "t_177": -0.27016352, "t_178": -0.27138087, "t_179": -0.27283934, "t_180": -0.2738391, "t_181": -0.27278053, "t_182": -0.27158082, "t_183": -0.27030172, "t_184": -0.26589396, "t_185": -0.26180966, "t_186": -0.26075109, "t_187": -0.25166505, "t_188": -0.24022958, "t_189": -0.23719501, "t_190": -0.23289899, "t_191": -0.22311312, "t_192": -0.20907828, "t_193": -0.18568393, "t_194": -0.15735254, "t_195": -0.13038258, "t_196": -0.098366789, "t_197": -0.061855021, "t_198": -0.025302087, "t_199": 0.01032754, "t_200": 0.046295322, "t_201": 0.079490243, "t_202": 0.096571411, "t_203": 0.1064455, "t_204": 0.10626025, "t_205": 0.08798525, "t_206": 0.073080027, "t_207": 0.051473482, "t_208": 0.019754675, "t_209": -0.0036014474, "t_210": -0.026219513, "t_211": -0.047831938, "t_212": -0.06178739, "t_213": -0.072176057, "t_214": -0.082364772, "t_215": -0.11059619, "t_216": -0.12582486, "t_217": -0.13358181, "t_218": -0.15248313, "t_219": -0.16202494, "t_220": -0.1755158, "t_221": -0.19047395, "t_222": -0.19142372, "t_223": -0.18215831, "t_224": -0.17511589, "t_225": -0.16506538, "t_226": -0.14948091, "t_227": -0.13789841, "t_228": -0.12762737, "t_229": -0.11700934, "t_230": -0.10813208, "t_231": -0.094258958, "t_232": -0.078700951, "t_233": -0.06575702, "t_234": -0.062031449, "t_235": -0.0839291, "t_236": -0.094550064, "t_237": -0.095902678, "t_238": -0.10198356, "t_239": -0.11567143, "t_240": -0.12154942, "t_241": -0.12708926, "t_242": -0.14345296, "t_243": -0.18409902, "t_244": -0.20185649, "t_245": -0.22109302, "t_246": -0.226774, "t_247": -0.22822659, "t_248": -0.22607123, "t_249": -0.21316847, "t_250": -0.19583148, "t_251": -0.17672139, "t_252": -0.15805825, "t_253": -0.13186752, "t_254": -0.10012519, "t_255": -0.066915563, "t_256": -0.033976462, "t_257": 0.0032792432, "t_258": 0.043719473, "t_259": 0.08786175, "t_260": 0.1385054, "t_261": 0.19495941, "t_262": 0.24994024, "t_263": 0.31041387, "t_264": 0.37308402, "t_265": 0.42748558, "t_266": 0.48299276, "t_267": 0.52459154, "t_268": 0.56803986, "t_269": 0.61657226, "t_270": 0.67397898, "t_271": 0.73390862, "t_272": 0.79606713, "t_273": 0.86332441, "t_274": 0.92260421, "t_275": 1.0018174, "t_276": 1.0665488, "t_277": 1.1089827, "t_278": 1.1557391, "t_279": 1.2519746, "t_280": 1.3053382, "t_281": 1.3450051, "t_282": 1.3639035, "t_283": 1.3511213, "t_284": 1.3344135, "t_285": 1.2839052, "t_286": 1.2383691, "t_287": 1.1810006, "t_288": 1.070345, "t_289": 1.0813747, "t_290": 1.0623822, "t_291": 1.0278876, "t_292": 1.0135793, "t_293": 0.98139882, "t_294": 0.96641127, "t_295": 0.97832016, "t_296": 0.97703517, "t_297": 0.96864014, "t_298": 0.97994329, "t_299": 0.99826828, "t_300": 1.0147143, "t_301": 1.033845, "t_302": 1.0625939, "t_303": 1.0997996, "t_304": 1.1362938, "t_305": 1.1796156, "t_306": 1.2246283, "t_307": 1.2826113, "t_308": 1.3439465, "t_309": 1.4075959, "t_310": 1.4782053, "t_311": 1.5688598, "t_312": 1.6671979, "t_313": 1.7796736, "t_314": 1.8937696, "t_315": 2.0231295, "t_316": 2.1351554, "t_317": 2.2470695, "t_318": 2.4068103, "t_319": 2.5489437, "t_320": 2.6570881, "t_321": 2.8057199, "t_322": 2.9441923, "t_323": 3.0519398, "t_324": 3.1724754, "t_325": 3.247422, "t_326": 3.2367334, "t_327": 3.1928616, "t_328": 3.2719513, "t_329": 3.3531905, "t_330": 3.3293316, "t_331": 3.2947076, "t_332": 3.2091048, "t_333": 3.0410836, "t_334": 3.0016872, "t_335": 2.9538988, "t_336": 2.6575027, "t_337": 2.6055153, "t_338": 2.6070678, "t_339": 2.4836624, "t_340": 2.327256, "t_341": 2.164413, "t_342": 2.0047545, "t_343": 1.9019059, "t_344": 1.7512011, "t_345": 1.5865379, "t_346": 1.4618739, "t_347": 1.3724014, "t_348": 1.2048595, "t_349": 1.1015757, "t_350": 0.97910232, "t_351": 0.85837266, "t_352": 0.72641043, "t_353": 0.56318221, "t_354": 0.5000357, "t_355": 0.38993583, "t_356": 0.27782174, "t_357": 0.19180723, "t_358": 0.092263628, "t_359": -0.036687572, "t_360": -0.087854622, "t_361": -0.21385359, "t_362": -0.27014, "t_363": -0.32830242, "t_364": -0.40778321, "t_365": -0.45870915, "t_366": -0.51447803, "t_367": -0.5591143, "t_368": -0.6070292, "t_369": -0.65188307, "t_370": -0.70416455,