{"sample_dict": {"t_000": -0.22494563, "t_001": -0.23208043, "t_002": -0.23688507, "t_003": -0.23998794, "t_004": -0.24314794, "t_005": -0.24638911, "t_006": -0.24915524, "t_007": -0.2517109, "t_008": -0.25323828, "t_009": -0.25075779, "t_010": -0.24819311, "t_011": -0.24595616, "t_012": -0.24021945, "t_013": -0.2336018, "t_014": -0.22634373, "t_015": -0.21794012, "t_016": -0.20892015, "t_017": -0.19798193, "t_018": -0.18781341, "t_019": -0.1796353, "t_020": -0.17420828, "t_021": -0.17395573, "t_022": -0.17430149, "t_023": -0.17300562, "t_024": -0.17109038, "t_025": -0.17068749, "t_026": -0.16745233, "t_027": -0.15869093, "t_028": -0.14804736, "t_029": -0.13810735, "t_030": -0.12632426, "t_031": -0.11179007, "t_032": -0.095145217, "t_033": -0.075520763, "t_034": -0.059014212, "t_035": -0.043701305, "t_036": -0.028039626, "t_037": -0.019425552, "t_038": -0.019052726, "t_039": -0.024918715, "t_040": -0.035905042, "t_041": -0.049621414, "t_042": -0.069140635, "t_043": -0.089095822, "t_044": -0.10437265, "t_045": -0.12017564, "t_046": -0.13735268, "t_047": -0.15233786, "t_048": -0.16599109, "t_049": -0.1777381, "t_050": -0.18729627, "t_051": -0.19678528, "t_052": -0.20363144, "t_053": -0.20870667, "t_054": -0.21200197, "t_055": -0.21027014, "t_056": -0.20482207, "t_057": -0.19820442, "t_058": -0.19257295, "t_059": -0.18779537, "t_060": -0.18391678, "t_061": -0.18344774, "t_062": -0.18468348, "t_063": -0.1895693, "t_064": -0.20033614, "t_065": -0.2119689, "t_066": -0.22364976, "t_067": -0.23327107, "t_068": -0.23953093, "t_069": -0.24220986, "t_070": -0.24155441, "t_071": -0.23855376, "t_072": -0.23440157, "t_073": -0.22939849, "t_074": -0.22125947, "t_075": -0.21225754, "t_076": -0.20368856, "t_077": -0.19547738, "t_078": -0.18779537, "t_079": -0.18241646, "t_080": -0.1789137, "t_081": -0.17658054, "t_082": -0.17582587, "t_083": -0.1771939, "t_084": -0.1801765, "t_085": -0.18132204, "t_086": -0.18353494, "t_087": -0.18942498, "t_088": -0.19932891, "t_089": -0.21261232, "t_090": -0.22691499, "t_091": -0.23988571, "t_092": -0.25141023, "t_093": -0.26321437, "t_094": -0.27281763, "t_095": -0.27788686, "t_096": -0.28122425, "t_097": -0.2835965, "t_098": -0.28384906, "t_099": -0.28456164, "t_100": -0.28523513, "t_101": -0.28469694, "t_102": -0.28232769, "t_103": -0.27949843, "t_104": -0.27712918, "t_105": -0.27267933, "t_106": -0.26838281, "t_107": -0.26380969, "t_108": -0.25693046, "t_109": -0.24997906, "t_110": -0.24234215, "t_111": -0.23206239, "t_112": -0.2225373, "t_113": -0.21334595, "t_114": -0.2033879, "t_115": -0.19449721, "t_116": -0.18579294, "t_117": -0.1769684, "t_118": -0.16901579, "t_119": -0.16203733, "t_120": -0.15560609, "t_121": -0.1518147, "t_122": -0.14907563, "t_123": -0.14877196, "t_124": -0.15132161, "t_125": -0.15446657, "t_126": -0.15873302, "t_127": -0.16463809, "t_128": -0.17084384, "t_129": -0.17787641, "t_130": -0.18448203, "t_131": -0.18853802, "t_132": -0.19170102, "t_133": -0.19434387, "t_134": -0.19667403, "t_135": -0.19827057, "t_136": -0.20097656, "t_137": -0.20479201, "t_138": -0.20984018, "t_139": -0.21244094, "t_140": -0.21268148, "t_141": -0.21253716, "t_142": -0.21184262, "t_143": -0.21104285, "t_144": -0.2088991, "t_145": -0.20822862, "t_146": -0.20821659, "t_147": -0.20742584, "t_148": -0.20532118, "t_149": -0.20177032, "t_150": -0.19783761, "t_151": -0.19143343, "t_152": -0.18303884, "t_153": -0.17456307, "t_154": -0.16676981, "t_155": -0.1597643, "t_156": -0.15236792, "t_157": -0.14739792, "t_158": -0.14601486, "t_159": -0.14752119, "t_160": -0.15212138, "t_161": -0.1610301, "t_162": -0.17202846, "t_163": -0.18459328, "t_164": -0.19847502, "t_165": -0.21281076, "t_166": -0.22893847, "t_167": -0.24171075, "t_168": -0.2509893, "t_169": -0.25823234, "t_170": -0.26162084, "t_171": -0.26320234, "t_172": -0.26371949, "t_173": -0.26440801, "t_174": -0.26871655, "t_175": -0.27090239, "t_176": -0.27088135, "t_177": -0.27328066, "t_178": -0.27614901, "t_179": -0.27865957, "t_180": -0.27928195, "t_181": -0.27904142, "t_182": -0.27883696, "t_183": -0.27617908, "t_184": -0.2711309, "t_185": -0.26633829, "t_186": -0.26309711, "t_187": -0.25475364, "t_188": -0.24577275, "t_189": -0.24389659, "t_190": -0.23851768, "t_191": -0.2276426, "t_192": -0.21261834, "t_193": -0.1903811, "t_194": -0.16338432, "t_195": -0.13708208, "t_196": -0.10562643, "t_197": -0.070165905, "t_198": -0.034392693, "t_199": 0.0027425348, "t_200": 0.039240351, "t_201": 0.071513814, "t_202": 0.088062458, "t_203": 0.097497349, "t_204": 0.095371642, "t_205": 0.076721345, "t_206": 0.062277362, "t_207": 0.039676317, "t_208": 0.0070901617, "t_209": -0.015748409, "t_210": -0.037889436, "t_211": -0.058758646, "t_212": -0.072201413, "t_213": -0.082727721, "t_214": -0.091955153, "t_215": -0.11725016, "t_216": -0.13357932, "t_217": -0.14258125, "t_218": -0.16055205, "t_219": -0.16979451, "t_220": -0.18244352, "t_221": -0.1951256, "t_222": -0.19591335, "t_223": -0.18732333, "t_224": -0.17788843, "t_225": -0.16847158, "t_226": -0.15309253, "t_227": -0.13999252, "t_228": -0.12919862, "t_229": -0.11641431, "t_230": -0.10693432, "t_231": -0.094330412, "t_232": -0.078187668, "t_233": -0.065307147, "t_234": -0.064925301, "t_235": -0.083446312, "t_236": -0.089306288, "t_237": -0.09177776, "t_238": -0.097171704, "t_239": -0.11096024, "t_240": -0.11870539, "t_241": -0.12776144, "t_242": -0.14878399, "t_243": -0.19258798, "t_244": -0.21331889, "t_245": -0.23149413, "t_246": -0.23695122, "t_247": -0.23896568, "t_248": -0.23727293, "t_249": -0.22433829, "t_250": -0.20703497, "t_251": -0.18992108, "t_252": -0.17218781, "t_253": -0.14622232, "t_254": -0.11282737, "t_255": -0.079910483, "t_256": -0.047928666, "t_257": -0.011665368, "t_258": 0.028004472, "t_259": 0.072024946, "t_260": 0.12120785, "t_261": 0.17648224, "t_262": 0.2320543, "t_263": 0.29527529, "t_264": 0.3585534, "t_265": 0.41124508, "t_266": 0.46691936, "t_267": 0.50567517, "t_268": 0.54209181, "t_269": 0.59259163, "t_270": 0.65135976, "t_271": 0.71156507, "t_272": 0.77518595, "t_273": 0.84168119, "t_274": 0.90157681, "t_275": 0.97819847, "t_276": 1.0352588, "t_277": 1.0707374, "t_278": 1.1208012, "t_279": 1.2086137, "t_280": 1.2691738, "t_281": 1.3226863, "t_282": 1.3384171, "t_283": 1.3172893, "t_284": 1.3022109, "t_285": 1.2600967, "t_286": 1.2177088, "t_287": 1.1604741, "t_288": 1.047986, "t_289": 1.0574269, "t_290": 1.0399883, "t_291": 1.0103938, "t_292": 0.99962091, "t_293": 0.96839376, "t_294": 0.9554501, "t_295": 0.96720613, "t_296": 0.95884462, "t_297": 0.95561847, "t_298": 0.97578713, "t_299": 0.99237486, "t_300": 1.0078922, "t_301": 1.0340471, "t_302": 1.0595346, "t_303": 1.093167, "t_304": 1.1305939, "t_305": 1.1715296, "t_306": 1.2179764, "t_307": 1.2729171, "t_308": 1.3318626, "t_309": 1.4002971, "t_310": 1.4792068, "t_311": 1.5740248, "t_312": 1.6686624, "t_313": 1.7792262, "t_314": 1.8911761, "t_315": 2.0233908, "t_316": 2.144051, "t_317": 2.2489443, "t_318": 2.4064901, "t_319": 2.5506383, "t_320": 2.6531142, "t_321": 2.7841203, "t_322": 2.9096543, "t_323": 3.042774, "t_324": 3.1566572, "t_325": 3.2241747, "t_326": 3.2635529, "t_327": 3.2259276, "t_328": 3.2781352, "t_329": 3.3706531, "t_330": 3.3486173, "t_331": 3.3030333, "t_332": 3.2076591, "t_333": 3.0703541, "t_334": 3.0322988, "t_335": 2.9589574, "t_336": 2.6310604, "t_337": 2.6005969, "t_338": 2.6126115, "t_339": 2.4957939, "t_340": 2.3491201, "t_341": 2.1805699, "t_342": 2.0142596, "t_343": 1.9127518, "t_344": 1.767383, "t_345": 1.6053692, "t_346": 1.4752681, "t_347": 1.3779847, "t_348": 1.210571, "t_349": 1.112548, "t_350": 0.99030628, "t_351": 0.87305566, "t_352": 0.73785528, "t_353": 0.5713075, "t_354": 0.50744008, "t_355": 0.39331337, "t_356": 0.28194677, "t_357": 0.19762506, "t_358": 0.099932742, "t_359": -0.029630148, "t_360": -0.083725931, "t_361": -0.21058584, "t_362": -0.26663895, "t_363": -0.3247366, "t_364": -0.40355913, "t_365": -0.45457309, "t_366": -0.51060817, "t_367": -0.55557875, "t_368": -0.60414228, "t_369": -0.64972321,