{"t_000": -0.21771417, "t_001": -0.22461744, "t_002": -0.22856927, "t_003": -0.23232226, "t_004": -0.23510283, "t_005": -0.23815991, "t_006": -0.23726205, "t_007": -0.23556885, "t_008": -0.23626788, "t_009": -0.23505002, "t_010": -0.23178789, "t_011": -0.22705937, "t_012": -0.22077435, "t_013": -0.21277438, "t_014": -0.20456315, "t_015": -0.19454999, "t_016": -0.18369178, "t_017": -0.17387124, "t_018": -0.16312177, "t_019": -0.15560957, "t_020": -0.15222629, "t_021": -0.1509494, "t_022": -0.15353113, "t_023": -0.15633345, "t_024": -0.15620607, "t_025": -0.15503792, "t_026": -0.15207095, "t_027": -0.14375409, "t_028": -0.1349184, "t_029": -0.12601746, "t_030": -0.11428936, "t_031": -0.099637767, "t_032": -0.081090272, "t_033": -0.063356753, "t_034": -0.047067889, "t_035": -0.030173203, "t_036": -0.016562386, "t_037": -0.0082144595, "t_038": -0.0066641747, "t_039": -0.011311922, "t_040": -0.020119652, "t_041": -0.034386001, "t_042": -0.052489226, "t_043": -0.069616922, "t_044": -0.088934899, "t_045": -0.10917559, "t_046": -0.12709862, "t_047": -0.14287487, "t_048": -0.1554387, "t_049": -0.16628448, "t_050": -0.17703706, "t_051": -0.18541294, "t_052": -0.19056088, "t_053": -0.19417407, "t_054": -0.19728085, "t_055": -0.19820357, "t_056": -0.19570261, "t_057": -0.19272631, "t_058": -0.18774614, "t_059": -0.18195509, "t_060": -0.17740676, "t_061": -0.17667667, "t_062": -0.17942306, "t_063": -0.18584479, "t_064": -0.19793017, "t_065": -0.21346719, "t_066": -0.23006052, "t_067": -0.24386396, "t_068": -0.25323402, "t_069": -0.26049146, "t_070": -0.2660961, "t_071": -0.26621105, "t_072": -0.26320679, "t_073": -0.2581272, "t_074": -0.25156878, "t_075": -0.24483328, "t_076": -0.23633623, "t_077": -0.2304613, "t_078": -0.22593472, "t_079": -0.22237124, "t_080": -0.21861513, "t_081": -0.21694058, "t_082": -0.21718291, "t_083": -0.21583767, "t_084": -0.21601786, "t_085": -0.21749048, "t_086": -0.21939183, "t_087": -0.22170017, "t_088": -0.22842636, "t_089": -0.23965427, "t_090": -0.25051869, "t_091": -0.26004719, "t_092": -0.26906619, "t_093": -0.2770444, "t_094": -0.28117643, "t_095": -0.28410612, "t_096": -0.28723776, "t_097": -0.28857368, "t_098": -0.2887197, "t_099": -0.2885364, "t_100": -0.28827853, "t_101": -0.28742106, "t_102": -0.28568437, "t_103": -0.28132555, "t_104": -0.27706615, "t_105": -0.27334423, "t_106": -0.26812172, "t_107": -0.26172175, "t_108": -0.25516022, "t_109": -0.24759521, "t_110": -0.23827175, "t_111": -0.22999217, "t_112": -0.22255764, "t_113": -0.2146602, "t_114": -0.20672858, "t_115": -0.19914182, "t_116": -0.19097719, "t_117": -0.18277839, "t_118": -0.17512949, "t_119": -0.16739671, "t_120": -0.16225498, "t_121": -0.15919791, "t_122": -0.15689578, "t_123": -0.15606316, "t_124": -0.15791791, "t_125": -0.16124528, "t_126": -0.16458507, "t_127": -0.16895631, "t_128": -0.17518852, "t_129": -0.18229995, "t_130": -0.18962574, "t_131": -0.19576474, "t_132": -0.2000956, "t_133": -0.20250025, "t_134": -0.20428354, "t_135": -0.20716975, "t_136": -0.20921401, "t_137": -0.21129245, "t_138": -0.21432467, "t_139": -0.21679145, "t_140": -0.21830756, "t_141": -0.21923649, "t_142": -0.21855921, "t_143": -0.21636272, "t_144": -0.21480622, "t_145": -0.21441787, "t_146": -0.21362875, "t_147": -0.21183613, "t_148": -0.21034488, "t_149": -0.20770411, "t_150": -0.20202491, "t_151": -0.19461834, "t_152": -0.1864475, "t_153": -0.17762734, "t_154": -0.16832874, "t_155": -0.16101227, "t_156": -0.15433268, "t_157": -0.14897038, "t_158": -0.14768728, "t_159": -0.14821854, "t_160": -0.15318939, "t_161": -0.16234508, "t_162": -0.17274348, "t_163": -0.1871807, "t_164": -0.20085676, "t_165": -0.21377787, "t_166": -0.22811878, "t_167": -0.24042475, "t_168": -0.24980724, "t_169": -0.25609847, "t_170": -0.26016215, "t_171": -0.2615633, "t_172": -0.261147, "t_173": -0.26291476, "t_174": -0.26803163, "t_175": -0.27065065, "t_176": -0.27162928, "t_177": -0.27430422, "t_178": -0.27677101, "t_179": -0.27935585, "t_180": -0.28015429, "t_181": -0.28012944, "t_182": -0.27996478, "t_183": -0.27831197, "t_184": -0.27432597, "t_185": -0.26905065, "t_186": -0.26461727, "t_187": -0.25501731, "t_188": -0.24570939, "t_189": -0.2439292, "t_190": -0.2399867, "t_191": -0.23167916, "t_192": -0.21721087, "t_193": -0.19581445, "t_194": -0.17095087, "t_195": -0.14473272, "t_196": -0.11373635, "t_197": -0.079707753, "t_198": -0.046089253, "t_199": -0.010513479, "t_200": 0.02440987, "t_201": 0.056785657, "t_202": 0.073058988, "t_203": 0.08095643, "t_204": 0.080322647, "t_205": 0.062005053, "t_206": 0.045330948, "t_207": 0.022322112, "t_208": -0.0092396979, "t_209": -0.032534358, "t_210": -0.052790584, "t_211": -0.072030892, "t_212": -0.085825009, "t_213": -0.09661176, "t_214": -0.10684861, "t_215": -0.12937279, "t_216": -0.14330671, "t_217": -0.15375482, "t_218": -0.1711932, "t_219": -0.18019355, "t_220": -0.19347505, "t_221": -0.20677829, "t_222": -0.20681557, "t_223": -0.19841172, "t_224": -0.19065098, "t_225": -0.18052597, "t_226": -0.16609807, "t_227": -0.15440414, "t_228": -0.14423253, "t_229": -0.13291763, "t_230": -0.12229554, "t_231": -0.10823113, "t_232": -0.093756627, "t_233": -0.081326387, "t_234": -0.079055329, "t_235": -0.097310786, "t_236": -0.10402454, "t_237": -0.10565871, "t_238": -0.11124471, "t_239": -0.12398563, "t_240": -0.1297922, "t_241": -0.13643451, "t_242": -0.15281036, "t_243": -0.19039312, "t_244": -0.20666955, "t_245": -0.22156969, "t_246": -0.22657471, "t_247": -0.22945781, "t_248": -0.22850403, "t_249": -0.2172699, "t_250": -0.2014719, "t_251": -0.1834712, "t_252": -0.16364993, "t_253": -0.13777042, "t_254": -0.10758492, "t_255": -0.076122525, "t_256": -0.045210033, "t_257": -0.010274257, "t_258": 0.028327524, "t_259": 0.068103668, "t_260": 0.11143397, "t_261": 0.1734609, "t_262": 0.23066299, "t_263": 0.29137575, "t_264": 0.35345238, "t_265": 0.40340635, "t_266": 0.45452225, "t_267": 0.49330422, "t_268": 0.53006368, "t_269": 0.57646038, "t_270": 0.63193821, "t_271": 0.6912032, "t_272": 0.75334819, "t_273": 0.81641278, "t_274": 0.87420826, "t_275": 0.95045494, "t_276": 1.0042893, "t_277": 1.0404678, "t_278": 1.0908505, "t_279": 1.173435, "t_280": 1.2262472, "t_281": 1.2689468, "t_282": 1.2855215, "t_283": 1.2737157, "t_284": 1.2602727, "t_285": 1.2165323, "t_286": 1.1796983, "t_287": 1.1350724, "t_288": 1.0338938, "t_289": 1.0369136, "t_290": 1.0163218, "t_291": 0.99103574, "t_292": 0.97941326, "t_293": 0.9544254, "t_294": 0.9456767, "t_295": 0.95651627, "t_296": 0.95859781, "t_297": 0.95568676, "t_298": 0.97010534, "t_299": 0.98716779, "t_300": 1.0054699, "t_301": 1.0327039, "t_302": 1.0612086, "t_303": 1.0959922, "t_304": 1.1334103, "t_305": 1.1773309, "t_306": 1.2243427, "t_307": 1.2809918, "t_308": 1.3400455, "t_309": 1.4098985, "t_310": 1.4885902, "t_311": 1.5812531, "t_312": 1.6784985, "t_313": 1.7866239, "t_314": 1.9005465, "t_315": 2.033231, "t_316": 2.1504592, "t_317": 2.2632821, "t_318": 2.4183696, "t_319": 2.5609927, "t_320": 2.6674994, "t_321": 2.8032223, "t_322": 2.9399643, "t_323": 3.0630799, "t_324": 3.1726158, "t_325": 3.2438854, "t_326": 3.2510216, "t_327": 3.2064269, "t_328": 3.2858829, "t_329": 3.3551051, "t_330": 3.3250097, "t_331": 3.3041725, "t_332": 3.2228245, "t_333": 3.0866697, "t_334": 3.0493914, "t_335": 2.9724519, "t_336": 2.6979987, "t_337": 2.6645324, "t_338": 2.6414894, "t_339": 2.5197563, "t_340": 2.3758129, "t_341": 2.2113646, "t_342": 2.0472302, "t_343": 1.9414877, "t_344": 1.7881244, "t_345": 1.6253321, "t_346": 1.5040402, "t_347": 1.4099575, "t_348": 1.2418929, "t_349": 1.140559, "t_350": 1.0210473, "t_351": 0.8996466, "t_352": 0.75722234, "t_353": 0.59596787, "t_354": 0.53121319, "t_355": 0.41793988, "t_356": 0.30708675, "t_357": 0.21763314, "t_358": 0.11867899, "t_359": -0.009854841, "t_360": -0.065021989, "t_361": -0.19023467, "t_362": -0.2497886, "t_363": -0.30926175, "t_364": -0.38845676, "t_365": -0.44209847, "t_366": -0.49870095, "t_367": -0.54403203, "t_368": -0.59415997, "t_369": -0.64123085, "t_370": -0.6918186,