{"sample_dict": {"t_000": -0.15886239, "t_001": -0.16577251, "t_002": -0.17074493, "t_003": -0.17484426, "t_004": -0.17739863, "t_005": -0.17902473, "t_006": -0.18101435, "t_007": -0.18300397, "t_008": -0.18414321, "t_009": -0.18141357, "t_010": -0.18026783, "t_011": -0.17869367, "t_012": -0.17109547, "t_013": -0.16459107, "t_014": -0.15934925, "t_015": -0.15290003, "t_016": -0.14645081, "t_017": -0.13978737, "t_018": -0.1327312, "t_019": -0.12796001, "t_020": -0.12443193, "t_021": -0.12579837, "t_022": -0.13433458, "t_023": -0.13969325, "t_024": -0.1405209, "t_025": -0.14149137, "t_026": -0.13920964, "t_027": -0.13632745, "t_028": -0.13251699, "t_029": -0.12461694, "t_030": -0.1149999, "t_031": -0.1044189, "t_032": -0.092325393, "t_033": -0.076905037, "t_034": -0.059066629, "t_035": -0.044610248, "t_036": -0.032610868, "t_037": -0.022990592, "t_038": -0.021000973, "t_039": -0.023100946, "t_040": -0.029793594, "t_041": -0.040861456, "t_042": -0.055876099, "t_043": -0.073399673, "t_044": -0.09178336, "t_045": -0.10836892, "t_046": -0.12352313, "t_047": -0.138937, "t_048": -0.15186465, "t_049": -0.16261768, "t_050": -0.17254305, "t_051": -0.18234184, "t_052": -0.19070603, "t_053": -0.19366287, "t_054": -0.19387059, "t_055": -0.19087156, "t_056": -0.18670407, "t_057": -0.18518184, "t_058": -0.18140059, "t_059": -0.17597701, "t_060": -0.17303964, "t_061": -0.17323114, "t_062": -0.1765158, "t_063": -0.18357521, "t_064": -0.19215362, "t_065": -0.20191346, "t_066": -0.21328642, "t_067": -0.22296187, "t_068": -0.22820369, "t_069": -0.23016085, "t_070": -0.22853475, "t_071": -0.22377979, "t_072": -0.21957011, "t_073": -0.21523709, "t_074": -0.20806083, "t_075": -0.1985931, "t_076": -0.18975828, "t_077": -0.18108251, "t_078": -0.17381537, "t_079": -0.16936226, "t_080": -0.1634713, "t_081": -0.15986532, "t_082": -0.15696366, "t_083": -0.15521746, "t_084": -0.15784, "t_085": -0.15810939, "t_086": -0.15830413, "t_087": -0.16279944, "t_088": -0.17099809, "t_089": -0.18322467, "t_090": -0.19764535, "t_091": -0.2119784, "t_092": -0.22513325, "t_093": -0.23772659, "t_094": -0.24581165, "t_095": -0.25045626, "t_096": -0.25427645, "t_097": -0.25608431, "t_098": -0.25614274, "t_099": -0.25486068, "t_100": -0.25629528, "t_101": -0.25868737, "t_102": -0.25801226, "t_103": -0.25532157, "t_104": -0.2517091, "t_105": -0.24908981, "t_106": -0.24650948, "t_107": -0.24235822, "t_108": -0.23786291, "t_109": -0.2326568, "t_110": -0.22748963, "t_111": -0.22114752, "t_112": -0.21410758, "t_113": -0.20898261, "t_114": -0.20445809, "t_115": -0.19922601, "t_116": -0.19321496, "t_117": -0.18657749, "t_118": -0.1800309, "t_119": -0.17514286, "t_120": -0.17189716, "t_121": -0.16828468, "t_122": -0.16711623, "t_123": -0.16842749, "t_124": -0.17245866, "t_125": -0.17856059, "t_126": -0.18320845, "t_127": -0.18685987, "t_128": -0.19119938, "t_129": -0.19601925, "t_130": -0.19969664, "t_131": -0.20428607, "t_132": -0.20892743, "t_133": -0.21180313, "t_134": -0.21232893, "t_135": -0.21264701, "t_136": -0.21584079, "t_137": -0.21999854, "t_138": -0.22256589, "t_139": -0.22427638, "t_140": -0.22730787, "t_141": -0.22829457, "t_142": -0.22705795, "t_143": -0.22724945, "t_144": -0.22800894, "t_145": -0.22729489, "t_146": -0.22602582, "t_147": -0.22345197, "t_148": -0.22042048, "t_149": -0.2194987, "t_150": -0.21722021, "t_151": -0.21329615, "t_152": -0.2073987, "t_153": -0.19860933, "t_154": -0.19036198, "t_155": -0.18252685, "t_156": -0.17472417, "t_157": -0.16930708, "t_158": -0.16677867, "t_159": -0.1677394, "t_160": -0.17410748, "t_161": -0.18340968, "t_162": -0.19256907, "t_163": -0.20371807, "t_164": -0.21690538, "t_165": -0.22916117, "t_166": -0.23920988, "t_167": -0.24924236, "t_168": -0.25813885, "t_169": -0.26368251, "t_170": -0.26590907, "t_171": -0.26693471, "t_172": -0.26792465, "t_173": -0.2686874, "t_174": -0.27263418, "t_175": -0.27400386, "t_176": -0.27464327, "t_177": -0.27781757, "t_178": -0.27966113, "t_179": -0.28213436, "t_180": -0.28297175, "t_181": -0.28230963, "t_182": -0.28294579, "t_183": -0.28074195, "t_184": -0.27616226, "t_185": -0.27212135, "t_186": -0.26970655, "t_187": -0.26280293, "t_188": -0.2545848, "t_189": -0.2545848, "t_190": -0.25282887, "t_191": -0.24522418, "t_192": -0.23513652, "t_193": -0.21812901, "t_194": -0.19690533, "t_195": -0.17759662, "t_196": -0.15243589, "t_197": -0.12257863, "t_198": -0.09346139, "t_199": -0.06455512, "t_200": -0.034944532, "t_201": -0.0062622157, "t_202": 0.0091516487, "t_203": 0.017295129, "t_204": 0.015240596, "t_205": -0.00041994237, "t_206": -0.010523829, "t_207": -0.027472913, "t_208": -0.053626824, "t_209": -0.070163703, "t_210": -0.083906028, "t_211": -0.097537999, "t_212": -0.10644422, "t_213": -0.11197815, "t_214": -0.11586975, "t_215": -0.13721353, "t_216": -0.14977441, "t_217": -0.15572055, "t_218": -0.17270209, "t_219": -0.18081311, "t_220": -0.1930332, "t_221": -0.20738572, "t_222": -0.20721045, "t_223": -0.19686314, "t_224": -0.19114095, "t_225": -0.18378294, "t_226": -0.16977122, "t_227": -0.15988804, "t_228": -0.14923238, "t_229": -0.13743099, "t_230": -0.1298263, "t_231": -0.11738875, "t_232": -0.10199111, "t_233": -0.085665201, "t_234": -0.081695701, "t_235": -0.10346791, "t_236": -0.10690186, "t_237": -0.1033608, "t_238": -0.10505181, "t_239": -0.11838842, "t_240": -0.12833652, "t_241": -0.13662605, "t_242": -0.15185167, "t_243": -0.19085533, "t_244": -0.21165383, "t_245": -0.23051463, "t_246": -0.23498722, "t_247": -0.23837249, "t_248": -0.23834652, "t_249": -0.22654838, "t_250": -0.21165058, "t_251": -0.19719095, "t_252": -0.18433146, "t_253": -0.16113114, "t_254": -0.13218917, "t_255": -0.10602552, "t_256": -0.083062144, "t_257": -0.056288304, "t_258": -0.023457973, "t_259": 0.01466286, "t_260": 0.055000511, "t_261": 0.093406967, "t_262": 0.14000559, "t_263": 0.19494243, "t_264": 0.25111264, "t_265": 0.29338474, "t_266": 0.33583859, "t_267": 0.37580948, "t_268": 0.41249246, "t_269": 0.45206412, "t_270": 0.50078868, "t_271": 0.55221367, "t_272": 0.60605671, "t_273": 0.66490139, "t_274": 0.71527801, "t_275": 0.7791373, "t_276": 0.83182812, "t_277": 0.87071818, "t_278": 0.91606721, "t_279": 0.98750847, "t_280": 1.0382162, "t_281": 1.0796444, "t_282": 1.1007966, "t_283": 1.0963013, "t_284": 1.0919975, "t_285": 1.0654087, "t_286": 1.0385342, "t_287": 1.0006503, "t_288": 0.91110128, "t_289": 0.92835221, "t_290": 0.92104612, "t_291": 0.90841383, "t_292": 0.9092285, "t_293": 0.89923172, "t_294": 0.9000042, "t_295": 0.91726487, "t_296": 0.92556739, "t_297": 0.93077026, "t_298": 0.95079952, "t_299": 0.9733085, "t_300": 0.99692102, "t_301": 1.0317053, "t_302": 1.0660643, "t_303": 1.1090959, "t_304": 1.1565254, "t_305": 1.2063276, "t_306": 1.2602128, "t_307": 1.3270419, "t_308": 1.3930466, "t_309": 1.4653058, "t_310": 1.5456533, "t_311": 1.6383702, "t_312": 1.7378219, "t_313": 1.8519475, "t_314": 1.9728436, "t_315": 2.1070114, "t_316": 2.2221918, "t_317": 2.3346491, "t_318": 2.4886092, "t_319": 2.6249484, "t_320": 2.7231343, "t_321": 2.8687302, "t_322": 3.0092953, "t_323": 3.0899966, "t_324": 3.1768063, "t_325": 3.2696692, "t_326": 3.2986826, "t_327": 3.2482767, "t_328": 3.3029572, "t_329": 3.3733176, "t_330": 3.3602991, "t_331": 3.3309287, "t_332": 3.2296399, "t_333": 3.1069911, "t_334": 3.0766697, "t_335": 3.0070233, "t_336": 2.724121, "t_337": 2.6742994, "t_338": 2.6615567, "t_339": 2.5465029, "t_340": 2.40561, "t_341": 2.2497089, "t_342": 2.0900396, "t_343": 1.9867514, "t_344": 1.8475203, "t_345": 1.690704, "t_346": 1.5604667, "t_347": 1.4671169, "t_348": 1.3079052, "t_349": 1.2025658, "t_350": 1.0753763, "t_351": 0.96157527, "t_352": 0.83245454, "t_353": 0.65659562, "t_354": 0.59118488, "t_355": 0.48193762, "t_356": 0.36994448, "t_357": 0.28299523, "t_358": 0.18222575, "t_359": 0.055529562, "t_360": 0.0054969822, "t_361": -0.12444491, "t_362": -0.18230938, "t_363": -0.2419947, "t_364": -0.32456225, "t_365": -0.38034947, "t_366": -0.44045023, "t_367": -0.48911637, "t_368": -0.53985651, "t_369": -0.58460183,