{"sample_dict": {"t_000": -0.17127681, "t_001": -0.17767801, "t_002": -0.18220295, "t_003": -0.18411875, "t_004": -0.18514659, "t_005": -0.18721748, "t_006": -0.18917585, "t_007": -0.19023106, "t_008": -0.18898427, "t_009": -0.1857639, "t_010": -0.18242494, "t_011": -0.1756132, "t_012": -0.16649035, "t_013": -0.15913732, "t_014": -0.15197588, "t_015": -0.14511245, "t_016": -0.13675592, "t_017": -0.12644709, "t_018": -0.11996986, "t_019": -0.11605311, "t_020": -0.11332538, "t_021": -0.11698668, "t_022": -0.12415421, "t_023": -0.13075916, "t_024": -0.13737323, "t_025": -0.13945324, "t_026": -0.13869908, "t_027": -0.13697791, "t_028": -0.13156197, "t_029": -0.1250817, "t_030": -0.11690154, "t_031": -0.10514826, "t_032": -0.092397544, "t_033": -0.078016881, "t_034": -0.063499374, "t_035": -0.049924563, "t_036": -0.035866241, "t_037": -0.02590104, "t_038": -0.021108499, "t_039": -0.022124177, "t_040": -0.027737775, "t_041": -0.040518898, "t_042": -0.058731161, "t_043": -0.078153723, "t_044": -0.098117575, "t_045": -0.11782599, "t_046": -0.13610211, "t_047": -0.15086898, "t_048": -0.16576964, "t_049": -0.17921065, "t_050": -0.18724485, "t_051": -0.19243879, "t_052": -0.19830175, "t_053": -0.20358084, "t_054": -0.20391535, "t_055": -0.20063416, "t_056": -0.197058, "t_057": -0.19140487, "t_058": -0.184806, "t_059": -0.1798827, "t_060": -0.17753205, "t_061": -0.17669578, "t_062": -0.1764221, "t_063": -0.18092271, "t_064": -0.19244183, "t_065": -0.20880824, "t_066": -0.22698705, "t_067": -0.24266924, "t_068": -0.2542279, "t_069": -0.26323216, "t_070": -0.26974588, "t_071": -0.27202052, "t_072": -0.27142449, "t_073": -0.26852646, "t_074": -0.26367614, "t_075": -0.256463, "t_076": -0.24993712, "t_077": -0.24446645, "t_078": -0.23962221, "t_079": -0.23553821, "t_080": -0.22956274, "t_081": -0.22722121, "t_082": -0.22723337, "t_083": -0.22614775, "t_084": -0.2247033, "t_085": -0.22229486, "t_086": -0.22047333, "t_087": -0.22254726, "t_088": -0.2292404, "t_089": -0.23866431, "t_090": -0.24849267, "t_091": -0.25760944, "t_092": -0.26647382, "t_093": -0.27531691, "t_094": -0.28155086, "t_095": -0.28272163, "t_096": -0.28363391, "t_097": -0.28435462, "t_098": -0.28286455, "t_099": -0.2821773, "t_100": -0.2811525, "t_101": -0.28060512, "t_102": -0.27862546, "t_103": -0.27484252, "t_104": -0.27161607, "t_105": -0.26864202, "t_106": -0.26472223, "t_107": -0.25916033, "t_108": -0.2544803, "t_109": -0.2506335, "t_110": -0.24432352, "t_111": -0.2361464, "t_112": -0.22983338, "t_113": -0.22276621, "t_114": -0.21538886, "t_115": -0.20914274, "t_116": -0.20192961, "t_117": -0.19434243, "t_118": -0.18695292, "t_119": -0.18150353, "t_120": -0.17708503, "t_121": -0.17343588, "t_122": -0.17265132, "t_123": -0.17328079, "t_124": -0.17468875, "t_125": -0.17735567, "t_126": -0.18042703, "t_127": -0.18442588, "t_128": -0.18838824, "t_129": -0.19149914, "t_130": -0.19601495, "t_131": -0.20102948, "t_132": -0.20597103, "t_133": -0.21017059, "t_134": -0.21166369, "t_135": -0.21156942, "t_136": -0.21237224, "t_137": -0.21530371, "t_138": -0.21794022, "t_139": -0.22063754, "t_140": -0.2229213, "t_141": -0.22327405, "t_142": -0.22315545, "t_143": -0.22324668, "t_144": -0.22154679, "t_145": -0.21969181, "t_146": -0.21780642, "t_147": -0.21585413, "t_148": -0.21367072, "t_149": -0.21005199, "t_150": -0.20635419, "t_151": -0.20112071, "t_152": -0.19401097, "t_153": -0.18512226, "t_154": -0.17676573, "t_155": -0.16840615, "t_156": -0.15941709, "t_157": -0.15279086, "t_158": -0.15074734, "t_159": -0.15151062, "t_160": -0.15664374, "t_161": -0.16443466, "t_162": -0.17376735, "t_163": -0.18733912, "t_164": -0.20063112, "t_165": -0.2134609, "t_166": -0.22561862, "t_167": -0.23650219, "t_168": -0.24507768, "t_169": -0.25081291, "t_170": -0.25416708, "t_171": -0.25551119, "t_172": -0.25551119, "t_173": -0.25500943, "t_174": -0.25967729, "t_175": -0.26300409, "t_176": -0.26441813, "t_177": -0.26793348, "t_178": -0.27113256, "t_179": -0.27364134, "t_180": -0.27394544, "t_181": -0.27469655, "t_182": -0.27518919, "t_183": -0.27411877, "t_184": -0.26953606, "t_185": -0.26346936, "t_186": -0.26086022, "t_187": -0.25275912, "t_188": -0.24398294, "t_189": -0.24418972, "t_190": -0.24242597, "t_191": -0.23569026, "t_192": -0.22507429, "t_193": -0.20769525, "t_194": -0.18564531, "t_195": -0.16046622, "t_196": -0.13058886, "t_197": -0.09934612, "t_198": -0.06942619, "t_199": -0.035972674, "t_200": -0.0023367003, "t_201": 0.028477269, "t_202": 0.044953149, "t_203": 0.052284885, "t_204": 0.051555057, "t_205": 0.03512175, "t_206": 0.022267645, "t_207": 0.0043169033, "t_208": -0.022157628, "t_209": -0.041327791, "t_210": -0.059059584, "t_211": -0.075687511, "t_212": -0.085740899, "t_213": -0.092029589, "t_214": -0.097789153, "t_215": -0.11978132, "t_216": -0.1321732, "t_217": -0.13972388, "t_218": -0.15685661, "t_219": -0.164608, "t_220": -0.17719146, "t_221": -0.19267295, "t_222": -0.19439108, "t_223": -0.18612578, "t_224": -0.18219687, "t_225": -0.17592946, "t_226": -0.16252799, "t_227": -0.15170828, "t_228": -0.14263408, "t_229": -0.13328315, "t_230": -0.12599703, "t_231": -0.11517124, "t_232": -0.10063244, "t_233": -0.085746981, "t_234": -0.08175117, "t_235": -0.10394708, "t_236": -0.11130923, "t_237": -0.11025402, "t_238": -0.11453568, "t_239": -0.128965, "t_240": -0.13458163, "t_241": -0.13676808, "t_242": -0.14560509, "t_243": -0.17630046, "t_244": -0.19318383, "t_245": -0.20931608, "t_246": -0.21237224, "t_247": -0.21481108, "t_248": -0.21466207, "t_249": -0.20296961, "t_250": -0.18929749, "t_251": -0.173816, "t_252": -0.15739486, "t_253": -0.13337134, "t_254": -0.10308649, "t_255": -0.074659669, "t_256": -0.047157297, "t_257": -0.015637826, "t_258": 0.017219664, "t_259": 0.05568467, "t_260": 0.099358827, "t_261": 0.14421287, "t_262": 0.19405712, "t_263": 0.24910748, "t_264": 0.30689166, "t_265": 0.35274314, "t_266": 0.39806853, "t_267": 0.43784419, "t_268": 0.47036109, "t_269": 0.51926569, "t_270": 0.57412751, "t_271": 0.62239654, "t_272": 0.67684175, "t_273": 0.73849098, "t_274": 0.79006857, "t_275": 0.85214049, "t_276": 0.91213544, "t_277": 0.96902557, "t_278": 1.0066391, "t_279": 1.070712, "t_280": 1.1179805, "t_281": 1.1624332, "t_282": 1.1836347, "t_283": 1.1748342, "t_284": 1.167174, "t_285": 1.131306, "t_286": 1.0979346, "t_287": 1.0653265, "t_288": 0.97644246, "t_289": 0.98698544, "t_290": 0.97622047, "t_291": 0.95853429, "t_292": 0.95965944, "t_293": 0.94451854, "t_294": 0.93830587, "t_295": 0.95743346, "t_296": 0.96183372, "t_297": 0.95867113, "t_298": 0.98307173, "t_299": 1.0085306, "t_300": 1.0285705, "t_301": 1.0579521, "t_302": 1.090244, "t_303": 1.1278059, "t_304": 1.1696859, "t_305": 1.2177876, "t_306": 1.2704265, "t_307": 1.3305887, "t_308": 1.3932688, "t_309": 1.4673069, "t_310": 1.5405756, "t_311": 1.6278296, "t_312": 1.7250975, "t_313": 1.8396046, "t_314": 1.9534001, "t_315": 2.0833856, "t_316": 2.2072527, "t_317": 2.3244267, "t_318": 2.473406, "t_319": 2.6084486, "t_320": 2.7171565, "t_321": 2.8533699, "t_322": 2.9785963, "t_323": 3.0675564, "t_324": 3.1678074, "t_325": 3.2664407, "t_326": 3.2921733, "t_327": 3.2400331, "t_328": 3.2731612, "t_329": 3.34428, "t_330": 3.3210501, "t_331": 3.2931038, "t_332": 3.2062207, "t_333": 3.0535132, "t_334": 3.0254027, "t_335": 2.9751084, "t_336": 2.6784635, "t_337": 2.6236685, "t_338": 2.6293886, "t_339": 2.516107, "t_340": 2.3728204, "t_341": 2.2059573, "t_342": 2.0484603, "t_343": 1.9511285, "t_344": 1.8107764, "t_345": 1.6592457, "t_346": 1.5407763, "t_347": 1.4466467, "t_348": 1.272987, "t_349": 1.1741773, "t_350": 1.049547, "t_351": 0.93153976, "t_352": 0.79772265, "t_353": 0.631638, "t_354": 0.57144235, "t_355": 0.45895752, "t_356": 0.34543877, "t_357": 0.2585466, "t_358": 0.15851143, "t_359": 0.030782311, "t_360": -0.024669454, "t_361": -0.15577403, "t_362": -0.21153901, "t_363": -0.27204484, "t_364": -0.35546729, "t_365": -0.40877822, "t_366": -0.46867282, "t_367": -0.51624244, "t_368": -0.56503756, "t_369": -0.61226963,