{"t_000": -0.22502351, "t_001": -0.22915451, "t_002": -0.23120346, "t_003": -0.23622204, "t_004": -0.24185742, "t_005": -0.24478191, "t_006": -0.24462847, "t_007": -0.24587108, "t_008": -0.24659317, "t_009": -0.24668344, "t_010": -0.24652698, "t_011": -0.24176114, "t_012": -0.2349012, "t_013": -0.22921167, "t_014": -0.22336268, "t_015": -0.21584383, "t_016": -0.20504245, "t_017": -0.1939402, "t_018": -0.18314784, "t_019": -0.17326111, "t_020": -0.16875402, "t_021": -0.16672312, "t_022": -0.16713231, "t_023": -0.16839899, "t_024": -0.1680229, "t_025": -0.16580545, "t_026": -0.16106668, "t_027": -0.15400517, "t_028": -0.14496691, "t_029": -0.1328146, "t_030": -0.11867051, "t_031": -0.10339512, "t_032": -0.086058755, "t_033": -0.067747554, "t_034": -0.049884654, "t_035": -0.033983455, "t_036": -0.01979122, "t_037": -0.012832001, "t_038": -0.011700714, "t_039": -0.016394351, "t_040": -0.028555685, "t_041": -0.042946496, "t_042": -0.060983902, "t_043": -0.08040533, "t_044": -0.096751823, "t_045": -0.11093804, "t_046": -0.12655642, "t_047": -0.14257797, "t_048": -0.15588864, "t_049": -0.16786042, "t_050": -0.17808413, "t_051": -0.18561802, "t_052": -0.19291722, "t_053": -0.19975308, "t_054": -0.20082119, "t_055": -0.19923558, "t_056": -0.19732804, "t_057": -0.19014617, "t_058": -0.18359313, "t_059": -0.1788995, "t_060": -0.17534617, "t_061": -0.17495203, "t_062": -0.17677532, "t_063": -0.18331332, "t_064": -0.19316093, "t_065": -0.20424514, "t_066": -0.21525111, "t_067": -0.22417203, "t_068": -0.23033393, "t_069": -0.23421822, "t_070": -0.23418813, "t_071": -0.23080029, "t_072": -0.22720785, "t_073": -0.2214762, "t_074": -0.21394532, "t_075": -0.20560208, "t_076": -0.19817049, "t_077": -0.19022139, "t_078": -0.18181798, "t_079": -0.17684453, "t_080": -0.17476849, "t_081": -0.17335439, "t_082": -0.17302342, "t_083": -0.17453983, "t_084": -0.17623977, "t_085": -0.17785847, "t_086": -0.1810688, "t_087": -0.18773316, "t_088": -0.19802908, "t_089": -0.21138789, "t_090": -0.22469254, "t_091": -0.23787986, "t_092": -0.2511785, "t_093": -0.26263879, "t_094": -0.27019374, "t_095": -0.27443908, "t_096": -0.27829629, "t_097": -0.28038736, "t_098": -0.28138626, "t_099": -0.28317346, "t_100": -0.28327876, "t_101": -0.2828455, "t_102": -0.28200005, "t_103": -0.27894617, "t_104": -0.27481216, "t_105": -0.27208624, "t_106": -0.26888795, "t_107": -0.26364672, "t_108": -0.25659423, "t_109": -0.24862107, "t_110": -0.23976935, "t_111": -0.23080029, "t_112": -0.22236077, "t_113": -0.21303668, "t_114": -0.20336357, "t_115": -0.19492405, "t_116": -0.1854044, "t_117": -0.17617057, "t_118": -0.16844412, "t_119": -0.16006778, "t_120": -0.15224505, "t_121": -0.14777106, "t_122": -0.14684737, "t_123": -0.14642916, "t_124": -0.14795459, "t_125": -0.15122509, "t_126": -0.15680029, "t_127": -0.16265831, "t_128": -0.16766786, "t_129": -0.17398622, "t_130": -0.18130047, "t_131": -0.18691478, "t_132": -0.19122029, "t_133": -0.19539643, "t_134": -0.19761989, "t_135": -0.19978618, "t_136": -0.20179602, "t_137": -0.20377878, "t_138": -0.20862586, "t_139": -0.21216414, "t_140": -0.21182416, "t_141": -0.21118329, "t_142": -0.2114601, "t_143": -0.21026864, "t_144": -0.20906514, "t_145": -0.20878533, "t_146": -0.20739529, "t_147": -0.20652576, "t_148": -0.20517785, "t_149": -0.2022022, "t_150": -0.19726486, "t_151": -0.19099464, "t_152": -0.18263635, "t_153": -0.17393206, "t_154": -0.16613641, "t_155": -0.15928551, "t_156": -0.15263318, "t_157": -0.14717532, "t_158": -0.14580635, "t_159": -0.14678419, "t_160": -0.1530875, "t_161": -0.16163835, "t_162": -0.17155817, "t_163": -0.18573536, "t_164": -0.20027961, "t_165": -0.21523607, "t_166": -0.22942229, "t_167": -0.24053056, "t_168": -0.25092576, "t_169": -0.25833028, "t_170": -0.26129088, "t_171": -0.26342408, "t_172": -0.26475996, "t_173": -0.26538577, "t_174": -0.26910157, "t_175": -0.27046453, "t_176": -0.27087071, "t_177": -0.27335894, "t_178": -0.27563656, "t_179": -0.27721013, "t_180": -0.27750198, "t_181": -0.27815788, "t_182": -0.27792019, "t_183": -0.27573885, "t_184": -0.27088876, "t_185": -0.26564453, "t_186": -0.26234695, "t_187": -0.25332674, "t_188": -0.24328657, "t_189": -0.24214024, "t_190": -0.23801525, "t_191": -0.22765315, "t_192": -0.21341879, "t_193": -0.19162647, "t_194": -0.16521875, "t_195": -0.13870271, "t_196": -0.10736365, "t_197": -0.072417121, "t_198": -0.038875669, "t_199": -0.0030896956, "t_200": 0.034441348, "t_201": 0.0668816, "t_202": 0.084822727, "t_203": 0.093250212, "t_204": 0.09117418, "t_205": 0.072146898, "t_206": 0.057476274, "t_207": 0.035900587, "t_208": 0.0026570009, "t_209": -0.020729948, "t_210": -0.042549342, "t_211": -0.062440133, "t_212": -0.075118971, "t_213": -0.08403989, "t_214": -0.092566663, "t_215": -0.12047876, "t_216": -0.13543221, "t_217": -0.14403119, "t_218": -0.16441541, "t_219": -0.17143481, "t_220": -0.18347278, "t_221": -0.19926266, "t_222": -0.1994131, "t_223": -0.18837402, "t_224": -0.17995857, "t_225": -0.17047803, "t_226": -0.15527787, "t_227": -0.14261407, "t_228": -0.12960126, "t_229": -0.11728648, "t_230": -0.10867547, "t_231": -0.096369713, "t_232": -0.08002322, "t_233": -0.062097137, "t_234": -0.057033425, "t_235": -0.082701, "t_236": -0.090914864, "t_237": -0.09109238, "t_238": -0.097073758, "t_239": -0.11187075, "t_240": -0.11774381, "t_241": -0.12645111, "t_242": -0.14765973, "t_243": -0.19295032, "t_244": -0.21351507, "t_245": -0.23335471, "t_246": -0.23883664, "t_247": -0.24015748, "t_248": -0.23920972, "t_249": -0.22760801, "t_250": -0.21239281, "t_251": -0.19432231, "t_252": -0.17513255, "t_253": -0.14929649, "t_254": -0.11604688, "t_255": -0.082490388, "t_256": -0.052950562, "t_257": -0.018969834, "t_258": 0.021976131, "t_259": 0.065575806, "t_260": 0.10703326, "t_261": 0.16367583, "t_262": 0.22681427, "t_263": 0.29167071, "t_264": 0.35554629, "t_265": 0.40621049, "t_266": 0.45634816, "t_267": 0.50122354, "t_268": 0.54004835, "t_269": 0.58514036, "t_270": 0.6414279, "t_271": 0.70078736, "t_272": 0.76427181, "t_273": 0.83118021, "t_274": 0.88924591, "t_275": 0.96483152, "t_276": 1.0276179, "t_277": 1.0657959, "t_278": 1.1087126, "t_279": 1.198024, "t_280": 1.2513028, "t_281": 1.2986364, "t_282": 1.321572, "t_283": 1.3061492, "t_284": 1.294725, "t_285": 1.2525454, "t_286": 1.2113106, "t_287": 1.1583327, "t_288": 1.0365238, "t_289": 1.0467475, "t_290": 1.0299016, "t_291": 1.0024197, "t_292": 0.99058033, "t_293": 0.96085396, "t_294": 0.95186083, "t_295": 0.96689852, "t_296": 0.96303831, "t_297": 0.95279655, "t_298": 0.96894146, "t_299": 0.9878845, "t_300": 1.0073842, "t_301": 1.032802, "t_302": 1.0610511, "t_303": 1.0969243, "t_304": 1.1334384, "t_305": 1.1760933, "t_306": 1.2230838, "t_307": 1.2810202, "t_308": 1.3411649, "t_309": 1.4112987, "t_310": 1.4802169, "t_311": 1.5667483, "t_312": 1.6653689, "t_313": 1.7771256, "t_314": 1.898095, "t_315": 2.0285781, "t_316": 2.1559322, "t_317": 2.274615, "t_318": 2.4067258, "t_319": 2.5482209, "t_320": 2.6538187, "t_321": 2.7834082, "t_322": 2.9241722, "t_323": 3.0372949, "t_324": 3.1449657, "t_325": 3.232824, "t_326": 3.2377854, "t_327": 3.1755466, "t_328": 3.2789029, "t_329": 3.3646881, "t_330": 3.3453991, "t_331": 3.329537, "t_332": 3.237304, "t_333": 3.0708303, "t_334": 3.0150573, "t_335": 2.9634784, "t_336": 2.6888074, "t_337": 2.6099212, "t_338": 2.6033561, "t_339": 2.4861747, "t_340": 2.3399739, "t_341": 2.1778298, "t_342": 2.0083714, "t_343": 1.9089024, "t_344": 1.7637908, "t_345": 1.6035543, "t_346": 1.4718797, "t_347": 1.3756993, "t_348": 1.2077182, "t_349": 1.1086253, "t_350": 0.99228328, "t_351": 0.87536959, "t_352": 0.7394858, "t_353": 0.56960021, "t_354": 0.50492129, "t_355": 0.39423871, "t_356": 0.28277386, "t_357": 0.19713003, "t_358": 0.095211911, "t_359": -0.035129785, "t_360": -0.080736291, "t_361": -0.20629108, "t_362": -0.26528348, "t_363": -0.3232168, "t_364": -0.40355321, "t_365": -0.45455439, "t_366": -0.50866059, "t_367": -0.55341863, "t_368": -0.60210007, "t_369": -0.6464399, "t_370": -0.6987228,