{"sample_dict": {"t_000": -0.15433478, "t_001": -0.15940767, "t_002": -0.16224648, "t_003": -0.16437402, "t_004": -0.16628223, "t_005": -0.1658185, "t_006": -0.16541429, "t_007": -0.1667679, "t_008": -0.16641697, "t_009": -0.16272902, "t_010": -0.1584332, "t_011": -0.15136437, "t_012": -0.1424312, "t_013": -0.13329749, "t_014": -0.12353398, "t_015": -0.11483895, "t_016": -0.10762285, "t_017": -0.098692811, "t_018": -0.089944507, "t_019": -0.086306691, "t_020": -0.085767756, "t_021": -0.091555047, "t_022": -0.10173529, "t_023": -0.10903599, "t_024": -0.11461648, "t_025": -0.11680669, "t_026": -0.11409948, "t_027": -0.1118842, "t_028": -0.11015459, "t_029": -0.10486864, "t_030": -0.096474401, "t_031": -0.084088282, "t_032": -0.070141756, "t_033": -0.05546516, "t_034": -0.038899156, "t_035": -0.022561887, "t_036": -0.0076314896, "t_037": 0.0043598281, "t_038": 0.0082420446, "t_039": 0.004576029, "t_040": -0.0014337299, "t_041": -0.014468452, "t_042": -0.033396999, "t_043": -0.052742282, "t_044": -0.072877167, "t_045": -0.092629785, "t_046": -0.10911432, "t_047": -0.12586833, "t_048": -0.14047599, "t_049": -0.1519221, "t_050": -0.16135034, "t_051": -0.16811837, "t_052": -0.17323513, "t_053": -0.17664421, "t_054": -0.17752468, "t_055": -0.17302519, "t_056": -0.16764837, "t_057": -0.16454949, "t_058": -0.15917893, "t_059": -0.15255504, "t_060": -0.14751975, "t_061": -0.14626641, "t_062": -0.14964729, "t_063": -0.15736473, "t_064": -0.16897691, "t_065": -0.18450578, "t_066": -0.20003151, "t_067": -0.2137681, "t_068": -0.22673389, "t_069": -0.23499339, "t_070": -0.23969028, "t_071": -0.24111908, "t_072": -0.23968714, "t_073": -0.23490566, "t_074": -0.22633909, "t_075": -0.22032619, "t_076": -0.21629984, "t_077": -0.20904301, "t_078": -0.20173292, "t_079": -0.19790397, "t_080": -0.19673836, "t_081": -0.19381495, "t_082": -0.19151821, "t_083": -0.19219188, "t_084": -0.19262114, "t_085": -0.19224514, "t_086": -0.19224828, "t_087": -0.19582969, "t_088": -0.20426466, "t_089": -0.21495251, "t_090": -0.22514528, "t_091": -0.23535059, "t_092": -0.24519557, "t_093": -0.25494654, "t_094": -0.26214071, "t_095": -0.26628299, "t_096": -0.26958554, "t_097": -0.26997094, "t_098": -0.26984561, "t_099": -0.26986127, "t_100": -0.27029367, "t_101": -0.27129635, "t_102": -0.27023414, "t_103": -0.26831967, "t_104": -0.26550905, "t_105": -0.2615391, "t_106": -0.25652575, "t_107": -0.25280333, "t_108": -0.24878012, "t_109": -0.24321843, "t_110": -0.23854974, "t_111": -0.23165324, "t_112": -0.22409874, "t_113": -0.21911672, "t_114": -0.21490864, "t_115": -0.20833488, "t_116": -0.20113758, "t_117": -0.19434135, "t_118": -0.18730699, "t_119": -0.18132543, "t_120": -0.17618987, "t_121": -0.17200686, "t_122": -0.16977905, "t_123": -0.17035245, "t_124": -0.17094152, "t_125": -0.17326959, "t_126": -0.17833622, "t_127": -0.1827981, "t_128": -0.18764852, "t_129": -0.19190047, "t_130": -0.19672269, "t_131": -0.20162638, "t_132": -0.20574047, "t_133": -0.20856361, "t_134": -0.20958508, "t_135": -0.21210116, "t_136": -0.21463917, "t_137": -0.21594578, "t_138": -0.21904466, "t_139": -0.22291747, "t_140": -0.22383241, "t_141": -0.22439328, "t_142": -0.22621062, "t_143": -0.22632969, "t_144": -0.22661169, "t_145": -0.22595995, "t_146": -0.22273574, "t_147": -0.2215388, "t_148": -0.22001913, "t_149": -0.21657558, "t_150": -0.21244583, "t_151": -0.20734161, "t_152": -0.20030724, "t_153": -0.19119234, "t_154": -0.18170456, "t_155": -0.17217292, "t_156": -0.16423929, "t_157": -0.15905987, "t_158": -0.15567899, "t_159": -0.15670046, "t_160": -0.16313635, "t_161": -0.17036812, "t_162": -0.17995929, "t_163": -0.19262114, "t_164": -0.20479733, "t_165": -0.21708631, "t_166": -0.22961343, "t_167": -0.24096868, "t_168": -0.24934099, "t_169": -0.25541028, "t_170": -0.25946483, "t_171": -0.26089363, "t_172": -0.26025756, "t_173": -0.25977503, "t_174": -0.26426512, "t_175": -0.26554665, "t_176": -0.26500772, "t_177": -0.26796873, "t_178": -0.27041274, "t_179": -0.27250895, "t_180": -0.27301655, "t_181": -0.27195748, "t_182": -0.27273455, "t_183": -0.27179455, "t_184": -0.26699739, "t_185": -0.26314651, "t_186": -0.2597061, "t_187": -0.25071339, "t_188": -0.24300222, "t_189": -0.24324663, "t_190": -0.24057701, "t_191": -0.23451399, "t_192": -0.22606022, "t_193": -0.20822521, "t_194": -0.18636385, "t_195": -0.16556156, "t_196": -0.13992765, "t_197": -0.10898899, "t_198": -0.076928585, "t_199": -0.045228516, "t_200": -0.01314618, "t_201": 0.016081678, "t_202": 0.030965075, "t_203": 0.04012698, "t_204": 0.038742041, "t_205": 0.023009507, "t_206": 0.011300191, "t_207": -0.0086623607, "t_208": -0.034496804, "t_209": -0.050871674, "t_210": -0.065802071, "t_211": -0.079729797, "t_212": -0.089659372, "t_213": -0.095966799, "t_214": -0.10153162, "t_215": -0.12476539, "t_216": -0.13817925, "t_217": -0.14561781, "t_218": -0.16186108, "t_219": -0.17093838, "t_220": -0.18504158, "t_221": -0.19787577, "t_222": -0.19746216, "t_223": -0.1896758, "t_224": -0.18564318, "t_225": -0.17859315, "t_226": -0.16440536, "t_227": -0.15404025, "t_228": -0.14561781, "t_229": -0.13556917, "t_230": -0.12714046, "t_231": -0.11390208, "t_232": -0.099419747, "t_233": -0.085705089, "t_234": -0.082753476, "t_235": -0.1038691, "t_236": -0.11005433, "t_237": -0.10738158, "t_238": -0.11015459, "t_239": -0.12481866, "t_240": -0.13178095, "t_241": -0.13682564, "t_242": -0.14984156, "t_243": -0.18719419, "t_244": -0.20473466, "t_245": -0.2207398, "t_246": -0.22512022, "t_247": -0.22481001, "t_248": -0.22353788, "t_249": -0.21479584, "t_250": -0.20137885, "t_251": -0.18569018, "t_252": -0.17157759, "t_253": -0.14931516, "t_254": -0.12204251, "t_255": -0.097646273, "t_256": -0.06966862, "t_257": -0.038573288, "t_258": -0.00615255, "t_259": 0.03067994, "t_260": 0.070808711, "t_261": 0.1157409, "t_262": 0.16738786, "t_263": 0.22198329, "t_264": 0.27352057, "t_265": 0.3181175, "t_266": 0.36252015, "t_267": 0.39990098, "t_268": 0.43365652, "t_269": 0.47279516, "t_270": 0.5233611, "t_271": 0.57443465, "t_272": 0.62911469, "t_273": 0.68867647, "t_274": 0.74137623, "t_275": 0.80001681, "t_276": 0.85544572, "t_277": 0.90086671, "t_278": 0.92739676, "t_279": 1.0094716, "t_280": 1.0622153, "t_281": 1.1060038, "t_282": 1.130046, "t_283": 1.1278495, "t_284": 1.1236696, "t_285": 1.0920886, "t_286": 1.0628733, "t_287": 1.0314333, "t_288": 0.94868785, "t_289": 0.96301978, "t_290": 0.95572848, "t_291": 0.94051295, "t_292": 0.94492156, "t_293": 0.93738587, "t_294": 0.93567819, "t_295": 0.95456601, "t_296": 0.95889629, "t_297": 0.96247457, "t_298": 0.98917069, "t_299": 1.0167692, "t_300": 1.0372864, "t_301": 1.064653, "t_302": 1.098725, "t_303": 1.142219, "t_304": 1.182777, "t_305": 1.2293041, "t_306": 1.2828687, "t_307": 1.3444421, "t_308": 1.4064103, "t_309": 1.4783644, "t_310": 1.5580862, "t_311": 1.6436923, "t_312": 1.7340706, "t_313": 1.8493464, "t_314": 1.966167, "t_315": 2.0939637, "t_316": 2.2043233, "t_317": 2.309306, "t_318": 2.4859109, "t_319": 2.6321379, "t_320": 2.7225318, "t_321": 2.8476181, "t_322": 2.9743338, "t_323": 3.0585237, "t_324": 3.154379, "t_325": 3.234129, "t_326": 3.2536247, "t_327": 3.2166042, "t_328": 3.2846041, "t_329": 3.36123, "t_330": 3.330188, "t_331": 3.2833413, "t_332": 3.1805393, "t_333": 3.0532158, "t_334": 3.0312573, "t_335": 2.9730178, "t_336": 2.6877798, "t_337": 2.6243452, "t_338": 2.6253354, "t_339": 2.5152452, "t_340": 2.3736336, "t_341": 2.2195012, "t_342": 2.064059, "t_343": 1.9667592, "t_344": 1.8207264, "t_345": 1.6593716, "t_346": 1.535877, "t_347": 1.4421931, "t_348": 1.2755586, "t_349": 1.1750659, "t_350": 1.0530001, "t_351": 0.93486979, "t_352": 0.79927421, "t_353": 0.63220103, "t_354": 0.57047097, "t_355": 0.4595975, "t_356": 0.34936636, "t_357": 0.26354086, "t_358": 0.16286957, "t_359": 0.034317756, "t_360": -0.018917804, "t_361": -0.14919296, "t_362": -0.20802468, "t_363": -0.26855467, "t_364": -0.35192049, "t_365": -0.40623705, "t_366": -0.46461443, "t_367": -0.51310611, "t_368": -0.56449926, "t_369": -0.61294707,