{"sample_dict": {"t_000": -0.21825918, "t_001": -0.22452008, "t_002": -0.22879353, "t_003": -0.23215145, "t_004": -0.23658412, "t_005": -0.23929377, "t_006": -0.24052775, "t_007": -0.24152005, "t_008": -0.24107935, "t_009": -0.23890424, "t_010": -0.23525062, "t_011": -0.23042842, "t_012": -0.2258024, "t_013": -0.21889608, "t_014": -0.21015015, "t_015": -0.20155776, "t_016": -0.1913646, "t_017": -0.17861249, "t_018": -0.16689249, "t_019": -0.15980988, "t_020": -0.15628421, "t_021": -0.15545682, "t_022": -0.15610509, "t_023": -0.15738172, "t_024": -0.15709455, "t_025": -0.15342103, "t_026": -0.14627587, "t_027": -0.13841704, "t_028": -0.13104726, "t_029": -0.12148247, "t_030": -0.10806787, "t_031": -0.093501751, "t_032": -0.077576541, "t_033": -0.06009037, "t_034": -0.04383534, "t_035": -0.028052294, "t_036": -0.015206355, "t_037": -0.0060908004, "t_038": -0.0032532071, "t_039": -0.0087236775, "t_040": -0.01778521, "t_041": -0.032541832, "t_042": -0.051463859, "t_043": -0.070582073, "t_044": -0.090027263, "t_045": -0.1106183, "t_046": -0.13002084, "t_047": -0.14719425, "t_048": -0.16208735, "t_049": -0.17483377, "t_050": -0.18646847, "t_051": -0.1958712, "t_052": -0.2047138, "t_053": -0.20968669, "t_054": -0.21044869, "t_055": -0.2098516, "t_056": -0.20620936, "t_057": -0.20046594, "t_058": -0.19362216, "t_059": -0.18632346, "t_060": -0.1811032, "t_061": -0.17860396, "t_062": -0.17968156, "t_063": -0.18518331, "t_064": -0.19574609, "t_065": -0.2122229, "t_066": -0.22925983, "t_067": -0.24525044, "t_068": -0.25892093, "t_069": -0.2677948, "t_070": -0.27124654, "t_071": -0.27213365, "t_072": -0.2726625, "t_073": -0.26990452, "t_074": -0.26432032, "t_075": -0.25702162, "t_076": -0.24896376, "t_077": -0.24258344, "t_078": -0.23886443, "t_079": -0.23576526, "t_080": -0.23405644, "t_081": -0.23258931, "t_082": -0.22976878, "t_083": -0.22882197, "t_084": -0.22983417, "t_085": -0.23005026, "t_086": -0.23036018, "t_087": -0.23366407, "t_088": -0.24130112, "t_089": -0.25099955, "t_090": -0.26084298, "t_091": -0.27118968, "t_092": -0.28165295, "t_093": -0.2880816, "t_094": -0.29047849, "t_095": -0.29374826, "t_096": -0.29550541, "t_097": -0.29476331, "t_098": -0.2945785, "t_099": -0.29328481, "t_100": -0.29088792, "t_101": -0.28762668, "t_102": -0.28272771, "t_103": -0.27698144, "t_104": -0.27039356, "t_105": -0.2648122, "t_106": -0.25923653, "t_107": -0.25206294, "t_108": -0.24467609, "t_109": -0.23628558, "t_110": -0.22815095, "t_111": -0.21965523, "t_112": -0.20941658, "t_113": -0.2003124, "t_114": -0.19237965, "t_115": -0.1833039, "t_116": -0.17495034, "t_117": -0.16800137, "t_118": -0.15998048, "t_119": -0.15412616, "t_120": -0.15111797, "t_121": -0.14790222, "t_122": -0.1453518, "t_123": -0.14675923, "t_124": -0.14967927, "t_125": -0.15219558, "t_126": -0.15622735, "t_127": -0.1615585, "t_128": -0.16692092, "t_129": -0.17333536, "t_130": -0.18075348, "t_131": -0.18769961, "t_132": -0.19294546, "t_133": -0.19544186, "t_134": -0.19730705, "t_135": -0.19947648, "t_136": -0.20119666, "t_137": -0.20426456, "t_138": -0.20905549, "t_139": -0.21208642, "t_140": -0.21198122, "t_141": -0.21065057, "t_142": -0.21038614, "t_143": -0.20953316, "t_144": -0.20846977, "t_145": -0.20790964, "t_146": -0.20566914, "t_147": -0.20324098, "t_148": -0.2009038, "t_149": -0.19769943, "t_150": -0.19243083, "t_151": -0.18697742, "t_152": -0.18059994, "t_153": -0.17296574, "t_154": -0.16499602, "t_155": -0.15723102, "t_156": -0.1512317, "t_157": -0.14670805, "t_158": -0.14455, "t_159": -0.14422871, "t_160": -0.14783683, "t_161": -0.15495924, "t_162": -0.16461787, "t_163": -0.17935458, "t_164": -0.19311037, "t_165": -0.20429015, "t_166": -0.21649919, "t_167": -0.22742876, "t_168": -0.23620028, "t_169": -0.24391978, "t_170": -0.2496433, "t_171": -0.25122701, "t_172": -0.25189803, "t_173": -0.25325996, "t_174": -0.25714672, "t_175": -0.25959763, "t_176": -0.26098515, "t_177": -0.26418668, "t_178": -0.26609168, "t_179": -0.26664896, "t_180": -0.26702996, "t_181": -0.26809619, "t_182": -0.26760146, "t_183": -0.26633336, "t_184": -0.2623158, "t_185": -0.25796274, "t_186": -0.25608049, "t_187": -0.24704455, "t_188": -0.23722102, "t_189": -0.23467344, "t_190": -0.23028057, "t_191": -0.22175073, "t_192": -0.20760257, "t_193": -0.18683525, "t_194": -0.16175468, "t_195": -0.1353264, "t_196": -0.10357265, "t_197": -0.068060084, "t_198": -0.034048771, "t_199": 0.0011879959, "t_200": 0.035588838, "t_201": 0.067325527, "t_202": 0.084595609, "t_203": 0.095189669, "t_204": 0.097521159, "t_205": 0.083085827, "t_206": 0.072039685, "t_207": 0.052520569, "t_208": 0.022398863, "t_209": 0.0016855699, "t_210": -0.019309208, "t_211": -0.040571255, "t_212": -0.054875795, "t_213": -0.066095377, "t_214": -0.077135833, "t_215": -0.10408728, "t_216": -0.11981062, "t_217": -0.1322585, "t_218": -0.15543123, "t_219": -0.16512681, "t_220": -0.17699466, "t_221": -0.19105468, "t_222": -0.19145843, "t_223": -0.18042934, "t_224": -0.17303113, "t_225": -0.16508701, "t_226": -0.15120611, "t_227": -0.13972211, "t_228": -0.12853096, "t_229": -0.11790562, "t_230": -0.10947814, "t_231": -0.096555434, "t_232": -0.082046177, "t_233": -0.067644965, "t_234": -0.065208274, "t_235": -0.088656802, "t_236": -0.094886429, "t_237": -0.093931087, "t_238": -0.097815007, "t_239": -0.11200013, "t_240": -0.11781464, "t_241": -0.12203122, "t_242": -0.13801614, "t_243": -0.17561567, "t_244": -0.19089261, "t_245": -0.20827074, "t_246": -0.21332894, "t_247": -0.21477332, "t_248": -0.21250154, "t_249": -0.2003124, "t_250": -0.18350862, "t_251": -0.16486239, "t_252": -0.14646352, "t_253": -0.11829799, "t_254": -0.085841955, "t_255": -0.052962268, "t_256": -0.021154497, "t_257": 0.012467287, "t_258": 0.051135892, "t_259": 0.095144177, "t_260": 0.14693168, "t_261": 0.202623, "t_262": 0.2551924, "t_263": 0.31401417, "t_264": 0.37735676, "t_265": 0.43234294, "t_266": 0.48430388, "t_267": 0.52176978, "t_268": 0.55597159, "t_269": 0.60713357, "t_270": 0.66848586, "t_271": 0.72849613, "t_272": 0.78876228, "t_273": 0.85398428, "t_274": 0.90687213, "t_275": 0.98329664, "t_276": 1.0519704, "t_277": 1.0970136, "t_278": 1.1410077, "t_279": 1.2251773, "t_280": 1.2828134, "t_281": 1.3236003, "t_282": 1.3395824, "t_283": 1.3267705, "t_284": 1.3105837, "t_285": 1.2663793, "t_286": 1.2272074, "t_287": 1.1773306, "t_288": 1.0653338, "t_289": 1.0708014, "t_290": 1.0510662, "t_291": 1.0219055, "t_292": 1.0156077, "t_293": 0.99399022, "t_294": 0.98010933, "t_295": 0.99301498, "t_296": 0.98990158, "t_297": 0.97708692, "t_298": 0.99157059, "t_299": 1.0110272, "t_300": 1.0294544, "t_301": 1.0549046, "t_302": 1.0811879, "t_303": 1.1139084, "t_304": 1.1523296, "t_305": 1.1994684, "t_306": 1.2484922, "t_307": 1.3022529, "t_308": 1.3604975, "t_309": 1.431426, "t_310": 1.5067103, "t_311": 1.5961031, "t_312": 1.6908099, "t_313": 1.7996933, "t_314": 1.9116701, "t_315": 2.0450086, "t_316": 2.1592175, "t_317": 2.2617376, "t_318": 2.4321865, "t_319": 2.5760935, "t_320": 2.669282, "t_321": 2.7926519, "t_322": 2.9087998, "t_323": 3.0208364, "t_324": 3.1462962, "t_325": 3.2313586, "t_326": 3.2306364, "t_327": 3.1914133, "t_328": 3.2470933, "t_329": 3.3295484, "t_330": 3.3308933, "t_331": 3.2851506, "t_332": 3.1479254, "t_333": 2.9923212, "t_334": 2.9972799, "t_335": 2.9370365, "t_336": 2.6030193, "t_337": 2.5589599, "t_338": 2.575249, "t_339": 2.4633318, "t_340": 2.3150093, "t_341": 2.1433918, "t_342": 1.9894822, "t_343": 1.8974026, "t_344": 1.75144, "t_345": 1.5781364, "t_346": 1.4471749, "t_347": 1.3512171, "t_348": 1.1848141, "t_349": 1.0921175, "t_350": 0.97071229, "t_351": 0.85068892, "t_352": 0.72110075, "t_353": 0.55789934, "t_354": 0.49252949, "t_355": 0.38237799, "t_356": 0.27209285, "t_357": 0.18649023, "t_358": 0.087953522, "t_359": -0.038907936, "t_360": -0.087937453, "t_361": -0.21457429, "t_362": -0.27183226, "t_363": -0.329167, "t_364": -0.409447, "t_365": -0.46103263, "t_366": -0.51644246, "t_367": -0.56041663, "t_368": -0.60809559, "t_369": -0.65258154,