{"sample_dict": {"t_000": -0.16297363, "t_001": -0.1700612, "t_002": -0.1742236, "t_003": -0.175638, "t_004": -0.1753831, "t_005": -0.17529295, "t_006": -0.17305166, "t_007": -0.17356458, "t_008": -0.17450959, "t_009": -0.17025705, "t_010": -0.16488541, "t_011": -0.15970651, "t_012": -0.15145012, "t_013": -0.14096176, "t_014": -0.13262764, "t_015": -0.12382724, "t_016": -0.11438648, "t_017": -0.1054493, "t_018": -0.098542028, "t_019": -0.093673987, "t_020": -0.092850212, "t_021": -0.10091388, "t_022": -0.11041993, "t_023": -0.11780903, "t_024": -0.12382414, "t_025": -0.12640115, "t_026": -0.12672134, "t_027": -0.12390185, "t_028": -0.11839655, "t_029": -0.11147373, "t_030": -0.10281011, "t_031": -0.091096971, "t_032": -0.077546657, "t_033": -0.064304092, "t_034": -0.047614108, "t_035": -0.030330385, "t_036": -0.01550866, "t_037": -0.0034908766, "t_038": 0.00075233961, "t_039": -0.001324194, "t_040": -0.010979454, "t_041": -0.025434366, "t_042": -0.041748211, "t_043": -0.062653434, "t_044": -0.08208208, "t_045": -0.10071182, "t_046": -0.11826599, "t_047": -0.13309393, "t_048": -0.14885134, "t_049": -0.160608, "t_050": -0.1670521, "t_051": -0.17291178, "t_052": -0.17744409, "t_053": -0.18014545, "t_054": -0.18097855, "t_055": -0.17982216, "t_056": -0.17485464, "t_057": -0.1692623, "t_058": -0.16413935, "t_059": -0.15735953, "t_060": -0.15369762, "t_061": -0.15320025, "t_062": -0.15530787, "t_063": -0.16261615, "t_064": -0.17461528, "t_065": -0.18838941, "t_066": -0.20382974, "t_067": -0.2185551, "t_068": -0.22982683, "t_069": -0.2368429, "t_070": -0.24137521, "t_071": -0.2431098, "t_072": -0.24183218, "t_073": -0.23759518, "t_074": -0.23092105, "t_075": -0.22376509, "t_076": -0.21521027, "t_077": -0.20867292, "t_078": -0.20426184, "t_079": -0.20011499, "t_080": -0.19806332, "t_081": -0.19720846, "t_082": -0.19501691, "t_083": -0.19557646, "t_084": -0.19661472, "t_085": -0.19566039, "t_086": -0.195048, "t_087": -0.19708101, "t_088": -0.20531876, "t_089": -0.21675523, "t_090": -0.22773475, "t_091": -0.23915258, "t_092": -0.24967202, "t_093": -0.25858433, "t_094": -0.26478595, "t_095": -0.26890172, "t_096": -0.27223412, "t_097": -0.27370759, "t_098": -0.27441013, "t_099": -0.27412414, "t_100": -0.27291801, "t_101": -0.27211599, "t_102": -0.27225588, "t_103": -0.27112746, "t_104": -0.26775154, "t_105": -0.26388757, "t_106": -0.26073236, "t_107": -0.25695232, "t_108": -0.25315985, "t_109": -0.24799961, "t_110": -0.24105503, "t_111": -0.23379649, "t_112": -0.22683326, "t_113": -0.22106684, "t_114": -0.21566412, "t_115": -0.20877861, "t_116": -0.20150142, "t_117": -0.19457549, "t_118": -0.18846091, "t_119": -0.18190491, "t_120": -0.17627837, "t_121": -0.17344334, "t_122": -0.17111191, "t_123": -0.16958248, "t_124": -0.16999592, "t_125": -0.17291488, "t_126": -0.17772386, "t_127": -0.18290587, "t_128": -0.18633153, "t_129": -0.19103482, "t_130": -0.19616087, "t_131": -0.20121543, "t_132": -0.20630418, "t_133": -0.20900554, "t_134": -0.21163229, "t_135": -0.21296276, "t_136": -0.2137741, "t_137": -0.21724328, "t_138": -0.22132174, "t_139": -0.22520436, "t_140": -0.2269918, "t_141": -0.22755134, "t_142": -0.22780003, "t_143": -0.22668716, "t_144": -0.22572661, "t_145": -0.22446452, "t_146": -0.22259937, "t_147": -0.22115388, "t_148": -0.21937888, "t_149": -0.21584131, "t_150": -0.21161985, "t_151": -0.20677668, "t_152": -0.20097917, "t_153": -0.19251139, "t_154": -0.18240228, "t_155": -0.17294286, "t_156": -0.16462429, "t_157": -0.15950135, "t_158": -0.15750564, "t_159": -0.15805586, "t_160": -0.16372902, "t_161": -0.17146318, "t_162": -0.18015788, "t_163": -0.19366157, "t_164": -0.20738907, "t_165": -0.21891259, "t_166": -0.23043611, "t_167": -0.24103016, "t_168": -0.24906896, "t_169": -0.25523328, "t_170": -0.25882369, "t_171": -0.25960395, "t_172": -0.26024121, "t_173": -0.26135408, "t_174": -0.2650906, "t_175": -0.26620036, "t_176": -0.26649257, "t_177": -0.27024774, "t_178": -0.2725885, "t_179": -0.27383193, "t_180": -0.27452204, "t_181": -0.27565667, "t_182": -0.27497589, "t_183": -0.27223101, "t_184": -0.26859086, "t_185": -0.26449997, "t_186": -0.26019769, "t_187": -0.25163665, "t_188": -0.24544746, "t_189": -0.24685875, "t_190": -0.24413874, "t_191": -0.23624294, "t_192": -0.22683948, "t_193": -0.2103671, "t_194": -0.18876555, "t_195": -0.16586462, "t_196": -0.13860234, "t_197": -0.1078398, "t_198": -0.07650839, "t_199": -0.045158327, "t_200": -0.013833133, "t_201": 0.017224723, "t_202": 0.036205732, "t_203": 0.043022855, "t_204": 0.040302845, "t_205": 0.023339306, "t_206": 0.010712241, "t_207": -0.0073517371, "t_208": -0.03391769, "t_209": -0.051030441, "t_210": -0.067052079, "t_211": -0.082669602, "t_212": -0.091743557, "t_213": -0.096788787, "t_214": -0.10138949, "t_215": -0.12535667, "t_216": -0.13829459, "t_217": -0.14553137, "t_218": -0.16357048, "t_219": -0.17178958, "t_220": -0.18446016, "t_221": -0.19837418, "t_222": -0.19975128, "t_223": -0.19166897, "t_224": -0.18571292, "t_225": -0.17811244, "t_226": -0.16472066, "t_227": -0.15452761, "t_228": -0.14439052, "t_229": -0.13471972, "t_230": -0.12762593, "t_231": -0.11433052, "t_232": -0.100631, "t_233": -0.088212206, "t_234": -0.083070609, "t_235": -0.10195525, "t_236": -0.10816931, "t_237": -0.10607102, "t_238": -0.11060022, "t_239": -0.12482821, "t_240": -0.13103916, "t_241": -0.13640146, "t_242": -0.14880471, "t_243": -0.18443219, "t_244": -0.20410952, "t_245": -0.22163571, "t_246": -0.22659079, "t_247": -0.22941028, "t_248": -0.22867354, "t_249": -0.21825979, "t_250": -0.20494573, "t_251": -0.18953959, "t_252": -0.17558516, "t_253": -0.15440638, "t_254": -0.12600014, "t_255": -0.097973158, "t_256": -0.071230015, "t_257": -0.040094445, "t_258": -0.0061922355, "t_259": 0.032462998, "t_260": 0.076362411, "t_261": 0.12281397, "t_262": 0.16767705, "t_263": 0.2177843, "t_264": 0.27514388, "t_265": 0.32555267, "t_266": 0.3706178, "t_267": 0.40592198, "t_268": 0.44230795, "t_269": 0.48097872, "t_270": 0.52992648, "t_271": 0.58473391, "t_272": 0.63962216, "t_273": 0.69742627, "t_274": 0.75212179, "t_275": 0.8200319, "t_276": 0.8719297, "t_277": 0.91401059, "t_278": 0.96112117, "t_279": 1.0331999, "t_280": 1.0818275, "t_281": 1.1274832, "t_282": 1.1503251, "t_283": 1.1467347, "t_284": 1.1421806, "t_285": 1.1108865, "t_286": 1.083245, "t_287": 1.0547144, "t_288": 0.96504421, "t_289": 0.97625376, "t_290": 0.9665643, "t_291": 0.94981215, "t_292": 0.94756153, "t_293": 0.92912764, "t_294": 0.92873906, "t_295": 0.9519664, "t_296": 0.96276872, "t_297": 0.95943321, "t_298": 0.98011773, "t_299": 1.0065904, "t_300": 1.0283505, "t_301": 1.058053, "t_302": 1.0920174, "t_303": 1.1303991, "t_304": 1.1708542, "t_305": 1.220977, "t_306": 1.2730302, "t_307": 1.3305017, "t_308": 1.3902207, "t_309": 1.4660794, "t_310": 1.5478943, "t_311": 1.6362961, "t_312": 1.7298427, "t_313": 1.8408316, "t_314": 1.9550845, "t_315": 2.0854149, "t_316": 2.2035877, "t_317": 2.3184437, "t_318": 2.4732667, "t_319": 2.6142129, "t_320": 2.724549, "t_321": 2.8542298, "t_322": 2.9854493, "t_323": 3.0906904, "t_324": 3.1831365, "t_325": 3.2658901, "t_326": 3.2673667, "t_327": 3.1964133, "t_328": 3.2631173, "t_329": 3.3516621, "t_330": 3.3374373, "t_331": 3.2872461, "t_332": 3.2076259, "t_333": 3.1145892, "t_334": 3.0371139, "t_335": 2.9476054, "t_336": 2.676024, "t_337": 2.6386619, "t_338": 2.6368061, "t_339": 2.5202311, "t_340": 2.370957, "t_341": 2.217166, "t_342": 2.0578573, "t_343": 1.9545871, "t_344": 1.8156023, "t_345": 1.6590199, "t_346": 1.532628, "t_347": 1.4379095, "t_348": 1.2695362, "t_349": 1.1702356, "t_350": 1.0479594, "t_351": 0.93206835, "t_352": 0.80060326, "t_353": 0.63158648, "t_354": 0.56767711, "t_355": 0.45556605, "t_356": 0.34493157, "t_357": 0.2595419, "t_358": 0.15845077, "t_359": 0.026009579, "t_360": -0.027507791, "t_361": -0.15384994, "t_362": -0.20844288, "t_363": -0.26794428, "t_364": -0.35171127, "t_365": -0.40627623, "t_366": -0.4651901, "t_367": -0.51196496, "t_368": -0.56478911, "t_369": -0.6141472,