{"sample_dict": {"t_000": -0.23136756, "t_001": -0.23520248, "t_002": -0.23865304, "t_003": -0.24460337, "t_004": -0.24942376, "t_005": -0.25120105, "t_006": -0.25304482, "t_007": -0.25436262, "t_008": -0.2554001, "t_009": -0.25509377, "t_010": -0.25332225, "t_011": -0.24911453, "t_012": -0.24363525, "t_013": -0.23751441, "t_014": -0.23124907, "t_015": -0.22362258, "t_016": -0.21403962, "t_017": -0.20342496, "t_018": -0.19257043, "t_019": -0.18402784, "t_020": -0.17823355, "t_021": -0.176043, "t_022": -0.17554882, "t_023": -0.17633199, "t_024": -0.17559217, "t_025": -0.1706822, "t_026": -0.16589072, "t_027": -0.15881043, "t_028": -0.14860613, "t_029": -0.13696555, "t_030": -0.12433372, "t_031": -0.10985235, "t_032": -0.093570564, "t_033": -0.076522948, "t_034": -0.059218128, "t_035": -0.043222441, "t_036": -0.030356533, "t_037": -0.02181972, "t_038": -0.020074211, "t_039": -0.024909041, "t_040": -0.035879163, "t_041": -0.053108845, "t_042": -0.071982889, "t_043": -0.09268914, "t_044": -0.1119013, "t_045": -0.12772649, "t_046": -0.14429727, "t_047": -0.16131309, "t_048": -0.17577713, "t_049": -0.18788588, "t_050": -0.19754976, "t_051": -0.20563574, "t_052": -0.21412343, "t_053": -0.21985124, "t_054": -0.22142625, "t_055": -0.22195799, "t_056": -0.21876752, "t_057": -0.21262067, "t_058": -0.20608079, "t_059": -0.2012633, "t_060": -0.19854967, "t_061": -0.19646315, "t_062": -0.1975671, "t_063": -0.20316775, "t_064": -0.21316108, "t_065": -0.22567153, "t_066": -0.23932639, "t_067": -0.25169812, "t_068": -0.25914832, "t_069": -0.26148627, "t_070": -0.26100943, "t_071": -0.25946043, "t_072": -0.25735658, "t_073": -0.2521345, "t_074": -0.2435919, "t_075": -0.23386156, "t_076": -0.22404162, "t_077": -0.21715495, "t_078": -0.21118438, "t_079": -0.20454335, "t_080": -0.20148582, "t_081": -0.19980967, "t_082": -0.19859302, "t_083": -0.19789366, "t_084": -0.19690241, "t_085": -0.19712783, "t_086": -0.19974609, "t_087": -0.20509244, "t_088": -0.21308595, "t_089": -0.22603277, "t_090": -0.23958937, "t_091": -0.25148716, "t_092": -0.26465939, "t_093": -0.27585782, "t_094": -0.28325601, "t_095": -0.28818909, "t_096": -0.29101832, "t_097": -0.29123218, "t_098": -0.29086805, "t_099": -0.29062818, "t_100": -0.28961671, "t_101": -0.28926414, "t_102": -0.28768914, "t_103": -0.28291211, "t_104": -0.27721897, "t_105": -0.27425103, "t_106": -0.27101721, "t_107": -0.26564197, "t_108": -0.25935062, "t_109": -0.25113459, "t_110": -0.24169901, "t_111": -0.23166522, "t_112": -0.22327579, "t_113": -0.21472453, "t_114": -0.20436996, "t_115": -0.19489681, "t_116": -0.18634266, "t_117": -0.17688685, "t_118": -0.1685899, "t_119": -0.16170034, "t_120": -0.1545478, "t_121": -0.15036898, "t_122": -0.14936618, "t_123": -0.15029095, "t_124": -0.15110591, "t_125": -0.15427037, "t_126": -0.15984502, "t_127": -0.16466829, "t_128": -0.17020537, "t_129": -0.17656896, "t_130": -0.18366949, "t_131": -0.18950423, "t_132": -0.1928652, "t_133": -0.19497195, "t_134": -0.19623773, "t_135": -0.19624351, "t_136": -0.19871728, "t_137": -0.20185573, "t_138": -0.2043584, "t_139": -0.20750552, "t_140": -0.20831758, "t_141": -0.20838405, "t_142": -0.20697377, "t_143": -0.20491326, "t_144": -0.20531496, "t_145": -0.20543345, "t_146": -0.20416766, "t_147": -0.20189041, "t_148": -0.19923458, "t_149": -0.19607012, "t_150": -0.19108212, "t_151": -0.18481678, "t_152": -0.17669901, "t_153": -0.16794545, "t_154": -0.1601369, "t_155": -0.15257399, "t_156": -0.14539543, "t_157": -0.14168767, "t_158": -0.13993638, "t_159": -0.14041033, "t_160": -0.14691264, "t_161": -0.15561418, "t_162": -0.16527228, "t_163": -0.17945599, "t_164": -0.19394314, "t_165": -0.20753153, "t_166": -0.22272671, "t_167": -0.23575156, "t_168": -0.24598186, "t_169": -0.25231078, "t_170": -0.25427592, "t_171": -0.25701557, "t_172": -0.25976966, "t_173": -0.26083603, "t_174": -0.2647432, "t_175": -0.2659772, "t_176": -0.26741348, "t_177": -0.27266446, "t_178": -0.27491282, "t_179": -0.27564397, "t_180": -0.27636067, "t_181": -0.27630865, "t_182": -0.27526539, "t_183": -0.27227721, "t_184": -0.2674655, "t_185": -0.26294278, "t_186": -0.26037076, "t_187": -0.25099009, "t_188": -0.23971075, "t_189": -0.2374306, "t_190": -0.23305816, "t_191": -0.22327001, "t_192": -0.20779162, "t_193": -0.18553348, "t_194": -0.15838561, "t_195": -0.13026383, "t_196": -0.097963237, "t_197": -0.061293088, "t_198": -0.024065185, "t_199": 0.01273501, "t_200": 0.048309881, "t_201": 0.082847272, "t_202": 0.10187737, "t_203": 0.11084767, "t_204": 0.108949, "t_205": 0.091430323, "t_206": 0.076229363, "t_207": 0.053294987, "t_208": 0.021913384, "t_209": -0.0013504424, "t_210": -0.023755964, "t_211": -0.045456346, "t_212": -0.061541621, "t_213": -0.074430648, "t_214": -0.085897836, "t_215": -0.11122795, "t_216": -0.1259174, "t_217": -0.13511311, "t_218": -0.15275605, "t_219": -0.1641192, "t_220": -0.17857456, "t_221": -0.18987992, "t_222": -0.18955047, "t_223": -0.18093852, "t_224": -0.17156074, "t_225": -0.16072644, "t_226": -0.14607457, "t_227": -0.13315375, "t_228": -0.12130509, "t_229": -0.11123373, "t_230": -0.10288187, "t_231": -0.090033307, "t_232": -0.075254274, "t_233": -0.060972307, "t_234": -0.059663175, "t_235": -0.082187184, "t_236": -0.088666376, "t_237": -0.09061996, "t_238": -0.097359245, "t_239": -0.10954313, "t_240": -0.11524494, "t_241": -0.12323267, "t_242": -0.141364, "t_243": -0.18612881, "t_244": -0.20639579, "t_245": -0.22395492, "t_246": -0.23106412, "t_247": -0.23285297, "t_248": -0.22972031, "t_249": -0.21778206, "t_250": -0.20148293, "t_251": -0.18383999, "t_252": -0.16357012, "t_253": -0.13558706, "t_254": -0.10156407, "t_255": -0.067613335, "t_256": -0.036139256, "t_257": -3.2640573e-05, "t_258": 0.040914585, "t_259": 0.085390398, "t_260": 0.13186603, "t_261": 0.19502516, "t_262": 0.25294486, "t_263": 0.31299443, "t_264": 0.37876026, "t_265": 0.43550377, "t_266": 0.48703965, "t_267": 0.52285149, "t_268": 0.56211679, "t_269": 0.61390698, "t_270": 0.67093659, "t_271": 0.73513319, "t_272": 0.8057772, "t_273": 0.87764653, "t_274": 0.93971904, "t_275": 1.0159521, "t_276": 1.0710079, "t_277": 1.1022682, "t_278": 1.1568067, "t_279": 1.2479286, "t_280": 1.2978404, "t_281": 1.3452177, "t_282": 1.3672273, "t_283": 1.3564045, "t_284": 1.3390361, "t_285": 1.2915375, "t_286": 1.2550465, "t_287": 1.2003201, "t_288": 1.0755913, "t_289": 1.0804666, "t_290": 1.060899, "t_291": 1.0265841, "t_292": 1.007609, "t_293": 0.97608864, "t_294": 0.96241644, "t_295": 0.97301088, "t_296": 0.96782348, "t_297": 0.95752671, "t_298": 0.97088968, "t_299": 0.98748069, "t_300": 1.0018176, "t_301": 1.0245612, "t_302": 1.0536973, "t_303": 1.0851339, "t_304": 1.1211104, "t_305": 1.1665052, "t_306": 1.2152177, "t_307": 1.2734784, "t_308": 1.3293578, "t_309": 1.3981985, "t_310": 1.4807345, "t_311": 1.5692584, "t_312": 1.6553346, "t_313": 1.7645474, "t_314": 1.8894525, "t_315": 2.0183168, "t_316": 2.1259575, "t_317": 2.2389763, "t_318": 2.4059152, "t_319": 2.5525265, "t_320": 2.6510293, "t_321": 2.798363, "t_322": 2.939703, "t_323": 3.0382145, "t_324": 3.1536291, "t_325": 3.254938, "t_326": 3.2862358, "t_327": 3.2382834, "t_328": 3.2915908, "t_329": 3.3568393, "t_330": 3.3259837, "t_331": 3.2887702, "t_332": 3.1825369, "t_333": 3.0272473, "t_334": 2.9976083, "t_335": 2.9269758, "t_336": 2.6030133, "t_337": 2.5895203, "t_338": 2.6020567, "t_339": 2.4878444, "t_340": 2.3284163, "t_341": 2.151565, "t_342": 2.0009975, "t_343": 1.8989314, "t_344": 1.745341, "t_345": 1.5848177, "t_346": 1.4569621, "t_347": 1.3569594, "t_348": 1.1931387, "t_349": 1.0960317, "t_350": 0.97224216, "t_351": 0.85470637, "t_352": 0.72497513, "t_353": 0.55753049, "t_354": 0.4910364, "t_355": 0.38143632, "t_356": 0.27063982, "t_357": 0.18065071, "t_358": 0.079974695, "t_359": -0.041644547, "t_360": -0.094795889, "t_361": -0.21688619, "t_362": -0.27358924, "t_363": -0.33224876, "t_364": -0.4113371, "t_365": -0.46399716, "t_366": -0.51754442, "t_367": -0.56159541, "t_368": -0.6118395, "t_369": -0.65702623,