{"t_000": -0.21831192, "t_001": -0.22493372, "t_002": -0.22797731, "t_003": -0.23097535, "t_004": -0.2349059, "t_005": -0.23807403, "t_006": -0.23926778, "t_007": -0.24014866, "t_008": -0.24081084, "t_009": -0.23977504, "t_010": -0.23755765, "t_011": -0.2338944, "t_012": -0.22686558, "t_013": -0.21797172, "t_014": -0.21040526, "t_015": -0.20240746, "t_016": -0.19115041, "t_017": -0.18040974, "t_018": -0.17059551, "t_019": -0.15996115, "t_020": -0.15282602, "t_021": -0.15231267, "t_022": -0.15456651, "t_023": -0.15477307, "t_024": -0.15237646, "t_025": -0.1485826, "t_026": -0.14341578, "t_027": -0.13725568, "t_028": -0.12881138, "t_029": -0.11724146, "t_030": -0.10343897, "t_031": -0.086079537, "t_032": -0.067896939, "t_033": -0.050622559, "t_034": -0.033961759, "t_035": -0.018804531, "t_036": -0.0065785103, "t_037": 0.0021543615, "t_038": 0.004951918, "t_039": 0.0013524561, "t_040": -0.0078846441, "t_041": -0.022604469, "t_042": -0.040164376, "t_043": -0.057687832, "t_044": -0.075344939, "t_045": -0.095380425, "t_046": -0.11448036, "t_047": -0.13173955, "t_048": -0.14662644, "t_049": -0.15901648, "t_050": -0.17181052, "t_051": -0.18181004, "t_052": -0.18927323, "t_053": -0.19627167, "t_054": -0.2002326, "t_055": -0.19927578, "t_056": -0.1955214, "t_057": -0.19288787, "t_058": -0.18843487, "t_059": -0.18295214, "t_060": -0.18002701, "t_061": -0.18041885, "t_062": -0.18379961, "t_063": -0.19053987, "t_064": -0.20214016, "t_065": -0.21626767, "t_066": -0.2303891, "t_067": -0.24305253, "t_068": -0.25263894, "t_069": -0.25605615, "t_070": -0.25664543, "t_071": -0.25663328, "t_072": -0.25444323, "t_073": -0.24899088, "t_074": -0.24145175, "t_075": -0.23368785, "t_076": -0.22542276, "t_077": -0.21794438, "t_078": -0.21088215, "t_079": -0.20650812, "t_080": -0.2043454, "t_081": -0.20106792, "t_082": -0.1986379, "t_083": -0.20049383, "t_084": -0.202532, "t_085": -0.20065481, "t_086": -0.20038751, "t_087": -0.2033005, "t_088": -0.21232497, "t_089": -0.22572347, "t_090": -0.23657957, "t_091": -0.24694663, "t_092": -0.25789082, "t_093": -0.26724942, "t_094": -0.27343381, "t_095": -0.27825132, "t_096": -0.28102457, "t_097": -0.28177788, "t_098": -0.28112785, "t_099": -0.28067222, "t_100": -0.28053553, "t_101": -0.27884971, "t_102": -0.27505888, "t_103": -0.27115263, "t_104": -0.26753191, "t_105": -0.26303638, "t_106": -0.25820368, "t_107": -0.25120827, "t_108": -0.24349297, "t_109": -0.2351732, "t_110": -0.22671978, "t_111": -0.21770138, "t_112": -0.20856148, "t_113": -0.20018704, "t_114": -0.1916273, "t_115": -0.1836447, "t_116": -0.17658246, "t_117": -0.16998193, "t_118": -0.16180189, "t_119": -0.15399546, "t_120": -0.14975508, "t_121": -0.14771083, "t_122": -0.14607968, "t_123": -0.1456362, "t_124": -0.14793561, "t_125": -0.15205449, "t_126": -0.15732155, "t_127": -0.16444757, "t_128": -0.17171939, "t_129": -0.17827133, "t_130": -0.18447394, "t_131": -0.19052468, "t_132": -0.19512045, "t_133": -0.19734999, "t_134": -0.1991482, "t_135": -0.20097072, "t_136": -0.2040538, "t_137": -0.20904141, "t_138": -0.21260442, "t_139": -0.2150314, "t_140": -0.21688429, "t_141": -0.21676279, "t_142": -0.21649548, "t_143": -0.21521669, "t_144": -0.21393485, "t_145": -0.21378298, "t_146": -0.2120607, "t_147": -0.21107047, "t_148": -0.20909001, "t_149": -0.20505011, "t_150": -0.20139293, "t_151": -0.19573707, "t_152": -0.18749628, "t_153": -0.17872392, "t_154": -0.16984221, "t_155": -0.16140701, "t_156": -0.15510719, "t_157": -0.15141964, "t_158": -0.14943007, "t_159": -0.15039904, "t_160": -0.15687199, "t_161": -0.16612124, "t_162": -0.17632124, "t_163": -0.18931575, "t_164": -0.20299371, "t_165": -0.21735207, "t_166": -0.23136415, "t_167": -0.24346259, "t_168": -0.25279082, "t_169": -0.25898129, "t_170": -0.26412077, "t_171": -0.2660496, "t_172": -0.26679986, "t_173": -0.2686649, "t_174": -0.27228259, "t_175": -0.27453947, "t_176": -0.27647133, "t_177": -0.27911093, "t_178": -0.28047782, "t_179": -0.28285924, "t_180": -0.28240968, "t_181": -0.2820148, "t_182": -0.28284709, "t_183": -0.28012547, "t_184": -0.27501636, "t_185": -0.27053601, "t_186": -0.26778706, "t_187": -0.26003834, "t_188": -0.24990214, "t_189": -0.24670666, "t_190": -0.24117534, "t_191": -0.23037392, "t_192": -0.21680227, "t_193": -0.19566721, "t_194": -0.1707808, "t_195": -0.14552685, "t_196": -0.11454414, "t_197": -0.080858039, "t_198": -0.048128755, "t_199": -0.011660282, "t_200": 0.025057267, "t_201": 0.058196617, "t_202": 0.076215189, "t_203": 0.085197138, "t_204": 0.083705715, "t_205": 0.063017162, "t_206": 0.048008773, "t_207": 0.026627665, "t_208": -0.0065086473, "t_209": -0.029867181, "t_210": -0.050212494, "t_211": -0.0695615, "t_212": -0.082158098, "t_213": -0.091586562, "t_214": -0.10077506, "t_215": -0.12659702, "t_216": -0.14220684, "t_217": -0.15053876, "t_218": -0.16873655, "t_219": -0.17708062, "t_220": -0.18974708, "t_221": -0.20355868, "t_222": -0.2021189, "t_223": -0.19121724, "t_224": -0.18423702, "t_225": -0.17533101, "t_226": -0.16007961, "t_227": -0.14938754, "t_228": -0.1380181, "t_229": -0.12554301, "t_230": -0.11596267, "t_231": -0.10147065, "t_232": -0.086996869, "t_233": -0.072137318, "t_234": -0.070582107, "t_235": -0.096315982, "t_236": -0.098992037, "t_237": -0.097846892, "t_238": -0.10298638, "t_239": -0.11554045, "t_240": -0.11935861, "t_241": -0.12496588, "t_242": -0.1436041, "t_243": -0.19079502, "t_244": -0.21194832, "t_245": -0.22887642, "t_246": -0.23407362, "t_247": -0.23660387, "t_248": -0.23539798, "t_249": -0.22394349, "t_250": -0.20841568, "t_251": -0.19132355, "t_252": -0.17351761, "t_253": -0.14680565, "t_254": -0.11513646, "t_255": -0.085918549, "t_256": -0.055704331, "t_257": -0.020326329, "t_258": 0.016810398, "t_259": 0.060064692, "t_260": 0.10769605, "t_261": 0.15961032, "t_262": 0.21617806, "t_263": 0.27452276, "t_264": 0.33897895, "t_265": 0.39207177, "t_266": 0.44155906, "t_267": 0.48846141, "t_268": 0.52932821, "t_269": 0.57164695, "t_270": 0.62600338, "t_271": 0.68758911, "t_272": 0.75353976, "t_273": 0.81723657, "t_274": 0.87224303, "t_275": 0.94877032, "t_276": 1.0074613, "t_277": 1.0430945, "t_278": 1.0929128, "t_279": 1.1768091, "t_280": 1.2282556, "t_281": 1.2749514, "t_282": 1.2980548, "t_283": 1.2876088, "t_284": 1.2748664, "t_285": 1.2291396, "t_286": 1.1932269, "t_287": 1.1602182, "t_288": 1.0372563, "t_289": 1.0438781, "t_290": 1.0235146, "t_291": 0.99134421, "t_292": 0.98357727, "t_293": 0.95556829, "t_294": 0.94263757, "t_295": 0.95807729, "t_296": 0.95849039, "t_297": 0.94885537, "t_298": 0.96599306, "t_299": 0.98214964, "t_300": 0.99883778, "t_301": 1.0282987, "t_302": 1.0570063, "t_303": 1.0936054, "t_304": 1.1305021, "t_305": 1.173395, "t_306": 1.2217553, "t_307": 1.2781287, "t_308": 1.3435478, "t_309": 1.414893, "t_310": 1.4845343, "t_311": 1.571134, "t_312": 1.6680339, "t_313": 1.7811998, "t_314": 1.9004286, "t_315": 2.0309569, "t_316": 2.140417, "t_317": 2.2434618, "t_318": 2.4055986, "t_319": 2.5650229, "t_320": 2.6707681, "t_321": 2.8070465, "t_322": 2.949415, "t_323": 3.0557435, "t_324": 3.1499582, "t_325": 3.222637, "t_326": 3.2502967, "t_327": 3.2460077, "t_328": 3.310634, "t_329": 3.362852, "t_330": 3.3608381, "t_331": 3.3248222, "t_332": 3.2037254, "t_333": 3.0551481, "t_334": 3.0174859, "t_335": 2.9700854, "t_336": 2.6882217, "t_337": 2.6301018, "t_338": 2.6213507, "t_339": 2.5037166, "t_340": 2.3584715, "t_341": 2.1894881, "t_342": 2.0273574, "t_343": 1.9283191, "t_344": 1.785261, "t_345": 1.6235464, "t_346": 1.4883312, "t_347": 1.3915011, "t_348": 1.2192889, "t_349": 1.1199103, "t_350": 0.99908078, "t_351": 0.88483659, "t_352": 0.75272874, "t_353": 0.57746077, "t_354": 0.51683185, "t_355": 0.40498731, "t_356": 0.2912352, "t_357": 0.20690451, "t_358": 0.11009873, "t_359": -0.021188984, "t_360": -0.072125168, "t_361": -0.19837667, "t_362": -0.25707372, "t_363": -0.31512682, "t_364": -0.39465518, "t_365": -0.44440977, "t_366": -0.500045, "t_367": -0.54526153, "t_368": -0.5924403, "t_369": -0.63788464, "t_370": -0.69003887,