{"t_000": -0.24856394, "t_001": -0.2529921, "t_002": -0.25699359, "t_003": -0.26222936, "t_004": -0.26417068, "t_005": -0.26588343, "t_006": -0.26936683, "t_007": -0.26878169, "t_008": -0.26859274, "t_009": -0.26983007, "t_010": -0.26843427, "t_011": -0.26676723, "t_012": -0.26132118, "t_013": -0.25290677, "t_014": -0.24421502, "t_015": -0.23445967, "t_016": -0.22455498, "t_017": -0.21317831, "t_018": -0.20205763, "t_019": -0.19453921, "t_020": -0.18869393, "t_021": -0.18613395, "t_022": -0.18518919, "t_023": -0.18502157, "t_024": -0.1840372, "t_025": -0.18196483, "t_026": -0.17784753, "t_027": -0.16938131, "t_028": -0.16203965, "t_029": -0.15112317, "t_030": -0.13579681, "t_031": -0.12055578, "t_032": -0.10514409, "t_033": -0.087730129, "t_034": -0.069627411, "t_035": -0.055739518, "t_036": -0.04369542, "t_037": -0.035552244, "t_038": -0.03478425, "t_039": -0.039535452, "t_040": -0.048062624, "t_041": -0.062124231, "t_042": -0.080141616, "t_043": -0.099685847, "t_044": -0.11868761, "t_045": -0.13680251, "t_046": -0.15473457, "t_047": -0.16893941, "t_048": -0.18193131, "t_049": -0.19499635, "t_050": -0.20508694, "t_051": -0.21334288, "t_052": -0.22128796, "t_053": -0.22735572, "t_054": -0.23020827, "t_055": -0.228846, "t_056": -0.22489936, "t_057": -0.2194076, "t_058": -0.21279126, "t_059": -0.20699779, "t_060": -0.20231058, "t_061": -0.20141459, "t_062": -0.20455971, "t_063": -0.21021605, "t_064": -0.21951121, "t_065": -0.23176864, "t_066": -0.24543711, "t_067": -0.25671931, "t_068": -0.26385373, "t_069": -0.26646552, "t_070": -0.26644723, "t_071": -0.26525258, "t_072": -0.26105908, "t_073": -0.25509189, "t_074": -0.24770757, "t_075": -0.23973811, "t_076": -0.2297938, "t_077": -0.21947159, "t_078": -0.21228536, "t_079": -0.20756464, "t_080": -0.20452009, "t_081": -0.20115554, "t_082": -0.19948851, "t_083": -0.19922946, "t_084": -0.20015593, "t_085": -0.2027982, "t_086": -0.2049498, "t_087": -0.20871053, "t_088": -0.21717371, "t_089": -0.22723992, "t_090": -0.23785774, "t_091": -0.2502005, "t_092": -0.26270174, "t_093": -0.27362432, "t_094": -0.28202654, "t_095": -0.28629927, "t_096": -0.28710079, "t_097": -0.28825278, "t_098": -0.28787793, "t_099": -0.28713736, "t_100": -0.28742079, "t_101": -0.28570804, "t_102": -0.2830292, "t_103": -0.27937209, "t_104": -0.27432222, "t_105": -0.26840684, "t_106": -0.2624366, "t_107": -0.25689607, "t_108": -0.2513464, "t_109": -0.24409617, "t_110": -0.2350509, "t_111": -0.22539917, "t_112": -0.216424, "t_113": -0.20640046, "t_114": -0.19697424, "t_115": -0.1884745, "t_116": -0.17895381, "t_117": -0.17097216, "t_118": -0.16220422, "t_119": -0.15505761, "t_120": -0.1505685, "t_121": -0.14576854, "t_122": -0.14307447, "t_123": -0.14313847, "t_124": -0.14583254, "t_125": -0.15042222, "t_126": -0.15508504, "t_127": -0.1611589, "t_128": -0.16883884, "t_129": -0.17611955, "t_130": -0.18230312, "t_131": -0.18723718, "t_132": -0.19142152, "t_133": -0.19561806, "t_134": -0.19706567, "t_135": -0.19714186, "t_136": -0.20039974, "t_137": -0.2052058, "t_138": -0.20851549, "t_139": -0.21178556, "t_140": -0.21404992, "t_141": -0.21343431, "t_142": -0.21216041, "t_143": -0.2105269, "t_144": -0.20878368, "t_145": -0.20800044, "t_146": -0.20700998, "t_147": -0.20658331, "t_148": -0.20473647, "t_149": -0.20111288, "t_150": -0.19605082, "t_151": -0.18972706, "t_152": -0.18221779, "t_153": -0.17335842, "t_154": -0.16551087, "t_155": -0.15815092, "t_156": -0.15065688, "t_157": -0.14668587, "t_158": -0.14636892, "t_159": -0.14778605, "t_160": -0.15360086, "t_161": -0.16237184, "t_162": -0.17322738, "t_163": -0.18733775, "t_164": -0.20118602, "t_165": -0.21498858, "t_166": -0.22927266, "t_167": -0.24127714, "t_168": -0.25069116, "t_169": -0.25771892, "t_170": -0.2615528, "t_171": -0.2622385, "t_172": -0.26282364, "t_173": -0.26488991, "t_174": -0.26866588, "t_175": -0.26880303, "t_176": -0.27026282, "t_177": -0.27422775, "t_178": -0.27502926, "t_179": -0.27642506, "t_180": -0.27716563, "t_181": -0.2765683, "t_182": -0.27758315, "t_183": -0.27749477, "t_184": -0.27188414, "t_185": -0.26578286, "t_186": -0.26236346, "t_187": -0.25405571, "t_188": -0.24426683, "t_189": -0.24070115, "t_190": -0.235313, "t_191": -0.22503955, "t_192": -0.20922863, "t_193": -0.1866368, "t_194": -0.16002824, "t_195": -0.13177093, "t_196": -0.098878234, "t_197": -0.063398126, "t_198": -0.027655924, "t_199": 0.0094912197, "t_200": 0.046930932, "t_201": 0.081024385, "t_202": 0.099303864, "t_203": 0.10810227, "t_204": 0.10701123, "t_205": 0.090606026, "t_206": 0.075764235, "t_207": 0.0530566, "t_208": 0.022083885, "t_209": -0.00070908299, "t_210": -0.023797668, "t_211": -0.044853506, "t_212": -0.059293014, "t_213": -0.070660546, "t_214": -0.080159902, "t_215": -0.10584504, "t_216": -0.12386852, "t_217": -0.13627528, "t_218": -0.15543551, "t_219": -0.16435278, "t_220": -0.17742087, "t_221": -0.19109848, "t_222": -0.19206152, "t_223": -0.18212026, "t_224": -0.17213024, "t_225": -0.16173489, "t_226": -0.14715215, "t_227": -0.1342852, "t_228": -0.12190587, "t_229": -0.11171775, "t_230": -0.10289801, "t_231": -0.088162888, "t_232": -0.072476913, "t_233": -0.056906747, "t_234": -0.053883532, "t_235": -0.079434574, "t_236": -0.085426147, "t_237": -0.084399107, "t_238": -0.089211261, "t_239": -0.10341306, "t_240": -0.10991053, "t_241": -0.11711505, "t_242": -0.13670194, "t_243": -0.1837172, "t_244": -0.20611703, "t_245": -0.22590507, "t_246": -0.23250311, "t_247": -0.23437738, "t_248": -0.23228064, "t_249": -0.22104111, "t_250": -0.20446219, "t_251": -0.18685927, "t_252": -0.16694324, "t_253": -0.13971602, "t_254": -0.10769798, "t_255": -0.071998441, "t_256": -0.039578118, "t_257": -0.0047989564, "t_258": 0.03538664, "t_259": 0.080756197, "t_260": 0.12964877, "t_261": 0.19068297, "t_262": 0.25037623, "t_263": 0.31262946, "t_264": 0.37991123, "t_265": 0.43685556, "t_266": 0.48865859, "t_267": 0.52988037, "t_268": 0.57069072, "t_269": 0.61980273, "t_270": 0.67767657, "t_271": 0.74214541, "t_272": 0.81293191, "t_273": 0.87876607, "t_274": 0.93563116, "t_275": 1.0167429, "t_276": 1.0818731, "t_277": 1.1286842, "t_278": 1.1732949, "t_279": 1.2556683, "t_280": 1.3072367, "t_281": 1.3587167, "t_282": 1.381275, "t_283": 1.366616, "t_284": 1.3462154, "t_285": 1.2913221, "t_286": 1.2534984, "t_287": 1.2083574, "t_288": 1.0864658, "t_289": 1.089486, "t_290": 1.06285, "t_291": 1.0281165, "t_292": 1.0165296, "t_293": 0.981787, "t_294": 0.96575969, "t_295": 0.97566438, "t_296": 0.96843243, "t_297": 0.95761651, "t_298": 0.96944423, "t_299": 0.98485897, "t_300": 1.0000269, "t_301": 1.0205798, "t_302": 1.0464539, "t_303": 1.0786853, "t_304": 1.1130012, "t_305": 1.1536501, "t_306": 1.201604, "t_307": 1.2587433, "t_308": 1.3142675, "t_309": 1.3809946, "t_310": 1.451903, "t_311": 1.5431419, "t_312": 1.6399976, "t_313": 1.7466086, "t_314": 1.8590618, "t_315": 1.990017, "t_316": 2.1097966, "t_317": 2.2219603, "t_318": 2.3811058, "t_319": 2.5330254, "t_320": 2.6563098, "t_321": 2.7980412, "t_322": 2.9306482, "t_323": 3.0312798, "t_324": 3.1430839, "t_325": 3.2363312, "t_326": 3.2560217, "t_327": 3.2344661, "t_328": 3.2915811, "t_329": 3.3600392, "t_330": 3.3344425, "t_331": 3.2977707, "t_332": 3.2116975, "t_333": 3.0882364, "t_334": 3.0417148, "t_335": 2.9638305, "t_336": 2.6767683, "t_337": 2.6143444, "t_338": 2.6021296, "t_339": 2.4922577, "t_340": 2.3497399, "t_341": 2.1846578, "t_342": 2.0180518, "t_343": 1.9101669, "t_344": 1.7566504, "t_345": 1.5910837, "t_346": 1.4675158, "t_347": 1.3707455, "t_348": 1.197953, "t_349": 1.1006188, "t_350": 0.97985787, "t_351": 0.86112659, "t_352": 0.72808685, "t_353": 0.56076166, "t_354": 0.49500673, "t_355": 0.38199884, "t_356": 0.27064883, "t_357": 0.18442931, "t_358": 0.084431597, "t_359": -0.044515223, "t_360": -0.095263786, "t_361": -0.2208552, "t_362": -0.27679382, "t_363": -0.33420443, "t_364": -0.41143355, "t_365": -0.46088384, "t_366": -0.51511885, "t_367": -0.55951927, "t_368": -0.60659853, "t_369": -0.64975858, "t_370": -0.69797154,