{"sample_dict": {"t_000": -0.15781404, "t_001": -0.16169527, "t_002": -0.16396982, "t_003": -0.16666337, "t_004": -0.16850003, "t_005": -0.17024217, "t_006": -0.17290737, "t_007": -0.17315624, "t_008": -0.17101086, "t_009": -0.16796447, "t_010": -0.16449908, "t_011": -0.15892926, "t_012": -0.14988146, "t_013": -0.13967748, "t_014": -0.13132275, "t_015": -0.12507245, "t_016": -0.11751792, "t_017": -0.10775813, "t_018": -0.099671183, "t_019": -0.094879501, "t_020": -0.09459597, "t_021": -0.10018469, "t_022": -0.10746515, "t_023": -0.11264432, "t_024": -0.11627353, "t_025": -0.11935772, "t_026": -0.12092029, "t_027": -0.11820784, "t_028": -0.11455659, "t_029": -0.10967984, "t_030": -0.10135347, "t_031": -0.090346148, "t_032": -0.076544465, "t_033": -0.064034426, "t_034": -0.048739477, "t_035": -0.032587634, "t_036": -0.020153203, "t_037": -0.0088970029, "t_038": -0.0023631773, "t_039": -0.0033649885, "t_040": -0.0099744225, "t_041": -0.021696874, "t_042": -0.035489106, "t_043": -0.050906918, "t_044": -0.070476891, "t_045": -0.087558088, "t_046": -0.10374459, "t_047": -0.1191624, "t_048": -0.13232141, "t_049": -0.14366582, "t_050": -0.1547645, "t_051": -0.16393832, "t_052": -0.16921516, "t_053": -0.17429982, "t_054": -0.17465581, "t_055": -0.16948924, "t_056": -0.16651216, "t_057": -0.16535283, "t_058": -0.16019886, "t_059": -0.15593013, "t_060": -0.15559304, "t_061": -0.15645624, "t_062": -0.15992477, "t_063": -0.16624438, "t_064": -0.17627824, "t_065": -0.19096202, "t_066": -0.20625697, "t_067": -0.21870715, "t_068": -0.22832202, "t_069": -0.23345079, "t_070": -0.23467943, "t_071": -0.23282072, "t_072": -0.22932383, "t_073": -0.22416986, "t_074": -0.21629713, "t_075": -0.20807472, "t_076": -0.19902377, "t_077": -0.1912424, "t_078": -0.18508977, "t_079": -0.18069503, "t_080": -0.17689571, "t_081": -0.17244427, "t_082": -0.17016656, "t_083": -0.16907654, "t_084": -0.16633889, "t_085": -0.1628294, "t_086": -0.16147475, "t_087": -0.16480467, "t_088": -0.17281286, "t_089": -0.1835209, "t_090": -0.19551743, "t_091": -0.20920885, "t_092": -0.22398714, "t_093": -0.2371304, "t_094": -0.24629162, "t_095": -0.25118411, "t_096": -0.25254191, "t_097": -0.25215757, "t_098": -0.25226783, "t_099": -0.25208826, "t_100": -0.25215442, "t_101": -0.25478496, "t_102": -0.25702486, "t_103": -0.25528271, "t_104": -0.25190869, "t_105": -0.24929075, "t_106": -0.2457088, "t_107": -0.2412164, "t_108": -0.23657909, "t_109": -0.23206149, "t_110": -0.22505196, "t_111": -0.21682639, "t_112": -0.21180789, "t_113": -0.20841181, "t_114": -0.20367683, "t_115": -0.19758721, "t_116": -0.19117625, "t_117": -0.1849039, "t_118": -0.17918286, "t_119": -0.17305228, "t_120": -0.16714223, "t_121": -0.16405173, "t_122": -0.16460619, "t_123": -0.16480782, "t_124": -0.16618137, "t_125": -0.17033038, "t_126": -0.17689256, "t_127": -0.18297273, "t_128": -0.18748719, "t_129": -0.19327753, "t_130": -0.19810701, "t_131": -0.20296485, "t_132": -0.20713907, "t_133": -0.2097129, "t_134": -0.21183309, "t_135": -0.21167242, "t_136": -0.21272464, "t_137": -0.21632864, "t_138": -0.21946009, "t_139": -0.22314285, "t_140": -0.22740842, "t_141": -0.22910331, "t_142": -0.22771715, "t_143": -0.22697052, "t_144": -0.22648852, "t_145": -0.22393988, "t_146": -0.22118963, "t_147": -0.220443, "t_148": -0.21946324, "t_149": -0.21712883, "t_150": -0.21312788, "t_151": -0.2083425, "t_152": -0.20174252, "t_153": -0.19358941, "t_154": -0.18417617, "t_155": -0.17519137, "t_156": -0.16894423, "t_157": -0.16362644, "t_158": -0.16002244, "t_159": -0.16155351, "t_160": -0.16847167, "t_161": -0.17625934, "t_162": -0.18500471, "t_163": -0.19734463, "t_164": -0.21036503, "t_165": -0.22308929, "t_166": -0.23554262, "t_167": -0.24561114, "t_168": -0.25413914, "t_169": -0.25967745, "t_170": -0.26353663, "t_171": -0.26583954, "t_172": -0.26647276, "t_173": -0.26711858, "t_174": -0.27018387, "t_175": -0.27175904, "t_176": -0.27318615, "t_177": -0.27613173, "t_178": -0.27836533, "t_179": -0.28020828, "t_180": -0.28016103, "t_181": -0.28088246, "t_182": -0.28161964, "t_183": -0.28033115, "t_184": -0.27578204, "t_185": -0.27099036, "t_186": -0.26836612, "t_187": -0.26028232, "t_188": -0.25218592, "t_189": -0.25178268, "t_190": -0.2493065, "t_191": -0.24271912, "t_192": -0.23258444, "t_193": -0.21474086, "t_194": -0.19323342, "t_195": -0.17154326, "t_196": -0.14546152, "t_197": -0.11469205, "t_198": -0.083850127, "t_199": -0.052875887, "t_200": -0.021041602, "t_201": 0.0081022849, "t_202": 0.02318301, "t_203": 0.03120065, "t_204": 0.029055262, "t_205": 0.012389911, "t_206": 0.00086908167, "t_207": -0.018719794, "t_208": -0.045570225, "t_209": -0.061829181, "t_210": -0.076153822, "t_211": -0.091451921, "t_212": -0.1011928, "t_213": -0.10573876, "t_214": -0.10974915, "t_215": -0.13098566, "t_216": -0.14564739, "t_217": -0.15526541, "t_218": -0.1731846, "t_219": -0.18065093, "t_220": -0.19227887, "t_221": -0.20557964, "t_222": -0.20661926, "t_223": -0.19945851, "t_224": -0.19312316, "t_225": -0.18364376, "t_226": -0.17053515, "t_227": -0.16040363, "t_228": -0.14997282, "t_229": -0.13826927, "t_230": -0.12975702, "t_231": -0.11833386, "t_232": -0.10341695, "t_233": -0.088232263, "t_234": -0.083308266, "t_235": -0.10138182, "t_236": -0.1066177, "t_237": -0.10323738, "t_238": -0.10601284, "t_239": -0.1200823, "t_240": -0.12663188, "t_241": -0.13356265, "t_242": -0.14804166, "t_243": -0.18726351, "t_244": -0.20842756, "t_245": -0.2272446, "t_246": -0.23289948, "t_247": -0.23539771, "t_248": -0.2357789, "t_249": -0.22558122, "t_250": -0.21078717, "t_251": -0.19491571, "t_252": -0.1808494, "t_253": -0.15941757, "t_254": -0.13154012, "t_255": -0.10508348, "t_256": -0.081487364, "t_257": -0.050179187, "t_258": -0.01544028, "t_259": 0.020253184, "t_260": 0.061396753, "t_261": 0.10886622, "t_262": 0.15579069, "t_263": 0.20821251, "t_264": 0.26294669, "t_265": 0.30862046, "t_266": 0.35467542, "t_267": 0.38993729, "t_268": 0.42309157, "t_269": 0.46495342, "t_270": 0.51697515, "t_271": 0.57078942, "t_272": 0.6259615, "t_273": 0.68303639, "t_274": 0.73248113, "t_275": 0.79669471, "t_276": 0.84800131, "t_277": 0.89361522, "t_278": 0.94749881, "t_279": 1.023501, "t_280": 1.0650573, "t_281": 1.0995189, "t_282": 1.1214139, "t_283": 1.1175106, "t_284": 1.11052, "t_285": 1.0801537, "t_286": 1.0559118, "t_287": 1.0295339, "t_288": 0.93744289, "t_289": 0.94686874, "t_290": 0.93812652, "t_291": 0.92156198, "t_292": 0.92280951, "t_293": 0.90818559, "t_294": 0.90499429, "t_295": 0.92551882, "t_296": 0.92932759, "t_297": 0.93387039, "t_298": 0.95840217, "t_299": 0.98446816, "t_300": 1.0093339, "t_301": 1.038147, "t_302": 1.0699844, "t_303": 1.1110807, "t_304": 1.1549115, "t_305": 1.2041862, "t_306": 1.261784, "t_307": 1.3213949, "t_308": 1.3787722, "t_309": 1.4541948, "t_310": 1.5386052, "t_311": 1.6342719, "t_312": 1.7247374, "t_313": 1.8324573, "t_314": 1.952725, "t_315": 2.091268, "t_316": 2.2128211, "t_317": 2.320059, "t_318": 2.4673693, "t_319": 2.6199817, "t_320": 2.7365321, "t_321": 2.8605677, "t_322": 2.9869786, "t_323": 3.0964627, "t_324": 3.1885002, "t_325": 3.2688057, "t_326": 3.2995154, "t_327": 3.2560437, "t_328": 3.2973511, "t_329": 3.3686655, "t_330": 3.3529012, "t_331": 3.3149836, "t_332": 3.2299178, "t_333": 3.0823712, "t_334": 3.0220262, "t_335": 2.9588428, "t_336": 2.6898533, "t_337": 2.6378411, "t_338": 2.6258225, "t_339": 2.5144293, "t_340": 2.3898676, "t_341": 2.2369685, "t_342": 2.0629841, "t_343": 1.96033, "t_344": 1.8178365, "t_345": 1.6560534, "t_346": 1.5331047, "t_347": 1.443827, "t_348": 1.2798324, "t_349": 1.1781958, "t_350": 1.0548627, "t_351": 0.93279612, "t_352": 0.8043091, "t_353": 0.63670734, "t_354": 0.56926465, "t_355": 0.46155734, "t_356": 0.3499499, "t_357": 0.26419422, "t_358": 0.16458646, "t_359": 0.032470241, "t_360": -0.020638357, "t_361": -0.14649483, "t_362": -0.20352247, "t_363": -0.26358704, "t_364": -0.34477785, "t_365": -0.39928206, "t_366": -0.45837947, "t_367": -0.50633409, "t_368": -0.55739496, "t_369": -0.60447379,