{"sample_dict": {"t_000": -0.24542995, "t_001": -0.25021953, "t_002": -0.25441876, "t_003": -0.25745958, "t_004": -0.2577269, "t_005": -0.25904125, "t_006": -0.26091253, "t_007": -0.26097936, "t_008": -0.26034446, "t_009": -0.2590691, "t_010": -0.25750135, "t_011": -0.25275633, "t_012": -0.24556918, "t_013": -0.23754665, "t_014": -0.22859683, "t_015": -0.21957182, "t_016": -0.20895958, "t_017": -0.19747574, "t_018": -0.18698602, "t_019": -0.17938118, "t_020": -0.17284285, "t_021": -0.17028655, "t_022": -0.1738676, "t_023": -0.17584469, "t_024": -0.17412935, "t_025": -0.16973241, "t_026": -0.1631189, "t_027": -0.15808428, "t_028": -0.14988631, "t_029": -0.13872271, "t_030": -0.12688801, "t_031": -0.11214893, "t_032": -0.095510728, "t_033": -0.078064985, "t_034": -0.061126045, "t_035": -0.044791371, "t_036": -0.030829207, "t_037": -0.022745409, "t_038": -0.021698386, "t_039": -0.025914325, "t_040": -0.036159, "t_041": -0.051293496, "t_042": -0.069134658, "t_043": -0.089807794, "t_044": -0.11072041, "t_045": -0.13116521, "t_046": -0.14994201, "t_047": -0.16483981, "t_048": -0.17985456, "t_049": -0.19342688, "t_050": -0.20390546, "t_051": -0.21222039, "t_052": -0.21886731, "t_053": -0.22405787, "t_054": -0.22617698, "t_055": -0.2247234, "t_056": -0.22057986, "t_057": -0.21467643, "t_058": -0.2077956, "t_059": -0.19986496, "t_060": -0.19350206, "t_061": -0.18977901, "t_062": -0.1893084, "t_063": -0.1947468, "t_064": -0.20642277, "t_065": -0.22403003, "t_066": -0.24221648, "t_067": -0.25811397, "t_068": -0.27209841, "t_069": -0.28180844, "t_070": -0.28715772, "t_071": -0.28876724, "t_072": -0.28782046, "t_073": -0.28470724, "t_074": -0.27848358, "t_075": -0.27153313, "t_076": -0.26589424, "t_077": -0.25921669, "t_078": -0.2526895, "t_079": -0.24880772, "t_080": -0.24683062, "t_081": -0.24536312, "t_082": -0.24417408, "t_083": -0.24424091, "t_084": -0.24255621, "t_085": -0.24082417, "t_086": -0.24227218, "t_087": -0.24613725, "t_088": -0.25380892, "t_089": -0.26486393, "t_090": -0.27624752, "t_091": -0.28658966, "t_092": -0.29416386, "t_093": -0.29898685, "t_094": -0.30304685, "t_095": -0.30535532, "t_096": -0.30575352, "t_097": -0.30517432, "t_098": -0.30364833, "t_099": -0.30265143, "t_100": -0.30164897, "t_101": -0.29786743, "t_102": -0.29155745, "t_103": -0.28479078, "t_104": -0.27773451, "t_105": -0.27145516, "t_106": -0.26557679, "t_107": -0.2583256, "t_108": -0.25005245, "t_109": -0.24162336, "t_110": -0.23297706, "t_111": -0.22250962, "t_112": -0.21218975, "t_113": -0.2022319, "t_114": -0.19276414, "t_115": -0.18456895, "t_116": -0.1740848, "t_117": -0.16392923, "t_118": -0.15767772, "t_119": -0.15155988, "t_120": -0.14560633, "t_121": -0.14056057, "t_122": -0.13791516, "t_123": -0.13902345, "t_124": -0.14169948, "t_125": -0.14467347, "t_126": -0.14759734, "t_127": -0.15353697, "t_128": -0.16096638, "t_129": -0.16817302, "t_130": -0.17501765, "t_131": -0.18035301, "t_132": -0.18560205, "t_133": -0.18952003, "t_134": -0.18984584, "t_135": -0.19033036, "t_136": -0.19349928, "t_137": -0.1968659, "t_138": -0.20052213, "t_139": -0.20311741, "t_140": -0.2028473, "t_141": -0.20273592, "t_142": -0.20264681, "t_143": -0.2013798, "t_144": -0.20020747, "t_145": -0.19758991, "t_146": -0.19509766, "t_147": -0.19269173, "t_148": -0.18860946, "t_149": -0.18568559, "t_150": -0.18175647, "t_151": -0.17631251, "t_152": -0.1707321, "t_153": -0.16276804, "t_154": -0.15345065, "t_155": -0.14464284, "t_156": -0.13797086, "t_157": -0.13540899, "t_158": -0.13366024, "t_159": -0.13346253, "t_160": -0.13730254, "t_161": -0.14417224, "t_162": -0.15405213, "t_163": -0.16597315, "t_164": -0.17967078, "t_165": -0.19453238, "t_166": -0.20794597, "t_167": -0.22026798, "t_168": -0.23188548, "t_169": -0.23921465, "t_170": -0.24351412, "t_171": -0.24651875, "t_172": -0.24761032, "t_173": -0.24824244, "t_174": -0.25285101, "t_175": -0.25497847, "t_176": -0.25623434, "t_177": -0.26046699, "t_178": -0.26260002, "t_179": -0.26384753, "t_180": -0.265031, "t_181": -0.26523707, "t_182": -0.2657383, "t_183": -0.26485, "t_184": -0.25909416, "t_185": -0.2536864, "t_186": -0.25018333, "t_187": -0.24209674, "t_188": -0.23301326, "t_189": -0.23088302, "t_190": -0.22751361, "t_191": -0.21813495, "t_192": -0.20298375, "t_193": -0.18061477, "t_194": -0.15226996, "t_195": -0.12223209, "t_196": -0.089175682, "t_197": -0.053036678, "t_198": -0.015878497, "t_199": 0.020619725, "t_200": 0.055241102, "t_201": 0.087885388, "t_202": 0.10652574, "t_203": 0.11725773, "t_204": 0.11904268, "t_205": 0.10659536, "t_206": 0.095757554, "t_207": 0.075738807, "t_208": 0.043929912, "t_209": 0.020115706, "t_210": -0.0028464013, "t_211": -0.026031279, "t_212": -0.04273631, "t_213": -0.055381341, "t_214": -0.06716592, "t_215": -0.094332827, "t_216": -0.11007437, "t_217": -0.12100407, "t_218": -0.1436905, "t_219": -0.15657222, "t_220": -0.17226643, "t_221": -0.18691362, "t_222": -0.18611721, "t_223": -0.17630137, "t_224": -0.16805885, "t_225": -0.15729623, "t_226": -0.14276043, "t_227": -0.12956404, "t_228": -0.11679648, "t_229": -0.10501469, "t_230": -0.095778053, "t_231": -0.084171691, "t_232": -0.071206427, "t_233": -0.058411025, "t_234": -0.057219201, "t_235": -0.082328262, "t_236": -0.090843679, "t_237": -0.090768493, "t_238": -0.094817354, "t_239": -0.10976528, "t_240": -0.11649574, "t_241": -0.11992363, "t_242": -0.13354885, "t_243": -0.17177077, "t_244": -0.1888378, "t_245": -0.20542587, "t_246": -0.21044379, "t_247": -0.21174978, "t_248": -0.20865605, "t_249": -0.1959971, "t_250": -0.17942016, "t_251": -0.15996112, "t_252": -0.13865309, "t_253": -0.10966503, "t_254": -0.075361103, "t_255": -0.040803773, "t_256": -0.0073352343, "t_257": 0.02964473, "t_258": 0.071375283, "t_259": 0.11792882, "t_260": 0.16555167, "t_261": 0.22714503, "t_262": 0.29206603, "t_263": 0.35972989, "t_264": 0.42617409, "t_265": 0.48074181, "t_266": 0.53987912, "t_267": 0.57936526, "t_268": 0.61848104, "t_269": 0.67583619, "t_270": 0.73520184, "t_271": 0.79574539, "t_272": 0.86473474, "t_273": 0.93166903, "t_274": 0.9872086, "t_275": 1.0678433, "t_276": 1.1355183, "t_277": 1.1858395, "t_278": 1.2157604, "t_279": 1.30493, "t_280": 1.3648386, "t_281": 1.4124225, "t_282": 1.4357438, "t_283": 1.4179472, "t_284": 1.3953638, "t_285": 1.3388608, "t_286": 1.2835273, "t_287": 1.2248606, "t_288": 1.1020553, "t_289": 1.1075383, "t_290": 1.0886752, "t_291": 1.0560086, "t_292": 1.0431603, "t_293": 1.0121339, "t_294": 0.99425373, "t_295": 1.0022178, "t_296": 0.99669585, "t_297": 0.98040573, "t_298": 0.99193412, "t_299": 1.0113514, "t_300": 1.0239909, "t_301": 1.0445916, "t_302": 1.0688875, "t_303": 1.099499, "t_304": 1.1389267, "t_305": 1.1831384, "t_306": 1.2305997, "t_307": 1.2810907, "t_308": 1.3320189, "t_309": 1.3988892, "t_310": 1.4775551, "t_311": 1.5689524, "t_312": 1.6599348, "t_313": 1.7732862, "t_314": 1.8886147, "t_315": 2.0177049, "t_316": 2.1317023, "t_317": 2.2329154, "t_318": 2.3921688, "t_319": 2.5495592, "t_320": 2.651992, "t_321": 2.783722, "t_322": 2.9201636, "t_323": 3.023365, "t_324": 3.1271985, "t_325": 3.2067082, "t_326": 3.191582, "t_327": 3.1041445, "t_328": 3.2152793, "t_329": 3.3216691, "t_330": 3.3249911, "t_331": 3.3135546, "t_332": 3.1875861, "t_333": 2.9775326, "t_334": 2.9633533, "t_335": 2.9342371, "t_336": 2.6253932, "t_337": 2.565582, "t_338": 2.5565403, "t_339": 2.4324569, "t_340": 2.2903903, "t_341": 2.1303406, "t_342": 1.9601464, "t_343": 1.8561848, "t_344": 1.7070954, "t_345": 1.5455197, "t_346": 1.4147142, "t_347": 1.318196, "t_348": 1.1514743, "t_349": 1.0536946, "t_350": 0.93526121, "t_351": 0.81801691, "t_352": 0.68299548, "t_353": 0.51303802, "t_354": 0.45215474, "t_355": 0.34635807, "t_356": 0.23796055, "t_357": 0.15214365, "t_358": 0.05357589, "t_359": -0.072905055, "t_360": -0.12415349, "t_361": -0.24903884, "t_362": -0.30531076, "t_363": -0.36234289, "t_364": -0.43947452, "t_365": -0.49028577, "t_366": -0.54430492, "t_367": -0.5868096, "t_368": -0.63326568, "t_369": -0.67611844, "t_370": -0.72611936,