{"sample_dict": {"t_000": -0.22455737, "t_001": -0.23174601, "t_002": -0.23608981, "t_003": -0.23889711, "t_004": -0.24165242, "t_005": -0.24352683, "t_006": -0.24362214, "t_007": -0.24204232, "t_008": -0.2416553, "t_009": -0.24029498, "t_010": -0.23636419, "t_011": -0.23196262, "t_012": -0.22559711, "t_013": -0.2162019, "t_014": -0.20605289, "t_015": -0.19629667, "t_016": -0.18512525, "t_017": -0.17347439, "t_018": -0.16299901, "t_019": -0.15704362, "t_020": -0.15532227, "t_021": -0.155975, "t_022": -0.15968629, "t_023": -0.1640272, "t_024": -0.16711465, "t_025": -0.16725906, "t_026": -0.16221921, "t_027": -0.15418722, "t_028": -0.1463834, "t_029": -0.13736944, "t_030": -0.12518716, "t_031": -0.11089652, "t_032": -0.093931434, "t_033": -0.076616884, "t_034": -0.060859055, "t_035": -0.044737317, "t_036": -0.031867653, "t_037": -0.021793733, "t_038": -0.019067305, "t_039": -0.022157642, "t_040": -0.032546372, "t_041": -0.04997356, "t_042": -0.067438295, "t_043": -0.08581569, "t_044": -0.10552742, "t_045": -0.12638575, "t_046": -0.14553139, "t_047": -0.161708, "t_048": -0.17523906, "t_049": -0.18777947, "t_050": -0.19886425, "t_051": -0.20614243, "t_052": -0.20994903, "t_053": -0.21181478, "t_054": -0.21495133, "t_055": -0.21377873, "t_056": -0.20702332, "t_057": -0.19937257, "t_058": -0.19076872, "t_059": -0.18102694, "t_060": -0.17192056, "t_061": -0.16798688, "t_062": -0.16922879, "t_063": -0.17421087, "t_064": -0.18676861, "t_065": -0.20561967, "t_066": -0.22542959, "t_067": -0.24332755, "t_068": -0.2547127, "t_069": -0.26343785, "t_070": -0.26872896, "t_071": -0.26862788, "t_072": -0.26839682, "t_073": -0.26517941, "t_074": -0.25936264, "t_075": -0.25170034, "t_076": -0.24379832, "t_077": -0.23905596, "t_078": -0.23427893, "t_079": -0.22985715, "t_080": -0.22616319, "t_081": -0.22324036, "t_082": -0.22222951, "t_083": -0.2218165, "t_084": -0.22153923, "t_085": -0.22246633, "t_086": -0.22505124, "t_087": -0.22907734, "t_088": -0.23771585, "t_089": -0.25021583, "t_090": -0.26160386, "t_091": -0.27198104, "t_092": -0.28114519, "t_093": -0.28729698, "t_094": -0.29220975, "t_095": -0.29501993, "t_096": -0.29540983, "t_097": -0.29668351, "t_098": -0.29750086, "t_099": -0.29620697, "t_100": -0.29475133, "t_101": -0.29249279, "t_102": -0.28946599, "t_103": -0.28686664, "t_104": -0.28230912, "t_105": -0.27631329, "t_106": -0.27086909, "t_107": -0.26516786, "t_108": -0.2584471, "t_109": -0.25015517, "t_110": -0.24071087, "t_111": -0.23147452, "t_112": -0.22202156, "t_113": -0.21325598, "t_114": -0.20457126, "t_115": -0.19520206, "t_116": -0.18622564, "t_117": -0.17701817, "t_118": -0.16809951, "t_119": -0.16081556, "t_120": -0.15619739, "t_121": -0.15266516, "t_122": -0.15051925, "t_123": -0.15095248, "t_124": -0.15333521, "t_125": -0.15657574, "t_126": -0.15989713, "t_127": -0.16504961, "t_128": -0.17083172, "t_129": -0.17614594, "t_130": -0.18169122, "t_131": -0.18768127, "t_132": -0.19309947, "t_133": -0.19685697, "t_134": -0.19852922, "t_135": -0.19995886, "t_136": -0.20214809, "t_137": -0.20454238, "t_138": -0.20903925, "t_139": -0.21176279, "t_140": -0.21221624, "t_141": -0.21313178, "t_142": -0.2132011, "t_143": -0.21241552, "t_144": -0.21062197, "t_145": -0.21025517, "t_146": -0.20875621, "t_147": -0.2063677, "t_148": -0.20468968, "t_149": -0.2017062, "t_150": -0.19782162, "t_151": -0.19233411, "t_152": -0.18382269, "t_153": -0.17466143, "t_154": -0.16587563, "t_155": -0.15678946, "t_156": -0.1484831, "t_157": -0.14229954, "t_158": -0.13999478, "t_159": -0.14063884, "t_160": -0.14434724, "t_161": -0.1522897, "t_162": -0.16266399, "t_163": -0.17474229, "t_164": -0.18905026, "t_165": -0.20450484, "t_166": -0.21945398, "t_167": -0.23165359, "t_168": -0.24073687, "t_169": -0.24705328, "t_170": -0.25157326, "t_171": -0.25410618, "t_172": -0.25473003, "t_173": -0.25696547, "t_174": -0.26080961, "t_175": -0.26248475, "t_176": -0.26402992, "t_177": -0.26727622, "t_178": -0.26971672, "t_179": -0.27144962, "t_180": -0.27200703, "t_181": -0.27196371, "t_182": -0.27143806, "t_183": -0.27020193, "t_184": -0.26659461, "t_185": -0.26129771, "t_186": -0.25696547, "t_187": -0.24729589, "t_188": -0.23659524, "t_189": -0.23420673, "t_190": -0.23139654, "t_191": -0.22288223, "t_192": -0.20942049, "t_193": -0.18758885, "t_194": -0.16180043, "t_195": -0.13496937, "t_196": -0.10407756, "t_197": -0.071467285, "t_198": -0.036228782, "t_199": -4.2961456e-05, "t_200": 0.034340644, "t_201": 0.065763881, "t_202": 0.08224664, "t_203": 0.092049072, "t_204": 0.091740038, "t_205": 0.07476918, "t_206": 0.061108159, "t_207": 0.039709743, "t_208": 0.009216496, "t_209": -0.011327023, "t_210": -0.03073838, "t_211": -0.050065982, "t_212": -0.06316381, "t_213": -0.073145309, "t_214": -0.081983094, "t_215": -0.10787838, "t_216": -0.12419363, "t_217": -0.13487117, "t_218": -0.15606453, "t_219": -0.16648503, "t_220": -0.18105871, "t_221": -0.19542733, "t_222": -0.19510097, "t_223": -0.1846487, "t_224": -0.17902255, "t_225": -0.17064399, "t_226": -0.15447026, "t_227": -0.14274431, "t_228": -0.13135917, "t_229": -0.12067584, "t_230": -0.11096583, "t_231": -0.095970478, "t_232": -0.081255277, "t_233": -0.066976188, "t_234": -0.062317578, "t_235": -0.087118252, "t_236": -0.097232606, "t_237": -0.098165484, "t_238": -0.10267391, "t_239": -0.11489951, "t_240": -0.12136323, "t_241": -0.12854032, "t_242": -0.14430392, "t_243": -0.18220531, "t_244": -0.1978996, "t_245": -0.21361122, "t_246": -0.21960994, "t_247": -0.22086918, "t_248": -0.21844601, "t_249": -0.20651789, "t_250": -0.19012177, "t_251": -0.1710079, "t_252": -0.15172939, "t_253": -0.127593, "t_254": -0.097472324, "t_255": -0.063946503, "t_256": -0.031486415, "t_257": 0.0024466369, "t_258": 0.043016693, "t_259": 0.086391156, "t_260": 0.12702475, "t_261": 0.18522706, "t_262": 0.24610669, "t_263": 0.30741377, "t_264": 0.36867753, "t_265": 0.42002622, "t_266": 0.47156263, "t_267": 0.51257169, "t_268": 0.55518657, "t_269": 0.60320231, "t_270": 0.65779152, "t_271": 0.71815706, "t_272": 0.78563326, "t_273": 0.85198597, "t_274": 0.90554988, "t_275": 0.9789526, "t_276": 1.0416402, "t_277": 1.0873483, "t_278": 1.1244641, "t_279": 1.2096968, "t_280": 1.2665099, "t_281": 1.3117299, "t_282": 1.3326806, "t_283": 1.3144476, "t_284": 1.2997324, "t_285": 1.2591133, "t_286": 1.2192595, "t_287": 1.1729131, "t_288": 1.0699818, "t_289": 1.077956, "t_290": 1.0592782, "t_291": 1.0303475, "t_292": 1.0208685, "t_293": 0.99931127, "t_294": 0.99058613, "t_295": 0.99925062, "t_296": 0.99508589, "t_297": 0.99059479, "t_298": 1.0087469, "t_299": 1.0312602, "t_300": 1.0458945, "t_301": 1.0647138, "t_302": 1.0904878, "t_303": 1.1260844, "t_304": 1.1591828, "t_305": 1.1939765, "t_306": 1.2387604, "t_307": 1.299201, "t_308": 1.3592691, "t_309": 1.4254138, "t_310": 1.5004281, "t_311": 1.5841994, "t_312": 1.6698797, "t_313": 1.7850077, "t_314": 1.9024665, "t_315": 2.0258345, "t_316": 2.1409798, "t_317": 2.2502969, "t_318": 2.4135129, "t_319": 2.5565724, "t_320": 2.651284, "t_321": 2.7943666, "t_322": 2.9096188, "t_323": 3.0090756, "t_324": 3.1403514, "t_325": 3.2205269, "t_326": 3.2287004, "t_327": 3.1823482, "t_328": 3.2529436, "t_329": 3.3472278, "t_330": 3.3412377, "t_331": 3.3075733, "t_332": 3.2105367, "t_333": 3.0482594, "t_334": 3.0012112, "t_335": 2.9515434, "t_336": 2.6405313, "t_337": 2.6001374, "t_338": 2.5884202, "t_339": 2.4804692, "t_340": 2.3469956, "t_341": 2.1766487, "t_342": 2.0126182, "t_343": 1.9092884, "t_344": 1.7619371, "t_345": 1.5974734, "t_346": 1.4679854, "t_347": 1.3746572, "t_348": 1.2021269, "t_349": 1.1010353, "t_350": 0.98425527, "t_351": 0.86925431, "t_352": 0.73075235, "t_353": 0.55974987, "t_354": 0.50098437, "t_355": 0.3929901, "t_356": 0.28023036, "t_357": 0.19344966, "t_358": 0.094293176, "t_359": -0.032725438, "t_360": -0.083369414, "t_361": -0.21028117, "t_362": -0.26671591, "t_363": -0.32434925, "t_364": -0.40599768, "t_365": -0.45768717, "t_366": -0.51292044, "t_367": -0.55835994, "t_368": -0.60619084, "t_369": -0.65018626,