{"sample_dict": {"t_000": -0.2261662, "t_001": -0.23175828, "t_002": -0.2361689, "t_003": -0.23905725, "t_004": -0.24046308, "t_005": -0.24051704, "t_006": -0.24233469, "t_007": -0.2445471, "t_008": -0.24292826, "t_009": -0.23980703, "t_010": -0.2367568, "t_011": -0.23250238, "t_012": -0.22388846, "t_013": -0.21483718, "t_014": -0.20603582, "t_015": -0.1939059, "t_016": -0.18258256, "t_017": -0.17204876, "t_018": -0.16194381, "t_019": -0.15528954, "t_020": -0.15149805, "t_021": -0.15315665, "t_022": -0.15851585, "t_023": -0.16471003, "t_024": -0.16916609, "t_025": -0.16828283, "t_026": -0.16272483, "t_027": -0.1556275, "t_028": -0.14960657, "t_029": -0.14008383, "t_030": -0.12801923, "t_031": -0.11405747, "t_032": -0.096517234, "t_033": -0.079752331, "t_034": -0.062888026, "t_035": -0.046551973, "t_036": -0.033388272, "t_037": -0.024047299, "t_038": -0.021687205, "t_039": -0.025828019, "t_040": -0.035589322, "t_041": -0.050704148, "t_042": -0.067480411, "t_043": -0.086014674, "t_044": -0.10780933, "t_045": -0.12747394, "t_046": -0.14371059, "t_047": -0.15933095, "t_048": -0.17347731, "t_049": -0.18753563, "t_050": -0.19817168, "t_051": -0.20439426, "t_052": -0.21059128, "t_053": -0.21481446, "t_054": -0.21525183, "t_055": -0.21165914, "t_056": -0.2054678, "t_057": -0.1985068, "t_058": -0.19010305, "t_059": -0.18201455, "t_060": -0.17547672, "t_061": -0.17046684, "t_062": -0.17068837, "t_063": -0.17603905, "t_064": -0.1879162, "t_065": -0.20718604, "t_066": -0.22598727, "t_067": -0.24128102, "t_068": -0.25353022, "t_069": -0.26313248, "t_070": -0.27098242, "t_071": -0.27401277, "t_072": -0.27177764, "t_073": -0.26885521, "t_074": -0.26316372, "t_075": -0.25569435, "t_076": -0.24867371, "t_077": -0.24102826, "t_078": -0.23471195, "t_079": -0.23011105, "t_080": -0.22665185, "t_081": -0.22453316, "t_082": -0.22389414, "t_083": -0.22468084, "t_084": -0.22522045, "t_085": -0.22510685, "t_086": -0.22684781, "t_087": -0.23038653, "t_088": -0.23805755, "t_089": -0.2492474, "t_090": -0.26088599, "t_091": -0.27065865, "t_092": -0.27901696, "t_093": -0.28671638, "t_094": -0.29066407, "t_095": -0.29238799, "t_096": -0.29484465, "t_097": -0.29549786, "t_098": -0.29609143, "t_099": -0.29729562, "t_100": -0.29627036, "t_101": -0.29440728, "t_102": -0.29085719, "t_103": -0.28541279, "t_104": -0.27930381, "t_105": -0.27318915, "t_106": -0.26816792, "t_107": -0.26343921, "t_108": -0.2569809, "t_109": -0.24957685, "t_110": -0.24082093, "t_111": -0.23193721, "t_112": -0.22371806, "t_113": -0.21448501, "t_114": -0.20479755, "t_115": -0.1949482, "t_116": -0.18581739, "t_117": -0.17728868, "t_118": -0.16833111, "t_119": -0.1608589, "t_120": -0.15670389, "t_121": -0.15330149, "t_122": -0.15077383, "t_123": -0.15102092, "t_124": -0.1528982, "t_125": -0.15565591, "t_126": -0.15928835, "t_127": -0.16519284, "t_128": -0.17031348, "t_129": -0.17625774, "t_130": -0.18279273, "t_131": -0.18659273, "t_132": -0.1906455, "t_133": -0.19472384, "t_134": -0.19675448, "t_135": -0.19802399, "t_136": -0.20042953, "t_137": -0.20375524, "t_138": -0.20600458, "t_139": -0.20850099, "t_140": -0.21052312, "t_141": -0.20981594, "t_142": -0.20839591, "t_143": -0.20674015, "t_144": -0.20677707, "t_145": -0.2061551, "t_146": -0.20458454, "t_147": -0.20309919, "t_148": -0.20050337, "t_149": -0.19722025, "t_150": -0.19321576, "t_151": -0.18694206, "t_152": -0.17831678, "t_153": -0.16829135, "t_154": -0.158229, "t_155": -0.14977981, "t_156": -0.14203779, "t_157": -0.13645139, "t_158": -0.13363972, "t_159": -0.13312851, "t_160": -0.13853599, "t_161": -0.14745664, "t_162": -0.15715546, "t_163": -0.17055773, "t_164": -0.1851159, "t_165": -0.19951503, "t_166": -0.21303658, "t_167": -0.22476036, "t_168": -0.23427742, "t_169": -0.2413577, "t_170": -0.24560928, "t_171": -0.24754336, "t_172": -0.24894068, "t_173": -0.25075832, "t_174": -0.25645833, "t_175": -0.25841229, "t_176": -0.25833277, "t_177": -0.26147104, "t_178": -0.26359541, "t_179": -0.26591858, "t_180": -0.26646388, "t_181": -0.26515177, "t_182": -0.26566866, "t_183": -0.26408958, "t_184": -0.26002261, "t_185": -0.25568867, "t_186": -0.25123261, "t_187": -0.24253917, "t_188": -0.23230358, "t_189": -0.23127263, "t_190": -0.22860013, "t_191": -0.21915976, "t_192": -0.20543088, "t_193": -0.18366179, "t_194": -0.15681749, "t_195": -0.13058097, "t_196": -0.098437118, "t_197": -0.063555441, "t_198": -0.029579745, "t_199": 0.0079176318, "t_200": 0.044381225, "t_201": 0.076598921, "t_202": 0.094218683, "t_203": 0.10375846, "t_204": 0.10290928, "t_205": 0.088186386, "t_206": 0.07567306, "t_207": 0.053395591, "t_208": 0.023279543, "t_209": 0.0032996863, "t_210": -0.01799796, "t_211": -0.039054201, "t_212": -0.052169621, "t_213": -0.062564258, "t_214": -0.072379523, "t_215": -0.097414695, "t_216": -0.11427616, "t_217": -0.12582954, "t_218": -0.1486097, "t_219": -0.16039313, "t_220": -0.1754398, "t_221": -0.18989289, "t_222": -0.1893618, "t_223": -0.18086148, "t_224": -0.17437761, "t_225": -0.16467595, "t_226": -0.14974857, "t_227": -0.13819235, "t_228": -0.12697693, "t_229": -0.1149663, "t_230": -0.10557988, "t_231": -0.092330979, "t_232": -0.076435135, "t_233": -0.061621357, "t_234": -0.05957651, "t_235": -0.083515417, "t_236": -0.091231873, "t_237": -0.093396003, "t_238": -0.099027852, "t_239": -0.11110665, "t_240": -0.1151083, "t_241": -0.1212116, "t_242": -0.13912389, "t_243": -0.17758973, "t_244": -0.1958201, "t_245": -0.21261625, "t_246": -0.21564376, "t_247": -0.21666902, "t_248": -0.21634241, "t_249": -0.20588245, "t_250": -0.19011157, "t_251": -0.17169091, "t_252": -0.15229327, "t_253": -0.12507409, "t_254": -0.093796452, "t_255": -0.060493851, "t_256": -0.028207994, "t_257": 0.0073694993, "t_258": 0.047181529, "t_259": 0.08882824, "t_260": 0.13348826, "t_261": 0.19044292, "t_262": 0.24859325, "t_263": 0.31059187, "t_264": 0.3749733, "t_265": 0.42707145, "t_266": 0.48019486, "t_267": 0.52256295, "t_268": 0.56237214, "t_269": 0.61061916, "t_270": 0.66438727, "t_271": 0.72855002, "t_272": 0.79493085, "t_273": 0.85732992, "t_274": 0.91674408, "t_275": 0.99135826, "t_276": 1.0513149, "t_277": 1.0947537, "t_278": 1.1409473, "t_279": 1.2352971, "t_280": 1.2922461, "t_281": 1.3348158, "t_282": 1.3512484, "t_283": 1.3377326, "t_284": 1.3254834, "t_285": 1.2793096, "t_286": 1.2343911, "t_287": 1.1939316, "t_288": 1.0877273, "t_289": 1.0942453, "t_290": 1.0774946, "t_291": 1.0467736, "t_292": 1.0371458, "t_293": 1.0105599, "t_294": 0.99961717, "t_295": 1.0143997, "t_296": 1.0079016, "t_297": 0.99592224, "t_298": 1.0136755, "t_299": 1.0316787, "t_300": 1.0494546, "t_301": 1.0738707, "t_302": 1.096594, "t_303": 1.1289452, "t_304": 1.1697882, "t_305": 1.2144056, "t_306": 1.2549844, "t_307": 1.3061937, "t_308": 1.3660736, "t_309": 1.4318126, "t_310": 1.5014311, "t_311": 1.5868489, "t_312": 1.6777281, "t_313": 1.78836, "t_314": 1.902434, "t_315": 2.0339915, "t_316": 2.1457964, "t_317": 2.2467777, "t_318": 2.4039412, "t_319": 2.5543084, "t_320": 2.6493711, "t_321": 2.7646437, "t_322": 2.9057324, "t_323": 3.0234162, "t_324": 3.127922, "t_325": 3.2081794, "t_326": 3.2238055, "t_327": 3.1809318, "t_328": 3.2523396, "t_329": 3.3285045, "t_330": 3.3180473, "t_331": 3.2977238, "t_332": 3.17388, "t_333": 3.0094203, "t_334": 2.9940357, "t_335": 2.9327556, "t_336": 2.6099766, "t_337": 2.5457258, "t_338": 2.5636949, "t_339": 2.458692, "t_340": 2.3179895, "t_341": 2.1634928, "t_342": 1.9931997, "t_343": 1.8856322, "t_344": 1.7370684, "t_345": 1.5752898, "t_346": 1.4495686, "t_347": 1.3538727, "t_348": 1.1883792, "t_349": 1.0978863, "t_350": 0.9780128, "t_351": 0.85649494, "t_352": 0.72228199, "t_353": 0.55779111, "t_354": 0.49527277, "t_355": 0.38452444, "t_356": 0.27331034, "t_357": 0.18694112, "t_358": 0.089728541, "t_359": -0.03678499, "t_360": -0.088849059, "t_361": -0.21634525, "t_362": -0.2746177, "t_363": -0.33387566, "t_364": -0.41244321, "t_365": -0.46351042, "t_366": -0.51979766, "t_367": -0.56495754, "t_368": -0.61463595, "t_369": -0.65977026, "t_370": -0.71075511,