{"sample_dict": {"t_000": -0.24178227, "t_001": -0.24668546, "t_002": -0.25156459, "t_003": -0.25727997, "t_004": -0.25989701, "t_005": -0.26086562, "t_006": -0.26268852, "t_007": -0.26372632, "t_008": -0.26267348, "t_009": -0.26068513, "t_010": -0.25903971, "t_011": -0.25577592, "t_012": -0.25061103, "t_013": -0.24471215, "t_014": -0.23656323, "t_015": -0.22632668, "t_016": -0.21673988, "t_017": -0.20573327, "t_018": -0.19451909, "t_019": -0.18461644, "t_020": -0.17846188, "t_021": -0.17578167, "t_022": -0.17487924, "t_023": -0.17634419, "t_024": -0.17707816, "t_025": -0.17599224, "t_026": -0.17075815, "t_027": -0.16324995, "t_028": -0.15552516, "t_029": -0.14611284, "t_030": -0.13359014, "t_031": -0.11786683, "t_032": -0.10166824, "t_033": -0.082437496, "t_034": -0.062553993, "t_035": -0.0492522, "t_036": -0.0368769, "t_037": -0.027266038, "t_038": -0.025130291, "t_039": -0.030090639, "t_040": -0.041834239, "t_041": -0.056703249, "t_042": -0.074135156, "t_043": -0.092009253, "t_044": -0.11057822, "t_045": -0.12973076, "t_046": -0.14488553, "t_047": -0.15790757, "t_048": -0.17232838, "t_049": -0.185937, "t_050": -0.19722938, "t_051": -0.20554075, "t_052": -0.21269099, "t_053": -0.21818377, "t_054": -0.22104747, "t_055": -0.21956749, "t_056": -0.21587957, "t_057": -0.21276318, "t_058": -0.20661464, "t_059": -0.19991561, "t_060": -0.19741589, "t_061": -0.19637509, "t_062": -0.19699776, "t_063": -0.20256574, "t_064": -0.21165921, "t_065": -0.22485271, "t_066": -0.23903588, "t_067": -0.24909795, "t_068": -0.25553528, "t_069": -0.25845914, "t_070": -0.25909987, "t_071": -0.25817037, "t_072": -0.25369131, "t_073": -0.24754277, "t_074": -0.24096708, "t_075": -0.23223157, "t_076": -0.22325241, "t_077": -0.21498917, "t_078": -0.20828714, "t_079": -0.20345915, "t_080": -0.19925383, "t_081": -0.19536136, "t_082": -0.19373097, "t_083": -0.19466348, "t_084": -0.19554485, "t_085": -0.19632696, "t_086": -0.19746101, "t_087": -0.20214762, "t_088": -0.2105763, "t_089": -0.22082788, "t_090": -0.23151263, "t_091": -0.24333745, "t_092": -0.25688591, "t_093": -0.26789554, "t_094": -0.27477505, "t_095": -0.2782885, "t_096": -0.28166058, "t_097": -0.2836008, "t_098": -0.28232536, "t_099": -0.28068294, "t_100": -0.28063482, "t_101": -0.28095668, "t_102": -0.2779155, "t_103": -0.27405912, "t_104": -0.27050656, "t_105": -0.26497167, "t_106": -0.25905174, "t_107": -0.25391091, "t_108": -0.24759692, "t_109": -0.24003156, "t_110": -0.2307937, "t_111": -0.22146861, "t_112": -0.21331066, "t_113": -0.20571522, "t_114": -0.19743694, "t_115": -0.18769974, "t_116": -0.17873863, "t_117": -0.17017458, "t_118": -0.16182712, "t_119": -0.15565752, "t_120": -0.15064604, "t_121": -0.14634145, "t_122": -0.14340555, "t_123": -0.14363718, "t_124": -0.14619706, "t_125": -0.1499271, "t_126": -0.15557029, "t_127": -0.16197753, "t_128": -0.1693624, "t_129": -0.17610053, "t_130": -0.18215582, "t_131": -0.18780202, "t_132": -0.19221489, "t_133": -0.19544258, "t_134": -0.1980536, "t_135": -0.19945537, "t_136": -0.20125421, "t_137": -0.20590774, "t_138": -0.21007094, "t_139": -0.21261278, "t_140": -0.21403561, "t_141": -0.21405967, "t_142": -0.21234807, "t_143": -0.21100646, "t_144": -0.21053118, "t_145": -0.20916249, "t_146": -0.20717414, "t_147": -0.20466539, "t_148": -0.20352533, "t_149": -0.20146478, "t_150": -0.1965676, "t_151": -0.18905338, "t_152": -0.18145795, "t_153": -0.17347145, "t_154": -0.16492847, "t_155": -0.15726986, "t_156": -0.15080246, "t_157": -0.14696112, "t_158": -0.14496074, "t_159": -0.14564959, "t_160": -0.15181618, "t_161": -0.16026592, "t_162": -0.17164554, "t_163": -0.18710113, "t_164": -0.20025553, "t_165": -0.2139574, "t_166": -0.22792398, "t_167": -0.23976985, "t_168": -0.24945592, "t_169": -0.25594137, "t_170": -0.25959921, "t_171": -0.2613409, "t_172": -0.26227642, "t_173": -0.26283592, "t_174": -0.26632531, "t_175": -0.26799781, "t_176": -0.26868366, "t_177": -0.27106005, "t_178": -0.27293109, "t_179": -0.27554512, "t_180": -0.27562634, "t_181": -0.27493748, "t_182": -0.27547593, "t_183": -0.27513903, "t_184": -0.27131273, "t_185": -0.26647271, "t_186": -0.26320592, "t_187": -0.25459976, "t_188": -0.24431809, "t_189": -0.24084374, "t_190": -0.2362925, "t_191": -0.22639587, "t_192": -0.21058833, "t_193": -0.18982646, "t_194": -0.16364702, "t_195": -0.13590938, "t_196": -0.10389423, "t_197": -0.067508324, "t_198": -0.032202321, "t_199": 0.0060516143, "t_200": 0.04228411, "t_201": 0.076077042, "t_202": 0.095620631, "t_203": 0.10391395, "t_204": 0.10290323, "t_205": 0.086882117, "t_206": 0.072398143, "t_207": 0.049262889, "t_208": 0.017918546, "t_209": -0.0038540403, "t_210": -0.025488255, "t_211": -0.047823355, "t_212": -0.062457734, "t_213": -0.072558915, "t_214": -0.083800163, "t_215": -0.1126899, "t_216": -0.12888548, "t_217": -0.13837903, "t_218": -0.15650279, "t_219": -0.16585797, "t_220": -0.17978244, "t_221": -0.19387536, "t_222": -0.19400471, "t_223": -0.18373507, "t_224": -0.17396177, "t_225": -0.16406514, "t_226": -0.14915402, "t_227": -0.13712164, "t_228": -0.12610299, "t_229": -0.11371265, "t_230": -0.10427325, "t_231": -0.090827072, "t_232": -0.074694662, "t_233": -0.059720368, "t_234": -0.055256356, "t_235": -0.077865193, "t_236": -0.088026536, "t_237": -0.088661244, "t_238": -0.091768605, "t_239": -0.10479365, "t_240": -0.11219056, "t_241": -0.11961754, "t_242": -0.13793082, "t_243": -0.18379824, "t_244": -0.20516474, "t_245": -0.22538815, "t_246": -0.2323158, "t_247": -0.23447561, "t_248": -0.23329944, "t_249": -0.22187771, "t_250": -0.20495718, "t_251": -0.1851188, "t_252": -0.16602041, "t_253": -0.14021096, "t_254": -0.10796418, "t_255": -0.074078002, "t_256": -0.043052517, "t_257": -0.007608142, "t_258": 0.033921608, "t_259": 0.07773751, "t_260": 0.12221519, "t_261": 0.18728328, "t_262": 0.24574559, "t_263": 0.30742055, "t_264": 0.3738844, "t_265": 0.42715474, "t_266": 0.4808041, "t_267": 0.52191272, "t_268": 0.56038925, "t_269": 0.61133434, "t_270": 0.67067201, "t_271": 0.73248534, "t_272": 0.79949665, "t_273": 0.86346378, "t_274": 0.9225247, "t_275": 1.0013939, "t_276": 1.061607, "t_277": 1.1101305, "t_278": 1.1577908, "t_279": 1.243353, "t_280": 1.2936965, "t_281": 1.3398497, "t_282": 1.3606777, "t_283": 1.3458237, "t_284": 1.3282294, "t_285": 1.2790982, "t_286": 1.240366, "t_287": 1.191689, "t_288": 1.0726406, "t_289": 1.0770505, "t_290": 1.0529045, "t_291": 1.0172797, "t_292": 1.0033462, "t_293": 0.97387287, "t_294": 0.95931069, "t_295": 0.9650742, "t_296": 0.96112156, "t_297": 0.95637178, "t_298": 0.96658727, "t_299": 0.97870688, "t_300": 0.99400304, "t_301": 1.0206247, "t_302": 1.0471952, "t_303": 1.0790328, "t_304": 1.1144261, "t_305": 1.1585669, "t_306": 1.2061639, "t_307": 1.2635433, "t_308": 1.3241233, "t_309": 1.3898051, "t_310": 1.4660182, "t_311": 1.5560354, "t_312": 1.6448734, "t_313": 1.7572227, "t_314": 1.8816766, "t_315": 2.0078151, "t_316": 2.1184828, "t_317": 2.2295808, "t_318": 2.3974054, "t_319": 2.5510558, "t_320": 2.6542365, "t_321": 2.8182227, "t_322": 2.9516047, "t_323": 3.0386228, "t_324": 3.1371198, "t_325": 3.2175382, "t_326": 3.2530458, "t_327": 3.2303738, "t_328": 3.3027305, "t_329": 3.367233, "t_330": 3.3452318, "t_331": 3.3095919, "t_332": 3.2130622, "t_333": 3.0830704, "t_334": 3.017145, "t_335": 2.9619736, "t_336": 2.6892718, "t_337": 2.6134076, "t_338": 2.5986198, "t_339": 2.4738621, "t_340": 2.3295789, "t_341": 2.1577445, "t_342": 1.9963933, "t_343": 1.9040358, "t_344": 1.7570603, "t_345": 1.5883423, "t_346": 1.4602938, "t_347": 1.3671391, "t_348": 1.2030686, "t_349": 1.0999, "t_350": 0.97652902, "t_351": 0.86257038, "t_352": 0.73227477, "t_353": 0.56072917, "t_354": 0.49621156, "t_355": 0.38530914, "t_356": 0.273396, "t_357": 0.18752694, "t_358": 0.08960745, "t_359": -0.038224526, "t_360": -0.088643195, "t_361": -0.21376187, "t_362": -0.27308149, "t_363": -0.33172429, "t_364": -0.41008515, "t_365": -0.45964952, "t_366": -0.51255588, "t_367": -0.55687413, "t_368": -0.60595119, "t_369": -0.64998969,