{"sample_dict": {"t_000": -0.23184317, "t_001": -0.23831146, "t_002": -0.24490292, "t_003": -0.24906991, "t_004": -0.25134418, "t_005": -0.25277123, "t_006": -0.25349226, "t_007": -0.25427338, "t_008": -0.25419227, "t_009": -0.25434849, "t_010": -0.2511489, "t_011": -0.24805746, "t_012": -0.24375528, "t_013": -0.23467323, "t_014": -0.22749893, "t_015": -0.22110574, "t_016": -0.21110137, "t_017": -0.19910815, "t_018": -0.18796214, "t_019": -0.17840541, "t_020": -0.17088861, "t_021": -0.16765296, "t_022": -0.16812164, "t_023": -0.16982508, "t_024": -0.16904997, "t_025": -0.16429113, "t_026": -0.16082415, "t_027": -0.15669623, "t_028": -0.14875282, "t_029": -0.13727633, "t_030": -0.12560457, "t_031": -0.11082033, "t_032": -0.093392296, "t_033": -0.077769856, "t_034": -0.058656401, "t_035": -0.042189748, "t_036": -0.030178496, "t_037": -0.020429492, "t_038": -0.018482696, "t_039": -0.025371591, "t_040": -0.036568674, "t_041": -0.051340893, "t_042": -0.068678797, "t_043": -0.088311998, "t_044": -0.10903276, "t_045": -0.1264608, "t_046": -0.14430643, "t_047": -0.16216408, "t_048": -0.17774145, "t_049": -0.1919068, "t_050": -0.20398415, "t_051": -0.21354989, "t_052": -0.221983, "t_053": -0.22847833, "t_054": -0.2319393, "t_055": -0.23177407, "t_056": -0.22718347, "t_057": -0.22082935, "t_058": -0.21546364, "t_059": -0.21019407, "t_060": -0.20669404, "t_061": -0.20745413, "t_062": -0.21080395, "t_063": -0.21664133, "t_064": -0.22628518, "t_065": -0.23724793, "t_066": -0.24733342, "t_067": -0.25779144, "t_068": -0.26591511, "t_069": -0.27038553, "t_070": -0.26840268, "t_071": -0.26426574, "t_072": -0.26015283, "t_073": -0.25235663, "t_074": -0.24343081, "t_075": -0.23230283, "t_076": -0.22229545, "t_077": -0.21333658, "t_078": -0.20438973, "t_079": -0.1974077, "t_080": -0.1921171, "t_081": -0.18836471, "t_082": -0.18639989, "t_083": -0.18526726, "t_084": -0.18491576, "t_085": -0.18602736, "t_086": -0.18745741, "t_087": -0.19099349, "t_088": -0.19848325, "t_089": -0.20933183, "t_090": -0.22234052, "t_091": -0.23543032, "t_092": -0.24722826, "t_093": -0.26019189, "t_094": -0.27003402, "t_095": -0.27308941, "t_096": -0.27485895, "t_097": -0.27666455, "t_098": -0.27620789, "t_099": -0.27457354, "t_100": -0.27284606, "t_101": -0.27070098, "t_102": -0.26690954, "t_103": -0.2633374, "t_104": -0.26027901, "t_105": -0.2558146, "t_106": -0.2504549, "t_107": -0.24422095, "t_108": -0.23819128, "t_109": -0.23086977, "t_110": -0.22144823, "t_111": -0.21197563, "t_112": -0.20363865, "t_113": -0.19582743, "t_114": -0.18792909, "t_115": -0.17989254, "t_116": -0.1716487, "t_117": -0.16397568, "t_118": -0.15727606, "t_119": -0.15085884, "t_120": -0.14610301, "t_121": -0.14321286, "t_122": -0.14219439, "t_123": -0.14458583, "t_124": -0.14909831, "t_125": -0.15405844, "t_126": -0.15949024, "t_127": -0.16567913, "t_128": -0.17258304, "t_129": -0.17904833, "t_130": -0.18486168, "t_131": -0.19006816, "t_132": -0.19407892, "t_133": -0.19672873, "t_134": -0.19833604, "t_135": -0.19903604, "t_136": -0.20093176, "t_137": -0.20497557, "t_138": -0.2084065, "t_139": -0.2110533, "t_140": -0.21310225, "t_141": -0.21249237, "t_142": -0.21044343, "t_143": -0.21028119, "t_144": -0.20989965, "t_145": -0.20818118, "t_146": -0.20834642, "t_147": -0.20814813, "t_148": -0.20661593, "t_149": -0.20415239, "t_150": -0.19883776, "t_151": -0.1926699, "t_152": -0.18525224, "t_153": -0.17707149, "t_154": -0.16877658, "t_155": -0.15966449, "t_156": -0.15245113, "t_157": -0.14835324, "t_158": -0.14549313, "t_159": -0.14612103, "t_160": -0.1519434, "t_161": -0.16211, "t_162": -0.17404915, "t_163": -0.18650204, "t_164": -0.1992884, "t_165": -0.21296705, "t_166": -0.22825, "t_167": -0.24129474, "t_168": -0.25037078, "t_169": -0.25704937, "t_170": -0.26065455, "t_171": -0.26231594, "t_172": -0.26269748, "t_173": -0.26248418, "t_174": -0.26616146, "t_175": -0.26854989, "t_176": -0.27110056, "t_177": -0.27508728, "t_178": -0.27702506, "t_179": -0.27827486, "t_180": -0.27842508, "t_181": -0.27754181, "t_182": -0.27655339, "t_183": -0.27503921, "t_184": -0.27104648, "t_185": -0.26737821, "t_186": -0.26390222, "t_187": -0.25582962, "t_188": -0.24663942, "t_189": -0.24318746, "t_190": -0.23706767, "t_191": -0.22630321, "t_192": -0.21090609, "t_193": -0.18848188, "t_194": -0.16271387, "t_195": -0.13493597, "t_196": -0.10282284, "t_197": -0.067948749, "t_198": -0.032963496, "t_199": 0.0036500957, "t_200": 0.040672274, "t_201": 0.073317165, "t_202": 0.091742631, "t_203": 0.10412942, "t_204": 0.10359466, "t_205": 0.085319405, "t_206": 0.070369932, "t_207": 0.048618688, "t_208": 0.017740335, "t_209": -0.0058705798, "t_210": -0.028210669, "t_211": -0.048552888, "t_212": -0.062772313, "t_213": -0.073933345, "t_214": -0.084328276, "t_215": -0.1109375, "t_216": -0.12686337, "t_217": -0.13655229, "t_218": -0.15632069, "t_219": -0.16618085, "t_220": -0.17977838, "t_221": -0.19446648, "t_222": -0.19536477, "t_223": -0.18673637, "t_224": -0.17779553, "t_225": -0.16559801, "t_226": -0.14994853, "t_227": -0.1378802, "t_228": -0.12678827, "t_229": -0.11550706, "t_230": -0.1070379, "t_231": -0.092298725, "t_232": -0.074747514, "t_233": -0.061726811, "t_234": -0.060140533, "t_235": -0.078346684, "t_236": -0.084253168, "t_237": -0.086016701, "t_238": -0.092367824, "t_239": -0.10440612, "t_240": -0.11162248, "t_241": -0.12044015, "t_242": -0.13814458, "t_243": -0.1870308, "t_244": -0.21196662, "t_245": -0.23108007, "t_246": -0.23696552, "t_247": -0.23935996, "t_248": -0.23801403, "t_249": -0.22566329, "t_250": -0.20949406, "t_251": -0.19311153, "t_252": -0.17264013, "t_253": -0.14333603, "t_254": -0.11028556, "t_255": -0.076123491, "t_256": -0.042838681, "t_257": -0.0085834766, "t_258": 0.029454161, "t_259": 0.07222059, "t_260": 0.11737245, "t_261": 0.1770021, "t_262": 0.23496736, "t_263": 0.29778759, "t_264": 0.36533061, "t_265": 0.41818253, "t_266": 0.47578427, "t_267": 0.52157604, "t_268": 0.56034373, "t_269": 0.6094072, "t_270": 0.66727633, "t_271": 0.72951973, "t_272": 0.7957048, "t_273": 0.8625418, "t_274": 0.92055814, "t_275": 0.99605358, "t_276": 1.0585013, "t_277": 1.0956436, "t_278": 1.1371993, "t_279": 1.2371229, "t_280": 1.2916692, "t_281": 1.338152, "t_282": 1.3561088, "t_283": 1.3371786, "t_284": 1.3263991, "t_285": 1.2773506, "t_286": 1.2355005, "t_287": 1.1970633, "t_288": 1.0754727, "t_289": 1.0751993, "t_290": 1.0524776, "t_291": 1.0185799, "t_292": 1.0040781, "t_293": 0.97062205, "t_294": 0.95391505, "t_295": 0.96522029, "t_296": 0.9624383, "t_297": 0.95125924, "t_298": 0.96380225, "t_299": 0.9785925, "t_300": 0.99518533, "t_301": 1.020695, "t_302": 1.0460214, "t_303": 1.0784589, "t_304": 1.1138047, "t_305": 1.1570518, "t_306": 1.206593, "t_307": 1.2632364, "t_308": 1.3202763, "t_309": 1.3850944, "t_310": 1.4640418, "t_311": 1.5564936, "t_312": 1.6515441, "t_313": 1.7631695, "t_314": 1.8736141, "t_315": 2.0090967, "t_316": 2.1306814, "t_317": 2.2421505, "t_318": 2.4073938, "t_319": 2.5573783, "t_320": 2.6590894, "t_321": 2.7839577, "t_322": 2.9125725, "t_323": 3.0407816, "t_324": 3.1469091, "t_325": 3.2159572, "t_326": 3.2370355, "t_327": 3.2055052, "t_328": 3.28962, "t_329": 3.3653558, "t_330": 3.3472699, "t_331": 3.3054828, "t_332": 3.2348994, "t_333": 3.0965838, "t_334": 3.0269708, "t_335": 2.9663227, "t_336": 2.6746517, "t_337": 2.6058739, "t_338": 2.5971193, "t_339": 2.4840249, "t_340": 2.3357289, "t_341": 2.1684997, "t_342": 2.0095444, "t_343": 1.9030834, "t_344": 1.7554724, "t_345": 1.5920166, "t_346": 1.4618156, "t_347": 1.3696222, "t_348": 1.2013505, "t_349": 1.0998196, "t_350": 0.97582252, "t_351": 0.8566924, "t_352": 0.7271974, "t_353": 0.563315, "t_354": 0.50099047, "t_355": 0.39127588, "t_356": 0.27721705, "t_357": 0.1897464, "t_358": 0.090643052, "t_359": -0.036316312, "t_360": -0.085445881, "t_361": -0.21051854, "t_362": -0.26934904, "t_363": -0.32610957, "t_364": -0.40292391, "t_365": -0.45358568, "t_366": -0.50947496, "t_367": -0.55376457, "t_368": -0.60013318, "t_369": -0.64523396,