{"sample_dict": {"t_000": -0.22603219, "t_001": -0.23147592, "t_002": -0.23486402, "t_003": -0.23890981, "t_004": -0.24358482, "t_005": -0.24611878, "t_006": -0.24618142, "t_007": -0.24768755, "t_008": -0.24803775, "t_009": -0.24625259, "t_010": -0.2445073, "t_011": -0.24090851, "t_012": -0.23441418, "t_013": -0.2266671, "t_014": -0.21959195, "t_015": -0.21219223, "t_016": -0.20170051, "t_017": -0.18993896, "t_018": -0.18045513, "t_019": -0.17362483, "t_020": -0.16794478, "t_021": -0.16639594, "t_022": -0.17002605, "t_023": -0.17214147, "t_024": -0.17039333, "t_025": -0.16605998, "t_026": -0.16074436, "t_027": -0.15455182, "t_028": -0.14835644, "t_029": -0.13883275, "t_030": -0.12549958, "t_031": -0.10992286, "t_032": -0.092042808, "t_033": -0.07729461, "t_034": -0.063534369, "t_035": -0.04717184, "t_036": -0.033400212, "t_037": -0.027281702, "t_038": -0.026686649, "t_039": -0.029212065, "t_040": -0.03960983, "t_041": -0.054642743, "t_042": -0.069188794, "t_043": -0.087162806, "t_044": -0.10576319, "t_045": -0.12223676, "t_046": -0.14041576, "t_047": -0.15772924, "t_048": -0.17121615, "t_049": -0.18393718, "t_050": -0.19364879, "t_051": -0.20196244, "t_052": -0.21061491, "t_053": -0.21587358, "t_054": -0.21735125, "t_055": -0.21686724, "t_056": -0.21308338, "t_057": -0.20819199, "t_058": -0.20266284, "t_059": -0.19516631, "t_060": -0.18973397, "t_061": -0.18694946, "t_062": -0.1875132, "t_063": -0.19385378, "t_064": -0.20580893, "t_065": -0.22096427, "t_066": -0.23749763, "t_067": -0.25254478, "t_068": -0.26363155, "t_069": -0.27142418, "t_070": -0.27585149, "t_071": -0.27750853, "t_072": -0.27868155, "t_073": -0.27608496, "t_074": -0.26963048, "t_075": -0.26141648, "t_076": -0.25397974, "t_077": -0.25112975, "t_078": -0.24680494, "t_079": -0.24178543, "t_080": -0.2397668, "t_081": -0.23863649, "t_082": -0.23736097, "t_083": -0.23706202, "t_084": -0.23785922, "t_085": -0.23681432, "t_086": -0.23777665, "t_087": -0.24255416, "t_088": -0.24962076, "t_089": -0.26079295, "t_090": -0.27158362, "t_091": -0.28157994, "t_092": -0.29065948, "t_093": -0.29620287, "t_094": -0.29983582, "t_095": -0.30215909, "t_096": -0.30318975, "t_097": -0.30180319, "t_098": -0.30177472, "t_099": -0.30258331, "t_100": -0.30075545, "t_101": -0.29756095, "t_102": -0.29221117, "t_103": -0.28657383, "t_104": -0.28236575, "t_105": -0.27627287, "t_106": -0.26919772, "t_107": -0.262934, "t_108": -0.25500186, "t_109": -0.24683911, "t_110": -0.23931411, "t_111": -0.22963382, "t_112": -0.21937557, "t_113": -0.21018214, "t_114": -0.20109976, "t_115": -0.19145649, "t_116": -0.1817278, "t_117": -0.17309242, "t_118": -0.16525708, "t_119": -0.15884247, "t_120": -0.15431836, "t_121": -0.14935864, "t_122": -0.14732578, "t_123": -0.14719196, "t_124": -0.14778417, "t_125": -0.15177301, "t_126": -0.15704877, "t_127": -0.16228182, "t_128": -0.16817825, "t_129": -0.17459571, "t_130": -0.18097331, "t_131": -0.1869637, "t_132": -0.19199175, "t_133": -0.19644183, "t_134": -0.19774867, "t_135": -0.19879927, "t_136": -0.20338886, "t_137": -0.20679405, "t_138": -0.20920842, "t_139": -0.21138079, "t_140": -0.21158294, "t_141": -0.21160856, "t_142": -0.21208119, "t_143": -0.21047255, "t_144": -0.20703036, "t_145": -0.20533061, "t_146": -0.20523951, "t_147": -0.20443376, "t_148": -0.20184571, "t_149": -0.19791381, "t_150": -0.19360893, "t_151": -0.18919301, "t_152": -0.18225452, "t_153": -0.17403482, "t_154": -0.16668919, "t_155": -0.16014077, "t_156": -0.15350977, "t_157": -0.14822832, "t_158": -0.14568867, "t_159": -0.14619546, "t_160": -0.15113525, "t_161": -0.15810791, "t_162": -0.16706502, "t_163": -0.17955258, "t_164": -0.19209709, "t_165": -0.2045021, "t_166": -0.21751069, "t_167": -0.23012353, "t_168": -0.23944223, "t_169": -0.24448167, "t_170": -0.24888905, "t_171": -0.2509817, "t_172": -0.25121516, "t_173": -0.25265012, "t_174": -0.25767533, "t_175": -0.26078726, "t_176": -0.26144495, "t_177": -0.26394474, "t_178": -0.26543949, "t_179": -0.26775706, "t_180": -0.26945396, "t_181": -0.26853149, "t_182": -0.26814427, "t_183": -0.26677765, "t_184": -0.26356607, "t_185": -0.26124565, "t_186": -0.25689521, "t_187": -0.24689035, "t_188": -0.23783359, "t_189": -0.23671751, "t_190": -0.23266034, "t_191": -0.22413884, "t_192": -0.21170537, "t_193": -0.19085005, "t_194": -0.16551332, "t_195": -0.13782486, "t_196": -0.10584576, "t_197": -0.071984689, "t_198": -0.037389058, "t_199": -0.0022638597, "t_200": 0.03239156, "t_201": 0.064074564, "t_202": 0.081382344, "t_203": 0.092674111, "t_204": 0.093266317, "t_205": 0.080605074, "t_206": 0.069959608, "t_207": 0.05159269, "t_208": 0.02199949, "t_209": -0.0017542212, "t_210": -0.02242163, "t_211": -0.042385794, "t_212": -0.057586688, "t_213": -0.068118269, "t_214": -0.077989312, "t_215": -0.10496599, "t_216": -0.12127442, "t_217": -0.13326374, "t_218": -0.15597824, "t_219": -0.16661232, "t_220": -0.17793541, "t_221": -0.19052263, "t_222": -0.19239604, "t_223": -0.18356706, "t_224": -0.17463272, "t_225": -0.16391038, "t_226": -0.14969175, "t_227": -0.13930822, "t_228": -0.12845776, "t_229": -0.11679587, "t_230": -0.10774765, "t_231": -0.09512057, "t_232": -0.079623572, "t_233": -0.064818431, "t_234": -0.063161394, "t_235": -0.085500075, "t_236": -0.092979518, "t_237": -0.095225914, "t_238": -0.10138144, "t_239": -0.113627, "t_240": -0.11784361, "t_241": -0.12389664, "t_242": -0.14074603, "t_243": -0.17780444, "t_244": -0.19400183, "t_245": -0.20913724, "t_246": -0.21428772, "t_247": -0.21699536, "t_248": -0.21414821, "t_249": -0.20181724, "t_250": -0.18514437, "t_251": -0.16308756, "t_252": -0.14183364, "t_253": -0.1183077, "t_254": -0.08740766, "t_255": -0.05201483, "t_256": -0.018956657, "t_257": 0.016105905, "t_258": 0.05484128, "t_259": 0.096369703, "t_260": 0.14555979, "t_261": 0.20719758, "t_262": 0.26221861, "t_263": 0.32414965, "t_264": 0.38706297, "t_265": 0.43865034, "t_266": 0.49607721, "t_267": 0.53889539, "t_268": 0.57386115, "t_269": 0.61793776, "t_270": 0.67267693, "t_271": 0.73688569, "t_272": 0.80649832, "t_273": 0.86772328, "t_274": 0.92218912, "t_275": 1.0065044, "t_276": 1.0659698, "t_277": 1.1036176, "t_278": 1.1540946, "t_279": 1.2443376, "t_280": 1.2976617, "t_281": 1.3361124, "t_282": 1.3514044, "t_283": 1.3390222, "t_284": 1.3233658, "t_285": 1.2753174, "t_286": 1.231161, "t_287": 1.1826884, "t_288": 1.0677806, "t_289": 1.0719915, "t_290": 1.0537841, "t_291": 1.0231061, "t_292": 1.0140579, "t_293": 0.99132059, "t_294": 0.97738383, "t_295": 0.98422551, "t_296": 0.9769596, "t_297": 0.97234154, "t_298": 0.98869268, "t_299": 1.0055506, "t_300": 1.0213978, "t_301": 1.0445194, "t_302": 1.0676326, "t_303": 1.1013456, "t_304": 1.140955, "t_305": 1.1872382, "t_306": 1.2362119, "t_307": 1.2888869, "t_308": 1.3461059, "t_309": 1.4146935, "t_310": 1.4911593, "t_311": 1.5869058, "t_312": 1.6832474, "t_313": 1.7909036, "t_314": 1.9022582, "t_315": 2.0290471, "t_316": 2.1493218, "t_317": 2.263367, "t_318": 2.4128761, "t_319": 2.5608962, "t_320": 2.6726039, "t_321": 2.8013716, "t_322": 2.9170453, "t_323": 3.021897, "t_324": 3.1322608, "t_325": 3.1969479, "t_326": 3.2253083, "t_327": 3.2202375, "t_328": 3.2940184, "t_329": 3.3626687, "t_330": 3.3335396, "t_331": 3.2900096, "t_332": 3.1783418, "t_333": 3.0543772, "t_334": 3.0313752, "t_335": 2.9487084, "t_336": 2.6258823, "t_337": 2.5913749, "t_338": 2.5922547, "t_339": 2.4793398, "t_340": 2.3344317, "t_341": 2.1699067, "t_342": 2.0055981, "t_343": 1.8997641, "t_344": 1.7415768, "t_345": 1.5792527, "t_346": 1.4564697, "t_347": 1.3581521, "t_348": 1.1902049, "t_349": 1.09357, "t_350": 0.97050228, "t_351": 0.85485704, "t_352": 0.72627723, "t_353": 0.55623733, "t_354": 0.49305354, "t_355": 0.38370049, "t_356": 0.27313455, "t_357": 0.18623122, "t_358": 0.086695112, "t_359": -0.040224812, "t_360": -0.092777371, "t_361": -0.21624086, "t_362": -0.27136439, "t_363": -0.33011233, "t_364": -0.40935116, "t_365": -0.46084174, "t_366": -0.51531896, "t_367": -0.56014153, "t_368": -0.60902982, "t_369": -0.65285019,