{"t_000": -0.22361364, "t_001": -0.23030886, "t_002": -0.2337464, "t_003": -0.23594769, "t_004": -0.23867146, "t_005": -0.24170644, "t_006": -0.24405619, "t_007": -0.24477853, "t_008": -0.24447874, "t_009": -0.24262863, "t_010": -0.23921678, "t_011": -0.23626175, "t_012": -0.23125961, "t_013": -0.2236222, "t_014": -0.21554797, "t_015": -0.20506688, "t_016": -0.19344375, "t_017": -0.18349942, "t_018": -0.17475138, "t_019": -0.1662289, "t_020": -0.16196337, "t_021": -0.16294553, "t_022": -0.16434167, "t_023": -0.16429599, "t_024": -0.16291698, "t_025": -0.1610012, "t_026": -0.1575351, "t_027": -0.15147372, "t_028": -0.14259434, "t_029": -0.131271, "t_030": -0.11769783, "t_031": -0.10320532, "t_032": -0.088156069, "t_033": -0.071470839, "t_034": -0.053563625, "t_035": -0.037626432, "t_036": -0.024592881, "t_037": -0.016821287, "t_038": -0.017446555, "t_039": -0.022442987, "t_040": -0.033669258, "t_041": -0.050591461, "t_042": -0.067373764, "t_043": -0.086360208, "t_044": -0.10918677, "t_045": -0.12931525, "t_046": -0.14631454, "t_047": -0.16304831, "t_048": -0.17858293, "t_049": -0.19048586, "t_050": -0.20095839, "t_051": -0.20929244, "t_052": -0.21499693, "t_053": -0.22057866, "t_054": -0.22424176, "t_055": -0.22148659, "t_056": -0.21655297, "t_057": -0.21165932, "t_058": -0.20257723, "t_059": -0.19450871, "t_060": -0.18898122, "t_061": -0.18409328, "t_062": -0.18416181, "t_063": -0.19112826, "t_064": -0.2029227, "t_065": -0.21836881, "t_066": -0.23561079, "t_067": -0.25093128, "t_068": -0.26217182, "t_069": -0.27149945, "t_070": -0.27909974, "t_071": -0.27948232, "t_072": -0.27736098, "t_073": -0.27382921, "t_074": -0.26662579, "t_075": -0.26005619, "t_076": -0.25413185, "t_077": -0.24824462, "t_078": -0.24226889, "t_079": -0.23825461, "t_080": -0.23699551, "t_081": -0.2356736, "t_082": -0.23285847, "t_083": -0.23106546, "t_084": -0.23220179, "t_085": -0.23344947, "t_086": -0.23434883, "t_087": -0.23843163, "t_088": -0.24497553, "t_089": -0.2565958, "t_090": -0.26909831, "t_091": -0.27884849, "t_092": -0.285932, "t_093": -0.29153086, "t_094": -0.29643879, "t_095": -0.29842879, "t_096": -0.29914542, "t_097": -0.29998768, "t_098": -0.29976784, "t_099": -0.29772358, "t_100": -0.29499981, "t_101": -0.29264721, "t_102": -0.29018896, "t_103": -0.28499267, "t_104": -0.27831458, "t_105": -0.27180209, "t_106": -0.26564077, "t_107": -0.2588856, "t_108": -0.25085419, "t_109": -0.24344805, "t_110": -0.23630458, "t_111": -0.2274766, "t_112": -0.21795197, "t_113": -0.20803904, "t_114": -0.19784632, "t_115": -0.18910685, "t_116": -0.181084, "t_117": -0.17372355, "t_118": -0.16583204, "t_119": -0.15858578, "t_120": -0.15338664, "t_121": -0.14886986, "t_122": -0.1471825, "t_123": -0.14791911, "t_124": -0.15022318, "t_125": -0.15382918, "t_126": -0.15776066, "t_127": -0.16298264, "t_128": -0.16901548, "t_129": -0.17533382, "t_130": -0.18170356, "t_131": -0.18753369, "t_132": -0.19333526, "t_133": -0.1966586, "t_134": -0.19754368, "t_135": -0.1984202, "t_136": -0.19976495, "t_137": -0.20298551, "t_138": -0.206306, "t_139": -0.20820464, "t_140": -0.21050585, "t_141": -0.21141092, "t_142": -0.21043448, "t_143": -0.21005189, "t_144": -0.20864147, "t_145": -0.20676567, "t_146": -0.20491271, "t_147": -0.20381349, "t_148": -0.2021147, "t_149": -0.19742948, "t_150": -0.19239593, "t_151": -0.18642876, "t_152": -0.17955367, "t_153": -0.17281848, "t_154": -0.1656436, "t_155": -0.15755223, "t_156": -0.15047158, "t_157": -0.14578349, "t_158": -0.14347086, "t_159": -0.14329955, "t_160": -0.14644302, "t_161": -0.15405188, "t_162": -0.16353939, "t_163": -0.17577637, "t_164": -0.19046017, "t_165": -0.20341663, "t_166": -0.21650443, "t_167": -0.22916967, "t_168": -0.23799765, "t_169": -0.2441761, "t_170": -0.24807046, "t_171": -0.25020323, "t_172": -0.25097696, "t_173": -0.25391201, "t_174": -0.25957082, "t_175": -0.26019895, "t_176": -0.26180351, "t_177": -0.26514399, "t_178": -0.26707118, "t_179": -0.26893271, "t_180": -0.26813899, "t_181": -0.26838739, "t_182": -0.26927247, "t_183": -0.26711115, "t_184": -0.26325391, "t_185": -0.26021322, "t_186": -0.25614755, "t_187": -0.24634883, "t_188": -0.23660151, "t_189": -0.23517396, "t_190": -0.23221607, "t_191": -0.22340236, "t_192": -0.20878137, "t_193": -0.18629457, "t_194": -0.1598249, "t_195": -0.13336665, "t_196": -0.10159219, "t_197": -0.067596462, "t_198": -0.034908373, "t_199": 0.001922473, "t_200": 0.037000285, "t_201": 0.066627703, "t_202": 0.084563468, "t_203": 0.096520645, "t_204": 0.096143771, "t_205": 0.081922497, "t_206": 0.0705135, "t_207": 0.051487084, "t_208": 0.022162308, "t_209": 0.00093746204, "t_210": -0.020672823, "t_211": -0.041549346, "t_212": -0.05521102, "t_213": -0.066106098, "t_214": -0.07519104, "t_215": -0.10378776, "t_216": -0.12026172, "t_217": -0.13001475, "t_218": -0.15259006, "t_219": -0.16436451, "t_220": -0.1778092, "t_221": -0.19084561, "t_222": -0.19105117, "t_223": -0.18246588, "t_224": -0.17558507, "t_225": -0.16495552, "t_226": -0.15079135, "t_227": -0.14022461, "t_228": -0.1289498, "t_229": -0.1170383, "t_230": -0.10904972, "t_231": -0.095370917, "t_232": -0.080761349, "t_233": -0.068039004, "t_234": -0.06411609, "t_235": -0.087108245, "t_236": -0.095068276, "t_237": -0.096450147, "t_238": -0.10173494, "t_239": -0.11438591, "t_240": -0.12051011, "t_241": -0.12644873, "t_242": -0.14235737, "t_243": -0.17920249, "t_244": -0.19424889, "t_245": -0.20918394, "t_246": -0.21295839, "t_247": -0.21460578, "t_248": -0.21264147, "t_249": -0.20021035, "t_250": -0.18357937, "t_251": -0.16438164, "t_252": -0.1441932, "t_253": -0.11825172, "t_254": -0.08750225, "t_255": -0.054979756, "t_256": -0.022280246, "t_257": 0.014079507, "t_258": 0.05354847, "t_259": 0.098639132, "t_260": 0.15049925, "t_261": 0.20012382, "t_262": 0.25709171, "t_263": 0.31962135, "t_264": 0.38135442, "t_265": 0.43076485, "t_266": 0.48355288, "t_267": 0.52480914, "t_268": 0.56402114, "t_269": 0.61492765, "t_270": 0.67162146, "t_271": 0.7357471, "t_272": 0.80349873, "t_273": 0.8650662, "t_274": 0.91773431, "t_275": 0.9988935, "t_276": 1.063062, "t_277": 1.1187965, "t_278": 1.1739228, "t_279": 1.2422398, "t_280": 1.2896459, "t_281": 1.3343882, "t_282": 1.3564582, "t_283": 1.3441413, "t_284": 1.3194475, "t_285": 1.2719985, "t_286": 1.2363525, "t_287": 1.2004039, "t_288": 1.0848864, "t_289": 1.0815773, "t_290": 1.0611662, "t_291": 1.0275844, "t_292": 1.0154988, "t_293": 0.9914274, "t_294": 0.98029535, "t_295": 0.99293204, "t_296": 0.98671648, "t_297": 0.97923611, "t_298": 0.99305481, "t_299": 1.0078671, "t_300": 1.0239842, "t_301": 1.0499399, "t_302": 1.0778229, "t_303": 1.1107279, "t_304": 1.1472447, "t_305": 1.1910991, "t_306": 1.2347936, "t_307": 1.2893004, "t_308": 1.352107, "t_309": 1.4199843, "t_310": 1.491556, "t_311": 1.5818087, "t_312": 1.6784112, "t_313": 1.7851064, "t_314": 1.8993506, "t_315": 2.0275762, "t_316": 2.1390965, "t_317": 2.2563414, "t_318": 2.4241016, "t_319": 2.5623258, "t_320": 2.6678819, "t_321": 2.8002531, "t_322": 2.9196221, "t_323": 3.0213209, "t_324": 3.134423, "t_325": 3.2207043, "t_326": 3.2370755, "t_327": 3.1714366, "t_328": 3.2394138, "t_329": 3.3384802, "t_330": 3.3201761, "t_331": 3.2780177, "t_332": 3.1813438, "t_333": 3.0577635, "t_334": 3.0145629, "t_335": 2.9583002, "t_336": 2.6821545, "t_337": 2.6089411, "t_338": 2.580667, "t_339": 2.4639503, "t_340": 2.3342943, "t_341": 2.1695577, "t_342": 1.9894948, "t_343": 1.8823484, "t_344": 1.7359672, "t_345": 1.5743598, "t_346": 1.4468422, "t_347": 1.3574832, "t_348": 1.1885524, "t_349": 1.0858428, "t_350": 0.9640184, "t_351": 0.8505794, "t_352": 0.72148871, "t_353": 0.55447082, "t_354": 0.49353147, "t_355": 0.38218525, "t_356": 0.26961706, "t_357": 0.18297891, "t_358": 0.084158043, "t_359": -0.039999024, "t_360": -0.091316669, "t_361": -0.21774925, "t_362": -0.27402907, "t_363": -0.33256442, "t_364": -0.40968935, "t_365": -0.45878858, "t_366": -0.51473435, "t_367": -0.55979932, "t_368": -0.60842175, "t_369": -0.6539264, "t_370": -0.70441606,