{"sample_dict": {"t_000": -0.22765839, "t_001": -0.23298403, "t_002": -0.23791223, "t_003": -0.24200582, "t_004": -0.24441489, "t_005": -0.24607189, "t_006": -0.24755157, "t_007": -0.24976192, "t_008": -0.25046202, "t_009": -0.2478634, "t_010": -0.24451272, "t_011": -0.24090522, "t_012": -0.236029, "t_013": -0.22811697, "t_014": -0.22000623, "t_015": -0.21085604, "t_016": -0.19972479, "t_017": -0.18820222, "t_018": -0.17763043, "t_019": -0.16847413, "t_020": -0.16243617, "t_021": -0.1619837, "t_022": -0.16335944, "t_023": -0.16370184, "t_024": -0.1625768, "t_025": -0.1595624, "t_026": -0.15375067, "t_027": -0.14545038, "t_028": -0.1365998, "t_029": -0.12622979, "t_030": -0.11237152, "t_031": -0.097330111, "t_032": -0.080322928, "t_033": -0.06225184, "t_034": -0.04622296, "t_035": -0.03112041, "t_036": -0.017680974, "t_037": -0.0074974534, "t_038": -0.0031195482, "t_039": -0.0071000178, "t_040": -0.018442216, "t_041": -0.032104827, "t_042": -0.048531143, "t_043": -0.067641678, "t_044": -0.087455367, "t_045": -0.10623572, "t_046": -0.12363117, "t_047": -0.13867258, "t_048": -0.15280294, "t_049": -0.16739494, "t_050": -0.17919877, "t_051": -0.18792095, "t_052": -0.19434718, "t_053": -0.19883209, "t_054": -0.20125644, "t_055": -0.20092015, "t_056": -0.1984316, "t_057": -0.19642302, "t_058": -0.19132361, "t_059": -0.18676839, "t_060": -0.18607135, "t_061": -0.18550271, "t_062": -0.18715054, "t_063": -0.19272075, "t_064": -0.20342705, "t_065": -0.21837369, "t_066": -0.23184064, "t_067": -0.24390433, "t_068": -0.2541276, "t_069": -0.25902523, "t_070": -0.2598629, "t_071": -0.2590772, "t_072": -0.25695856, "t_073": -0.25221379, "t_074": -0.24558273, "t_075": -0.23705316, "t_076": -0.22902496, "t_077": -0.22278216, "t_078": -0.21707438, "t_079": -0.21241215, "t_080": -0.20768573, "t_081": -0.20450319, "t_082": -0.2034026, "t_083": -0.20332617, "t_084": -0.20252212, "t_085": -0.20275141, "t_086": -0.20574441, "t_087": -0.21012537, "t_088": -0.21730061, "t_089": -0.22819952, "t_090": -0.24126903, "t_091": -0.25315847, "t_092": -0.26313104, "t_093": -0.27107364, "t_094": -0.27766495, "t_095": -0.28157205, "t_096": -0.28348891, "t_097": -0.28472096, "t_098": -0.28505725, "t_099": -0.285311, "t_100": -0.28510311, "t_101": -0.28385578, "t_102": -0.28127245, "t_103": -0.27683645, "t_104": -0.27169731, "t_105": -0.26697394, "t_106": -0.26111024, "t_107": -0.25466261, "t_108": -0.24797346, "t_109": -0.24108866, "t_110": -0.232822, "t_111": -0.22306343, "t_112": -0.21430456, "t_113": -0.20587893, "t_114": -0.19754501, "t_115": -0.18816553, "t_116": -0.17964818, "t_117": -0.17290095, "t_118": -0.16544445, "t_119": -0.1580338, "t_120": -0.1523627, "t_121": -0.14870935, "t_122": -0.14633697, "t_123": -0.14696369, "t_124": -0.15041221, "t_125": -0.15465866, "t_126": -0.15904879, "t_127": -0.16503478, "t_128": -0.17095963, "t_129": -0.17776189, "t_130": -0.1849463, "t_131": -0.18942509, "t_132": -0.19494639, "t_133": -0.20026591, "t_134": -0.20211246, "t_135": -0.20348514, "t_136": -0.20619382, "t_137": -0.20990831, "t_138": -0.21312448, "t_139": -0.21591264, "t_140": -0.21681757, "t_141": -0.21621225, "t_142": -0.21516057, "t_143": -0.2140019, "t_144": -0.21417004, "t_145": -0.21342714, "t_146": -0.21190466, "t_147": -0.210373, "t_148": -0.20829717, "t_149": -0.20570161, "t_150": -0.20132065, "t_151": -0.19481187, "t_152": -0.18669196, "t_153": -0.17805232, "t_154": -0.1703543, "t_155": -0.16186753, "t_156": -0.15478095, "t_157": -0.14957454, "t_158": -0.14688115, "t_159": -0.14818657, "t_160": -0.15355807, "t_161": -0.1626838, "t_162": -0.17364996, "t_163": -0.1881533, "t_164": -0.20332005, "t_165": -0.21688789, "t_166": -0.23071865, "t_167": -0.24199359, "t_168": -0.2503917, "t_169": -0.25773203, "t_170": -0.26161467, "t_171": -0.26212217, "t_172": -0.26230254, "t_173": -0.26447009, "t_174": -0.27018399, "t_175": -0.27292018, "t_176": -0.27419504, "t_177": -0.27753655, "t_178": -0.2800618, "t_179": -0.28216515, "t_180": -0.28158734, "t_181": -0.28132136, "t_182": -0.28189, "t_183": -0.27978971, "t_184": -0.27346742, "t_185": -0.26835579, "t_186": -0.26778715, "t_187": -0.25845965, "t_188": -0.24746903, "t_189": -0.2450355, "t_190": -0.24013787, "t_191": -0.23287397, "t_192": -0.21989617, "t_193": -0.19566789, "t_194": -0.16907028, "t_195": -0.14286705, "t_196": -0.11261609, "t_197": -0.07798723, "t_198": -0.041493477, "t_199": -0.0058649105, "t_200": 0.028207543, "t_201": 0.060619939, "t_202": 0.078657398, "t_203": 0.087012715, "t_204": 0.085814294, "t_205": 0.068146756, "t_206": 0.054111168, "t_207": 0.032710793, "t_208": -0.0014380902, "t_209": -0.024960159, "t_210": -0.04483805, "t_211": -0.065339609, "t_212": -0.080090581, "t_213": -0.090173215, "t_214": -0.097351512, "t_215": -0.12280573, "t_216": -0.13781045, "t_217": -0.1454779, "t_218": -0.16391279, "t_219": -0.17298961, "t_220": -0.18616307, "t_221": -0.20075506, "t_222": -0.20290122, "t_223": -0.1919748, "t_224": -0.18247303, "t_225": -0.17515716, "t_226": -0.16032364, "t_227": -0.14654792, "t_228": -0.13400118, "t_229": -0.12274458, "t_230": -0.11485396, "t_231": -0.10139313, "t_232": -0.08410468, "t_233": -0.068803412, "t_234": -0.065107262, "t_235": -0.086941758, "t_236": -0.097039678, "t_237": -0.097938494, "t_238": -0.10064106, "t_239": -0.11201383, "t_240": -0.11738838, "t_241": -0.12380237, "t_242": -0.14163806, "t_243": -0.18776809, "t_244": -0.2077591, "t_245": -0.22633157, "t_246": -0.23304212, "t_247": -0.23491312, "t_248": -0.23289537, "t_249": -0.22115268, "t_250": -0.20584835, "t_251": -0.18796681, "t_252": -0.17001801, "t_253": -0.14343875, "t_254": -0.1116439, "t_255": -0.082649455, "t_256": -0.052539127, "t_257": -0.01759843, "t_258": 0.021536741, "t_259": 0.065863031, "t_260": 0.11212758, "t_261": 0.16636225, "t_262": 0.22184425, "t_263": 0.28337032, "t_264": 0.34711898, "t_265": 0.3994429, "t_266": 0.45185547, "t_267": 0.49355563, "t_268": 0.53204879, "t_269": 0.57762547, "t_270": 0.63856763, "t_271": 0.70009065, "t_272": 0.75919848, "t_273": 0.82200858, "t_274": 0.8801106, "t_275": 0.95924918, "t_276": 1.0238814, "t_277": 1.0683758, "t_278": 1.1041022, "t_279": 1.1929107, "t_280": 1.2464544, "t_281": 1.2880629, "t_282": 1.3065497, "t_283": 1.2968829, "t_284": 1.2873934, "t_285": 1.240924, "t_286": 1.2040664, "t_287": 1.1660502, "t_288": 1.0435422, "t_289": 1.0463701, "t_290": 1.0264188, "t_291": 0.99860753, "t_292": 0.99030113, "t_293": 0.9611691, "t_294": 0.94730166, "t_295": 0.96037423, "t_296": 0.95673922, "t_297": 0.94602987, "t_298": 0.96409178, "t_299": 0.98373121, "t_300": 1.0012642, "t_301": 1.0284152, "t_302": 1.0548171, "t_303": 1.0875597, "t_304": 1.1248636, "t_305": 1.1721951, "t_306": 1.223287, "t_307": 1.274599, "t_308": 1.3314445, "t_309": 1.4000602, "t_310": 1.4754996, "t_311": 1.5679462, "t_312": 1.6664704, "t_313": 1.7815677, "t_314": 1.8939656, "t_315": 2.0227469, "t_316": 2.151834, "t_317": 2.2675091, "t_318": 2.4068622, "t_319": 2.5589211, "t_320": 2.6643301, "t_321": 2.7951292, "t_322": 2.9374509, "t_323": 3.0561343, "t_324": 3.1651509, "t_325": 3.2424215, "t_326": 3.2735682, "t_327": 3.2291747, "t_328": 3.2832443, "t_329": 3.3616889, "t_330": 3.3365037, "t_331": 3.299799, "t_332": 3.2294957, "t_333": 3.0914969, "t_334": 3.0264459, "t_335": 2.9825659, "t_336": 2.7029731, "t_337": 2.6288942, "t_338": 2.6231222, "t_339": 2.5017576, "t_340": 2.3536364, "t_341": 2.1916509, "t_342": 2.031411, "t_343": 1.9268549, "t_344": 1.7699535, "t_345": 1.6028838, "t_346": 1.4744571, "t_347": 1.383637, "t_348": 1.2203796, "t_349": 1.1230843, "t_350": 1.0030221, "t_351": 0.88634422, "t_352": 0.75620549, "t_353": 0.58119628, "t_354": 0.51688204, "t_355": 0.40448727, "t_356": 0.29128846, "t_357": 0.20642069, "t_358": 0.10884415, "t_359": -0.021685902, "t_360": -0.074578456, "t_361": -0.20500762, "t_362": -0.2598201, "t_363": -0.31448888, "t_364": -0.39439177, "t_365": -0.44590858, "t_366": -0.50117964, "t_367": -0.54524301, "t_368": -0.59256535, "t_369": -0.63642695, "t_370": -0.68852463,