{"sample_dict": {"t_000": -0.15623407, "t_001": -0.15943637, "t_002": -0.16351478, "t_003": -0.16534855, "t_004": -0.16397699, "t_005": -0.16134265, "t_006": -0.15966899, "t_007": -0.15758146, "t_008": -0.15367223, "t_009": -0.15092611, "t_010": -0.1455396, "t_011": -0.13792054, "t_012": -0.13066401, "t_013": -0.12131088, "t_014": -0.11088225, "t_015": -0.10108503, "t_016": -0.090719847, "t_017": -0.083212567, "t_018": -0.077998256, "t_019": -0.074617715, "t_020": -0.077626668, "t_021": -0.085218537, "t_022": -0.093904021, "t_023": -0.10212426, "t_024": -0.1086195, "t_025": -0.11296073, "t_026": -0.1129275, "t_027": -0.11005751, "t_028": -0.10682802, "t_029": -0.10034789, "t_030": -0.08965342, "t_031": -0.079097914, "t_032": -0.067844548, "t_033": -0.053524828, "t_034": -0.039455854, "t_035": -0.025015293, "t_036": -0.011257486, "t_037": 0.00034329915, "t_038": 0.0076149374, "t_039": 0.0067932151, "t_040": -0.0018801848, "t_041": -0.015873632, "t_042": -0.035945408, "t_043": -0.057579061, "t_044": -0.077928772, "t_045": -0.099930991, "t_046": -0.1207399, "t_047": -0.13851871, "t_048": -0.153639, "t_049": -0.16591348, "t_050": -0.17491315, "t_051": -0.18165913, "t_052": -0.1853448, "t_053": -0.18645654, "t_054": -0.18746254, "t_055": -0.18801237, "t_056": -0.18610006, "t_057": -0.18133286, "t_058": -0.17517598, "t_059": -0.1705689, "t_060": -0.16704939, "t_061": -0.16383501, "t_062": -0.16530625, "t_063": -0.17328481, "t_064": -0.1865653, "t_065": -0.20342873, "t_066": -0.2237724, "t_067": -0.24204666, "t_068": -0.25561414, "t_069": -0.26593702, "t_070": -0.27345639, "t_071": -0.27782481, "t_072": -0.27864653, "t_073": -0.27642909, "t_074": -0.27132051, "t_075": -0.26473465, "t_076": -0.25854454, "t_077": -0.25213088, "t_078": -0.24715825, "t_079": -0.24435775, "t_080": -0.24252096, "t_081": -0.24196509, "t_082": -0.2410769, "t_083": -0.24120983, "t_084": -0.24246356, "t_085": -0.24214333, "t_086": -0.24204968, "t_087": -0.24400429, "t_088": -0.25072912, "t_089": -0.26000975, "t_090": -0.26849886, "t_091": -0.27660129, "t_092": -0.2830361, "t_093": -0.28786372, "t_094": -0.29032284, "t_095": -0.29064911, "t_096": -0.29076694, "t_097": -0.29141948, "t_098": -0.2913077, "t_099": -0.28981229, "t_100": -0.28746796, "t_101": -0.28556169, "t_102": -0.28292734, "t_103": -0.27886707, "t_104": -0.27565268, "t_105": -0.27274946, "t_106": -0.26872544, "t_107": -0.26431775, "t_108": -0.25939044, "t_109": -0.2539858, "t_110": -0.24843615, "t_111": -0.24275056, "t_112": -0.23606802, "t_113": -0.22796862, "t_114": -0.21909885, "t_115": -0.21112633, "t_116": -0.20462506, "t_117": -0.19831109, "t_118": -0.19202129, "t_119": -0.18632663, "t_120": -0.1816984, "t_121": -0.17872872, "t_122": -0.17603698, "t_123": -0.17482856, "t_124": -0.17674088, "t_125": -0.17904291, "t_126": -0.18190383, "t_127": -0.18560158, "t_128": -0.19091861, "t_129": -0.19640784, "t_130": -0.19977932, "t_131": -0.20303599, "t_132": -0.20660384, "t_133": -0.21054327, "t_134": -0.21270029, "t_135": -0.21295104, "t_136": -0.21484825, "t_137": -0.21653097, "t_138": -0.21985713, "t_139": -0.22404731, "t_140": -0.22376636, "t_141": -0.22327091, "t_142": -0.22445817, "t_143": -0.22212593, "t_144": -0.21976046, "t_145": -0.21892061, "t_146": -0.21766084, "t_147": -0.21728321, "t_148": -0.21459146, "t_149": -0.21049796, "t_150": -0.20657363, "t_151": -0.20049832, "t_152": -0.19320252, "t_153": -0.18677073, "t_154": -0.17765625, "t_155": -0.16733639, "t_156": -0.16082001, "t_157": -0.15634585, "t_158": -0.15282937, "t_159": -0.15356348, "t_160": -0.15921584, "t_161": -0.16568992, "t_162": -0.17470772, "t_163": -0.18699428, "t_164": -0.20004517, "t_165": -0.21286041, "t_166": -0.22458204, "t_167": -0.2350016, "t_168": -0.24281702, "t_169": -0.24901921, "t_170": -0.25227891, "t_171": -0.25292541, "t_172": -0.25408549, "t_173": -0.25568664, "t_174": -0.26071667, "t_175": -0.26241147, "t_176": -0.26249304, "t_177": -0.26534188, "t_178": -0.26759255, "t_179": -0.26988854, "t_180": -0.27088548, "t_181": -0.2707012, "t_182": -0.27043233, "t_183": -0.26910307, "t_184": -0.26536605, "t_185": -0.26064417, "t_186": -0.25766844, "t_187": -0.24994365, "t_188": -0.24172945, "t_189": -0.24237293, "t_190": -0.24036092, "t_191": -0.2338536, "t_192": -0.22504728, "t_193": -0.20778809, "t_194": -0.18506384, "t_195": -0.16146953, "t_196": -0.13404153, "t_197": -0.10306381, "t_198": -0.070805165, "t_199": -0.038005756, "t_200": -0.0068830235, "t_201": 0.021629532, "t_202": 0.037363098, "t_203": 0.046492674, "t_204": 0.045317491, "t_205": 0.027955586, "t_206": 0.016668988, "t_207": 0.00076624446, "t_208": -0.025583248, "t_209": -0.045126342, "t_210": -0.06069073, "t_211": -0.074176643, "t_212": -0.085007064, "t_213": -0.093752969, "t_214": -0.10044759, "t_215": -0.12235616, "t_216": -0.13486627, "t_217": -0.14270889, "t_218": -0.15887446, "t_219": -0.16575034, "t_220": -0.17812149, "t_221": -0.19245632, "t_222": -0.19373422, "t_223": -0.18534178, "t_224": -0.18095221, "t_225": -0.17412466, "t_226": -0.16185925, "t_227": -0.15399851, "t_228": -0.1449656, "t_229": -0.13496899, "t_230": -0.12742244, "t_231": -0.11676119, "t_232": -0.10470121, "t_233": -0.091870862, "t_234": -0.090414722, "t_235": -0.11482773, "t_236": -0.12082751, "t_237": -0.11977317, "t_238": -0.12560981, "t_239": -0.14122254, "t_240": -0.14530094, "t_241": -0.14674802, "t_242": -0.15524317, "t_243": -0.18497321, "t_244": -0.19749541, "t_245": -0.21155834, "t_246": -0.21663369, "t_247": -0.21687235, "t_248": -0.21416248, "t_249": -0.20325955, "t_250": -0.1905863, "t_251": -0.17460501, "t_252": -0.15816452, "t_253": -0.13529526, "t_254": -0.10658634, "t_255": -0.078801852, "t_256": -0.051440312, "t_257": -0.019828171, "t_258": 0.015088985, "t_259": 0.055135864, "t_260": 0.097092038, "t_261": 0.14093032, "t_262": 0.19393141, "t_263": 0.24921942, "t_264": 0.30711157, "t_265": 0.35623969, "t_266": 0.40179996, "t_267": 0.44168975, "t_268": 0.47702079, "t_269": 0.51435175, "t_270": 0.56510217, "t_271": 0.61834494, "t_272": 0.67548485, "t_273": 0.73689651, "t_274": 0.7882602, "t_275": 0.85163553, "t_276": 0.90760932, "t_277": 0.95554715, "t_278": 1.0046148, "t_279": 1.0811166, "t_280": 1.1250334, "t_281": 1.1611741, "t_282": 1.1775995, "t_283": 1.1652011, "t_284": 1.1600956, "t_285": 1.1293233, "t_286": 1.0951765, "t_287": 1.0553139, "t_288": 0.9687944, "t_289": 0.98163381, "t_290": 0.97028982, "t_291": 0.95024221, "t_292": 0.9464357, "t_293": 0.93289239, "t_294": 0.92932152, "t_295": 0.94510342, "t_296": 0.95170439, "t_297": 0.95007001, "t_298": 0.9708185, "t_299": 0.99667254, "t_300": 1.0195992, "t_301": 1.0503836, "t_302": 1.0804912, "t_303": 1.1177316, "t_304": 1.1583102, "t_305": 1.2080546, "t_306": 1.2585029, "t_307": 1.3147697, "t_308": 1.3786918, "t_309": 1.452952, "t_310": 1.5325563, "t_311": 1.6249004, "t_312": 1.7237699, "t_313": 1.8390074, "t_314": 1.9545047, "t_315": 2.0804216, "t_316": 2.197656, "t_317": 2.3182014, "t_318": 2.471942, "t_319": 2.608357, "t_320": 2.7113804, "t_321": 2.8411189, "t_322": 2.9780021, "t_323": 3.072899, "t_324": 3.1629682, "t_325": 3.2661155, "t_326": 3.2932474, "t_327": 3.2435121, "t_328": 3.298211, "t_329": 3.3462697, "t_330": 3.32392, "t_331": 3.3152889, "t_332": 3.2444788, "t_333": 3.0989796, "t_334": 3.0375015, "t_335": 2.9747817, "t_336": 2.6879674, "t_337": 2.6119007, "t_338": 2.6091394, "t_339": 2.4951496, "t_340": 2.3624113, "t_341": 2.2023567, "t_342": 2.0424229, "t_343": 1.9524051, "t_344": 1.8046733, "t_345": 1.64696, "t_346": 1.5225446, "t_347": 1.4265511, "t_348": 1.2580558, "t_349": 1.1575489, "t_350": 1.0356681, "t_351": 0.91982036, "t_352": 0.7949095, "t_353": 0.62809987, "t_354": 0.55988181, "t_355": 0.44699469, "t_356": 0.33447613, "t_357": 0.24901097, "t_358": 0.14742253, "t_359": 0.017653846, "t_360": -0.030700886, "t_361": -0.15858746, "t_362": -0.21937679, "t_363": -0.27965254, "t_364": -0.36142297, "t_365": -0.41550861, "t_366": -0.47447323, "t_367": -0.52292464, "t_368": -0.57525505,