{"t_000": -0.15332693, "t_001": -0.15868333, "t_002": -0.1630311, "t_003": -0.16637963, "t_004": -0.16866001, "t_005": -0.16914553, "t_006": -0.16963106, "t_007": -0.17073053, "t_008": -0.16759813, "t_009": -0.16394576, "t_010": -0.16124876, "t_011": -0.1555384, "t_012": -0.14728141, "t_013": -0.13934704, "t_014": -0.13021611, "t_015": -0.12234126, "t_016": -0.11422522, "t_017": -0.10240982, "t_018": -0.09436896, "t_019": -0.08931014, "t_020": -0.088530173, "t_021": -0.094509918, "t_022": -0.10000727, "t_023": -0.10572703, "t_024": -0.11040996, "t_025": -0.11425028, "t_026": -0.11532783, "t_027": -0.11347971, "t_028": -0.10978348, "t_029": -0.10077158, "t_030": -0.091947618, "t_031": -0.082941977, "t_032": -0.069738925, "t_033": -0.054039353, "t_034": -0.040924008, "t_035": -0.026991107, "t_036": -0.013409035, "t_037": -0.0022326437, "t_038": 0.0044174345, "t_039": 0.0034714507, "t_040": -0.0018912125, "t_041": -0.014048044, "t_042": -0.031576936, "t_043": -0.050787925, "t_044": -0.067145301, "t_045": -0.082525368, "t_046": -0.099540547, "t_047": -0.11409993, "t_048": -0.12798897, "t_049": -0.14150527, "t_050": -0.15182025, "t_051": -0.15772482, "t_052": -0.16139285, "t_053": -0.16683696, "t_054": -0.17024187, "t_055": -0.16849086, "t_056": -0.16364191, "t_057": -0.1589997, "t_058": -0.1554225, "t_059": -0.15203952, "t_060": -0.14978732, "t_061": -0.14949288, "t_062": -0.15199253, "t_063": -0.15971076, "t_064": -0.17301404, "t_065": -0.18779269, "t_066": -0.20153765, "t_067": -0.21424891, "t_068": -0.22399693, "t_069": -0.22958513, "t_070": -0.23320931, "t_071": -0.23126409, "t_072": -0.22665321, "t_073": -0.22268446, "t_074": -0.21673917, "t_075": -0.2088236, "t_076": -0.20181017, "t_077": -0.19731518, "t_078": -0.19161422, "t_079": -0.18668069, "t_080": -0.183423, "t_081": -0.18037831, "t_082": -0.17753723, "t_083": -0.1758238, "t_084": -0.17246588, "t_085": -0.16889181, "t_086": -0.16928649, "t_087": -0.17212131, "t_088": -0.17999302, "t_089": -0.19238479, "t_090": -0.20378671, "t_091": -0.21494744, "t_092": -0.22752714, "t_093": -0.23885389, "t_094": -0.24793158, "t_095": -0.25235765, "t_096": -0.25417444, "t_097": -0.25572811, "t_098": -0.25507031, "t_099": -0.25382675, "t_100": -0.25543053, "t_101": -0.25813379, "t_102": -0.25764201, "t_103": -0.25549005, "t_104": -0.25278053, "t_105": -0.24945705, "t_106": -0.24612732, "t_107": -0.24263156, "t_108": -0.23806766, "t_109": -0.23267054, "t_110": -0.22566024, "t_111": -0.21728734, "t_112": -0.21030209, "t_113": -0.20619552, "t_114": -0.2023646, "t_115": -0.19637859, "t_116": -0.18968466, "t_117": -0.18394298, "t_118": -0.17843622, "t_119": -0.17199915, "t_120": -0.16759187, "t_121": -0.16519871, "t_122": -0.16292773, "t_123": -0.16263641, "t_124": -0.16578134, "t_125": -0.16964672, "t_126": -0.17347764, "t_127": -0.17775963, "t_128": -0.18198836, "t_129": -0.18689996, "t_130": -0.19242237, "t_131": -0.19871223, "t_132": -0.20489871, "t_133": -0.20867012, "t_134": -0.20981971, "t_135": -0.21041799, "t_136": -0.21232876, "t_137": -0.21677676, "t_138": -0.22094598, "t_139": -0.22349262, "t_140": -0.22595781, "t_141": -0.22666574, "t_142": -0.22620527, "t_143": -0.22566337, "t_144": -0.22436342, "t_145": -0.22233676, "t_146": -0.22059828, "t_147": -0.2190916, "t_148": -0.21786997, "t_149": -0.21532959, "t_150": -0.2113953, "t_151": -0.20687839, "t_152": -0.20022204, "t_153": -0.19234093, "t_154": -0.18508317, "t_155": -0.1757361, "t_156": -0.16510474, "t_157": -0.15945703, "t_158": -0.15778433, "t_159": -0.15836069, "t_160": -0.16465368, "t_161": -0.17317066, "t_162": -0.18227654, "t_163": -0.19548273, "t_164": -0.20916817, "t_165": -0.22222713, "t_166": -0.23498225, "t_167": -0.24530976, "t_168": -0.25284004, "t_169": -0.25859739, "t_170": -0.26276347, "t_171": -0.26460219, "t_172": -0.26410101, "t_173": -0.26426389, "t_174": -0.26877454, "t_175": -0.27036893, "t_176": -0.2709265, "t_177": -0.27419986, "t_178": -0.2766212, "t_179": -0.27886713, "t_180": -0.27924615, "t_181": -0.27956252, "t_182": -0.2792994, "t_183": -0.27682167, "t_184": -0.27164382, "t_185": -0.26724907, "t_186": -0.26592406, "t_187": -0.25793332, "t_188": -0.25038424, "t_189": -0.25048135, "t_190": -0.24795664, "t_191": -0.24105283, "t_192": -0.23166817, "t_193": -0.2154173, "t_194": -0.19369726, "t_195": -0.17099052, "t_196": -0.14417407, "t_197": -0.11276239, "t_198": -0.081742269, "t_199": -0.05169632, "t_200": -0.020469457, "t_201": 0.0093259001, "t_202": 0.025241608, "t_203": 0.030820406, "t_204": 0.029319988, "t_205": 0.015274321, "t_206": 0.0026444979, "t_207": -0.016691787, "t_208": -0.042252144, "t_209": -0.059762242, "t_210": -0.075583977, "t_211": -0.090033723, "t_212": -0.099487297, "t_213": -0.10490321, "t_214": -0.10943266, "t_215": -0.13192013, "t_216": -0.14512005, "t_217": -0.15363077, "t_218": -0.17204927, "t_219": -0.17886536, "t_220": -0.19121014, "t_221": -0.20601384, "t_222": -0.20630202, "t_223": -0.19654774, "t_224": -0.19139182, "t_225": -0.18438151, "t_226": -0.16967491, "t_227": -0.15881176, "t_228": -0.15013502, "t_229": -0.13901814, "t_230": -0.12927952, "t_231": -0.11781808, "t_232": -0.10240043, "t_233": -0.086951445, "t_234": -0.084298305, "t_235": -0.10454298, "t_236": -0.10843342, "t_237": -0.10407313, "t_238": -0.10581787, "t_239": -0.12191526, "t_240": -0.12800464, "t_241": -0.13199844, "t_242": -0.14625085, "t_243": -0.18579109, "t_244": -0.2060483, "t_245": -0.22529061, "t_246": -0.2305593, "t_247": -0.2313518, "t_248": -0.23165564, "t_249": -0.22266253, "t_250": -0.20833495, "t_251": -0.19349052, "t_252": -0.17999929, "t_253": -0.15606151, "t_254": -0.1286687, "t_255": -0.10277005, "t_256": -0.07618853, "t_257": -0.047602278, "t_258": -0.013813114, "t_259": 0.025630025, "t_260": 0.064399699, "t_261": 0.10840987, "t_262": 0.15912964, "t_263": 0.21048215, "t_264": 0.26902038, "t_265": 0.31943944, "t_266": 0.36354672, "t_267": 0.40043069, "t_268": 0.42815553, "t_269": 0.46578188, "t_270": 0.517551, "t_271": 0.57156605, "t_272": 0.6269249, "t_273": 0.68316708, "t_274": 0.73230499, "t_275": 0.8004816, "t_276": 0.85648259, "t_277": 0.89408388, "t_278": 0.92728102, "t_279": 1.0025807, "t_280": 1.0537641, "t_281": 1.0946168, "t_282": 1.1172609, "t_283": 1.1145106, "t_284": 1.1095113, "t_285": 1.0833965, "t_286": 1.0640634, "t_287": 1.0356056, "t_288": 0.93582306, "t_289": 0.94985307, "t_290": 0.94182474, "t_291": 0.92721837, "t_292": 0.92785425, "t_293": 0.91241466, "t_294": 0.91427531, "t_295": 0.93606113, "t_296": 0.93704157, "t_297": 0.9393846, "t_298": 0.96747593, "t_299": 0.99439575, "t_300": 1.0161471, "t_301": 1.0446237, "t_302": 1.0762641, "t_303": 1.1181943, "t_304": 1.1637269, "t_305": 1.21403, "t_306": 1.2671492, "t_307": 1.3249482, "t_308": 1.3885891, "t_309": 1.4643993, "t_310": 1.5432731, "t_311": 1.6368253, "t_312": 1.7371089, "t_313": 1.8506113, "t_314": 1.9629579, "t_315": 2.0854033, "t_316": 2.1991876, "t_317": 2.3223816, "t_318": 2.4907511, "t_319": 2.6316776, "t_320": 2.7385738, "t_321": 2.8544066, "t_322": 2.966725, "t_323": 3.0746267, "t_324": 3.1864313, "t_325": 3.2636793, "t_326": 3.2861355, "t_327": 3.2698282, "t_328": 3.2993135, "t_329": 3.33543, "t_330": 3.3081437, "t_331": 3.286076, "t_332": 3.2154874, "t_333": 3.0933302, "t_334": 3.0231207, "t_335": 2.9453589, "t_336": 2.6717723, "t_337": 2.6339392, "t_338": 2.6375571, "t_339": 2.5199387, "t_340": 2.3706926, "t_341": 2.216422, "t_342": 2.0580856, "t_343": 1.959766, "t_344": 1.8217244, "t_345": 1.6648759, "t_346": 1.5392856, "t_347": 1.4418116, "t_348": 1.2722832, "t_349": 1.1775439, "t_350": 1.0565582, "t_351": 0.93409085, "t_352": 0.7955794, "t_353": 0.63299235, "t_354": 0.57196386, "t_355": 0.4599243, "t_356": 0.34852687, "t_357": 0.26320039, "t_358": 0.16251576, "t_359": 0.034403868, "t_360": -0.017910289, "t_361": -0.14875676, "t_362": -0.20528713, "t_363": -0.26743075, "t_364": -0.35024505, "t_365": -0.40277534, "t_366": -0.4614514, "t_367": -0.50807399, "t_368": -0.55773501, "t_369": -0.60522527,