{"sample_dict": {"t_000": -0.23578245, "t_001": -0.24208822, "t_002": -0.24766874, "t_003": -0.25205972, "t_004": -0.25493646, "t_005": -0.25668739, "t_006": -0.25883888, "t_007": -0.2589724, "t_008": -0.25746423, "t_009": -0.25742175, "t_010": -0.25534309, "t_011": -0.24996588, "t_012": -0.24435806, "t_013": -0.2381858, "t_014": -0.23019283, "t_015": -0.22079183, "t_016": -0.2115638, "t_017": -0.19878535, "t_018": -0.18462923, "t_019": -0.1743209, "t_020": -0.16792409, "t_021": -0.16391243, "t_022": -0.16223737, "t_023": -0.16420982, "t_024": -0.16544791, "t_025": -0.16348153, "t_026": -0.1586202, "t_027": -0.15185925, "t_028": -0.1424188, "t_029": -0.13185557, "t_030": -0.12007549, "t_031": -0.10487852, "t_032": -0.087077912, "t_033": -0.069341033, "t_034": -0.053679778, "t_035": -0.037366098, "t_036": -0.024114267, "t_037": -0.015232172, "t_038": -0.014270223, "t_039": -0.019444112, "t_040": -0.026717901, "t_041": -0.039475102, "t_042": -0.056283413, "t_043": -0.076572339, "t_044": -0.094409358, "t_045": -0.11098097, "t_046": -0.13042933, "t_047": -0.14620287, "t_048": -0.15940918, "t_049": -0.17338626, "t_050": -0.18313927, "t_051": -0.19157225, "t_052": -0.20133437, "t_053": -0.20859602, "t_054": -0.21057757, "t_055": -0.20873257, "t_056": -0.20677226, "t_057": -0.20258156, "t_058": -0.19600268, "t_059": -0.18956339, "t_060": -0.1876577, "t_061": -0.1886591, "t_062": -0.19106245, "t_063": -0.19842728, "t_064": -0.20909975, "t_065": -0.22072507, "t_066": -0.23352475, "t_067": -0.24439144, "t_068": -0.24965333, "t_069": -0.25263324, "t_070": -0.25447824, "t_071": -0.2521993, "t_072": -0.24835758, "t_073": -0.2425343, "t_074": -0.23276612, "t_075": -0.2241541, "t_076": -0.21448302, "t_077": -0.20480284, "t_078": -0.19731967, "t_079": -0.19105335, "t_080": -0.18675037, "t_081": -0.18167359, "t_082": -0.17993783, "t_083": -0.18070254, "t_084": -0.18137924, "t_085": -0.18205291, "t_086": -0.18393432, "t_087": -0.18899897, "t_088": -0.19694035, "t_089": -0.20848374, "t_090": -0.22089197, "t_091": -0.23269025, "t_092": -0.24329597, "t_093": -0.2532705, "t_094": -0.26102678, "t_095": -0.2652903, "t_096": -0.26824898, "t_097": -0.26891051, "t_098": -0.26915934, "t_099": -0.26931714, "t_100": -0.26892265, "t_101": -0.26888927, "t_102": -0.26719903, "t_103": -0.26287785, "t_104": -0.25798617, "t_105": -0.25266662, "t_106": -0.24610292, "t_107": -0.23988515, "t_108": -0.23406187, "t_109": -0.22723112, "t_110": -0.21912283, "t_111": -0.20950941, "t_112": -0.20004469, "t_113": -0.19241889, "t_114": -0.18469902, "t_115": -0.17618107, "t_116": -0.16793927, "t_117": -0.16081114, "t_118": -0.15465406, "t_119": -0.14873974, "t_120": -0.14341412, "t_121": -0.14097739, "t_122": -0.14037048, "t_123": -0.14216086, "t_124": -0.14577803, "t_125": -0.14945286, "t_126": -0.15449929, "t_127": -0.16127845, "t_128": -0.16908025, "t_129": -0.17596259, "t_130": -0.18091192, "t_131": -0.18699617, "t_132": -0.19175736, "t_133": -0.19474335, "t_134": -0.19760795, "t_135": -0.19846066, "t_136": -0.20053628, "t_137": -0.20493333, "t_138": -0.20888126, "t_139": -0.2115638, "t_140": -0.21343307, "t_141": -0.21297182, "t_142": -0.21064433, "t_143": -0.20918775, "t_144": -0.20799518, "t_145": -0.20747324, "t_146": -0.20718496, "t_147": -0.20563734, "t_148": -0.20306405, "t_149": -0.19900081, "t_150": -0.19318359, "t_151": -0.18631947, "t_152": -0.17922472, "t_153": -0.17220279, "t_154": -0.16386692, "t_155": -0.15560083, "t_156": -0.14758662, "t_157": -0.14228224, "t_158": -0.14190899, "t_159": -0.14348088, "t_160": -0.14931934, "t_161": -0.15881137, "t_162": -0.17114981, "t_163": -0.18506013, "t_164": -0.19904329, "t_165": -0.21322976, "t_166": -0.22655442, "t_167": -0.23861974, "t_168": -0.24868531, "t_169": -0.2565569, "t_170": -0.26097823, "t_171": -0.2627686, "t_172": -0.26289909, "t_173": -0.26406435, "t_174": -0.27033067, "t_175": -0.27196326, "t_176": -0.27168104, "t_177": -0.27387502, "t_178": -0.2756047, "t_179": -0.27818406, "t_180": -0.27830241, "t_181": -0.27633906, "t_182": -0.27578981, "t_183": -0.27512828, "t_184": -0.27131386, "t_185": -0.26601253, "t_186": -0.26336641, "t_187": -0.25506998, "t_188": -0.24378149, "t_189": -0.24112931, "t_190": -0.23760014, "t_191": -0.22814148, "t_192": -0.21329955, "t_193": -0.18980919, "t_194": -0.16229502, "t_195": -0.13562143, "t_196": -0.10463879, "t_197": -0.069975252, "t_198": -0.034073623, "t_199": 0.0042586704, "t_200": 0.04074293, "t_201": 0.073980233, "t_202": 0.095155245, "t_203": 0.10432866, "t_204": 0.10227427, "t_205": 0.08482264, "t_206": 0.071768054, "t_207": 0.051752237, "t_208": 0.019112738, "t_209": -0.005002742, "t_210": -0.027564538, "t_211": -0.049492115, "t_212": -0.064643567, "t_213": -0.074530094, "t_214": -0.08363978, "t_215": -0.112213, "t_216": -0.12825357, "t_217": -0.13827968, "t_218": -0.16016781, "t_219": -0.1692077, "t_220": -0.18198615, "t_221": -0.19786589, "t_222": -0.19682504, "t_223": -0.18393432, "t_224": -0.17597776, "t_225": -0.16662228, "t_226": -0.14984735, "t_227": -0.1374816, "t_228": -0.12601408, "t_229": -0.11356944, "t_230": -0.10608019, "t_231": -0.092898157, "t_232": -0.076526821, "t_233": -0.060361833, "t_234": -0.054253306, "t_235": -0.078025883, "t_236": -0.08541195, "t_237": -0.085609195, "t_238": -0.09238532, "t_239": -0.10438692, "t_240": -0.10924522, "t_241": -0.11906802, "t_242": -0.14173299, "t_243": -0.19155101, "t_244": -0.21394287, "t_245": -0.23353689, "t_246": -0.23902941, "t_247": -0.2407864, "t_248": -0.23912651, "t_249": -0.22745871, "t_250": -0.21144848, "t_251": -0.19104121, "t_252": -0.17143506, "t_253": -0.14634549, "t_254": -0.11323564, "t_255": -0.07870562, "t_256": -0.047722979, "t_257": -0.012267428, "t_258": 0.028671535, "t_259": 0.073746574, "t_260": 0.12142525, "t_261": 0.17935156, "t_262": 0.23884672, "t_263": 0.30075132, "t_264": 0.36568741, "t_265": 0.42156844, "t_266": 0.477935, "t_267": 0.52050654, "t_268": 0.55804682, "t_269": 0.60745518, "t_270": 0.6683432, "t_271": 0.73249942, "t_272": 0.79697427, "t_273": 0.86030813, "t_274": 0.91665041, "t_275": 0.99703231, "t_276": 1.0640804, "t_277": 1.1111006, "t_278": 1.1422896, "t_279": 1.2390337, "t_280": 1.3001251, "t_281": 1.3379476, "t_282": 1.3583032, "t_283": 1.3410762, "t_284": 1.3231269, "t_285": 1.2778455, "t_286": 1.2369369, "t_287": 1.1830283, "t_288": 1.0584271, "t_289": 1.0633916, "t_290": 1.0382778, "t_291": 1.0055078, "t_292": 0.99413129, "t_293": 0.96210476, "t_294": 0.94596102, "t_295": 0.95589003, "t_296": 0.95088607, "t_297": 0.93886627, "t_298": 0.95273714, "t_299": 0.96968808, "t_300": 0.98705474, "t_301": 1.0125327, "t_302": 1.0392974, "t_303": 1.0742644, "t_304": 1.1100234, "t_305": 1.1540818, "t_306": 1.206288, "t_307": 1.2615318, "t_308": 1.3180106, "t_309": 1.385514, "t_310": 1.463189, "t_311": 1.5537761, "t_312": 1.6407612, "t_313": 1.752502, "t_314": 1.8761321, "t_315": 2.0107352, "t_316": 2.1269185, "t_317": 2.2431535, "t_318": 2.4092945, "t_319": 2.5527948, "t_320": 2.6612887, "t_321": 2.7952363, "t_322": 2.9184446, "t_323": 3.0248719, "t_324": 3.1402299, "t_325": 3.235035, "t_326": 3.2542952, "t_327": 3.2116084, "t_328": 3.2828988, "t_329": 3.349073, "t_330": 3.338886, "t_331": 3.3012395, "t_332": 3.2250544, "t_333": 3.10404, "t_334": 3.0324492, "t_335": 2.9771447, "t_336": 2.6787646, "t_337": 2.5930328, "t_338": 2.5868211, "t_339": 2.4725373, "t_340": 2.3292919, "t_341": 2.1632056, "t_342": 1.9938662, "t_343": 1.8916234, "t_344": 1.7379726, "t_345": 1.5764077, "t_346": 1.4557878, "t_347": 1.361444, "t_348": 1.1928056, "t_349": 1.0908754, "t_350": 0.96841054, "t_351": 0.85397808, "t_352": 0.72348684, "t_353": 0.55030268, "t_354": 0.48478699, "t_355": 0.37454523, "t_356": 0.26451285, "t_357": 0.17965805, "t_358": 0.082237213, "t_359": -0.048530166, "t_360": -0.099941322, "t_361": -0.22552571, "t_362": -0.27938877, "t_363": -0.33570981, "t_364": -0.41504176, "t_365": -0.46471716, "t_366": -0.51946631, "t_367": -0.56284807, "t_368": -0.60955266, "t_369": -0.65409969,