{"t_000": -0.18657106, "t_001": -0.19105088, "t_002": -0.19371162, "t_003": -0.19629392, "t_004": -0.19685804, "t_005": -0.19904818, "t_006": -0.20189293, "t_007": -0.20058971, "t_008": -0.19719592, "t_009": -0.19553673, "t_010": -0.19252303, "t_011": -0.18718647, "t_012": -0.1790142, "t_013": -0.16819025, "t_014": -0.1589742, "t_015": -0.15184571, "t_016": -0.14158287, "t_017": -0.13081321, "t_018": -0.1253409, "t_019": -0.12287625, "t_020": -0.12295167, "t_021": -0.12574816, "t_022": -0.13104248, "t_023": -0.13863856, "t_024": -0.14473835, "t_025": -0.14807784, "t_026": -0.14753785, "t_027": -0.14357088, "t_028": -0.13933843, "t_029": -0.13308479, "t_030": -0.12302105, "t_031": -0.11098136, "t_032": -0.098827036, "t_033": -0.083665052, "t_034": -0.067130464, "t_035": -0.052442103, "t_036": -0.039983091, "t_037": -0.030709724, "t_038": -0.023578222, "t_039": -0.024199664, "t_040": -0.03300544, "t_041": -0.045941093, "t_042": -0.063516445, "t_043": -0.083188411, "t_044": -0.1017804, "t_045": -0.11975395, "t_046": -0.13813778, "t_047": -0.15589414, "t_048": -0.17155086, "t_049": -0.18588929, "t_050": -0.19537684, "t_051": -0.19871935, "t_052": -0.20369391, "t_053": -0.20626415, "t_054": -0.20547075, "t_055": -0.20369391, "t_056": -0.20012816, "t_057": -0.19563929, "t_058": -0.18977481, "t_059": -0.18352419, "t_060": -0.17883622, "t_061": -0.17860393, "t_062": -0.18033552, "t_063": -0.18388921, "t_064": -0.19363318, "t_065": -0.20985705, "t_066": -0.22882612, "t_067": -0.24584036, "t_068": -0.26084548, "t_069": -0.27435732, "t_070": -0.28213139, "t_071": -0.28453872, "t_072": -0.28481324, "t_073": -0.28114492, "t_074": -0.27545842, "t_075": -0.26939484, "t_076": -0.26356655, "t_077": -0.25905657, "t_078": -0.25373509, "t_079": -0.25045291, "t_080": -0.24918288, "t_081": -0.24558093, "t_082": -0.24263662, "t_083": -0.24241037, "t_084": -0.24296846, "t_085": -0.24215395, "t_086": -0.24163205, "t_087": -0.24351448, "t_088": -0.24886009, "t_089": -0.25764173, "t_090": -0.26657421, "t_091": -0.27534982, "t_092": -0.28326567, "t_093": -0.28833978, "t_094": -0.29135045, "t_095": -0.29210463, "t_096": -0.29084364, "t_097": -0.29205335, "t_098": -0.29332338, "t_099": -0.29288897, "t_100": -0.29185726, "t_101": -0.28905172, "t_102": -0.28732314, "t_103": -0.28487358, "t_104": -0.27997142, "t_105": -0.2750934, "t_106": -0.27056834, "t_107": -0.26641131, "t_108": -0.26242925, "t_109": -0.25740945, "t_110": -0.250649, "t_111": -0.24294131, "t_112": -0.23618689, "t_113": -0.22899204, "t_114": -0.22008369, "t_115": -0.2114016, "t_116": -0.20411625, "t_117": -0.19726832, "t_118": -0.19100864, "t_119": -0.18500237, "t_120": -0.17984682, "t_121": -0.17603068, "t_122": -0.17228996, "t_123": -0.17092339, "t_124": -0.17232314, "t_125": -0.17582253, "t_126": -0.17823891, "t_127": -0.18031441, "t_128": -0.1846102, "t_129": -0.18943995, "t_130": -0.19483082, "t_131": -0.1994675, "t_132": -0.20293068, "t_133": -0.20646325, "t_134": -0.20902745, "t_135": -0.20997168, "t_136": -0.21167612, "t_137": -0.21436401, "t_138": -0.21684375, "t_139": -0.21935968, "t_140": -0.221583, "t_141": -0.221945, "t_142": -0.22062067, "t_143": -0.21932047, "t_144": -0.2169071, "t_145": -0.2147773, "t_146": -0.21452088, "t_147": -0.21295521, "t_148": -0.20959158, "t_149": -0.20642403, "t_150": -0.20226399, "t_151": -0.1971567, "t_152": -0.19002218, "t_153": -0.18040189, "t_154": -0.17077859, "t_155": -0.1624042, "t_156": -0.15532096, "t_157": -0.14925738, "t_158": -0.14569766, "t_159": -0.14672032, "t_160": -0.15259989, "t_161": -0.16136645, "t_162": -0.17256146, "t_163": -0.18515019, "t_164": -0.1974101, "t_165": -0.21053279, "t_166": -0.22288924, "t_167": -0.23325767, "t_168": -0.24210266, "t_169": -0.24856747, "t_170": -0.25224786, "t_171": -0.2532675, "t_172": -0.25342739, "t_173": -0.25519217, "t_174": -0.25958751, "t_175": -0.26110793, "t_176": -0.26243227, "t_177": -0.26541881, "t_178": -0.26815799, "t_179": -0.27007058, "t_180": -0.27018823, "t_181": -0.27071616, "t_182": -0.27095749, "t_183": -0.26956377, "t_184": -0.2645319, "t_185": -0.26012147, "t_186": -0.25745168, "t_187": -0.24948757, "t_188": -0.2413877, "t_189": -0.23910103, "t_190": -0.23617784, "t_191": -0.23082318, "t_192": -0.22145931, "t_193": -0.20395033, "t_194": -0.17998559, "t_195": -0.15474176, "t_196": -0.12575721, "t_197": -0.091776985, "t_198": -0.058581108, "t_199": -0.026241977, "t_200": 0.0063807255, "t_201": 0.03636079, "t_202": 0.054539484, "t_203": 0.062352763, "t_204": 0.059722192, "t_205": 0.045990128, "t_206": 0.033872004, "t_207": 0.014604277, "t_208": -0.012856834, "t_209": -0.032782204, "t_210": -0.049555111, "t_211": -0.065543674, "t_212": -0.077040356, "t_213": -0.084938103, "t_214": -0.092304909, "t_215": -0.11444756, "t_216": -0.12734098, "t_217": -0.13418288, "t_218": -0.1519151, "t_219": -0.16185516, "t_220": -0.17443484, "t_221": -0.18765406, "t_222": -0.18965112, "t_223": -0.18179259, "t_224": -0.17544845, "t_225": -0.16993391, "t_226": -0.1580541, "t_227": -0.14802656, "t_228": -0.13703367, "t_229": -0.12667127, "t_230": -0.12013104, "t_231": -0.1077927, "t_232": -0.094482974, "t_233": -0.083146177, "t_234": -0.080762976, "t_235": -0.098884353, "t_236": -0.10761471, "t_237": -0.11063142, "t_238": -0.11430578, "t_239": -0.12645708, "t_240": -0.13275899, "t_241": -0.13514822, "t_242": -0.14565844, "t_243": -0.17548465, "t_244": -0.18997995, "t_245": -0.20495188, "t_246": -0.20842411, "t_247": -0.21016174, "t_248": -0.20982386, "t_249": -0.19916583, "t_250": -0.18307771, "t_251": -0.165617, "t_252": -0.14923626, "t_253": -0.12645407, "t_254": -0.097424266, "t_255": -0.066928344, "t_256": -0.039518517, "t_257": -0.0090225958, "t_258": 0.025446333, "t_259": 0.064268374, "t_260": 0.10788397, "t_261": 0.16104745, "t_262": 0.21544778, "t_263": 0.27024028, "t_264": 0.32531334, "t_265": 0.37514637, "t_266": 0.4293114, "t_267": 0.46715905, "t_268": 0.4950425, "t_269": 0.53962947, "t_270": 0.5949318, "t_271": 0.6497243, "t_272": 0.70947326, "t_273": 0.77231133, "t_274": 0.82117901, "t_275": 0.88566119, "t_276": 0.94597126, "t_277": 0.99386455, "t_278": 1.0417729, "t_279": 1.1190248, "t_280": 1.16528, "t_281": 1.2045244, "t_282": 1.2278074, "t_283": 1.222501, "t_284": 1.2064642, "t_285": 1.1631683, "t_286": 1.1312938, "t_287": 1.0962275, "t_288": 1.0027246, "t_289": 1.0124595, "t_290": 0.99782247, "t_291": 0.97507648, "t_292": 0.97708259, "t_293": 0.96145301, "t_294": 0.94735894, "t_295": 0.9619387, "t_296": 0.9676795, "t_297": 0.96758598, "t_298": 0.98512212, "t_299": 1.0058861, "t_300": 1.0275009, "t_301": 1.0569289, "t_302": 1.0894882, "t_303": 1.127716, "t_304": 1.1677055, "t_305": 1.2127962, "t_306": 1.258065, "t_307": 1.3151019, "t_308": 1.3773548, "t_309": 1.4504165, "t_310": 1.5306097, "t_311": 1.6217927, "t_312": 1.7170303, "t_313": 1.8266153, "t_314": 1.9386378, "t_315": 2.0753641, "t_316": 2.1940385, "t_317": 2.302269, "t_318": 2.4665832, "t_319": 2.6107276, "t_320": 2.712258, "t_321": 2.8387758, "t_322": 2.965016, "t_323": 3.0626609, "t_324": 3.1540702, "t_325": 3.2542612, "t_326": 3.2833363, "t_327": 3.2119428, "t_328": 3.2694896, "t_329": 3.3470371, "t_330": 3.3324242, "t_331": 3.3047157, "t_332": 3.218664, "t_333": 3.0547692, "t_334": 3.0311634, "t_335": 2.9867484, "t_336": 2.6899011, "t_337": 2.6324992, "t_338": 2.6255638, "t_339": 2.5016765, "t_340": 2.3587297, "t_341": 2.2092759, "t_342": 2.0405453, "t_343": 1.9305198, "t_344": 1.7922278, "t_345": 1.6437544, "t_346": 1.5173784, "t_347": 1.4188406, "t_348": 1.2495217, "t_349": 1.1517048, "t_350": 1.0310817, "t_351": 0.91871227, "t_352": 0.78597401, "t_353": 0.6113789, "t_354": 0.54851368, "t_355": 0.44035558, "t_356": 0.32929841, "t_357": 0.24432976, "t_358": 0.14764722, "t_359": 0.017928691, "t_360": -0.033964754, "t_361": -0.16369535, "t_362": -0.22451524, "t_363": -0.28608629, "t_364": -0.36925397, "t_365": -0.422155, "t_366": -0.48008186, "t_367": -0.52785448, "t_368": -0.57954883, "t_369": -0.62691419, "t_370": -0.68219842,