{"sample_dict": {"t_000": -0.25033057, "t_001": -0.25640021, "t_002": -0.26119815, "t_003": -0.26397392, "t_004": -0.26618135, "t_005": -0.26817525, "t_006": -0.26970758, "t_007": -0.27082228, "t_008": -0.27202177, "t_009": -0.27264035, "t_010": -0.26988028, "t_011": -0.26395822, "t_012": -0.25847262, "t_013": -0.25242182, "t_014": -0.24358896, "t_015": -0.23643288, "t_016": -0.226994, "t_017": -0.2147354, "t_018": -0.20393062, "t_019": -0.19446035, "t_020": -0.18813008, "t_021": -0.18625864, "t_022": -0.1878412, "t_023": -0.18766222, "t_024": -0.18647844, "t_025": -0.18403865, "t_026": -0.17723739, "t_027": -0.17000908, "t_028": -0.16168805, "t_029": -0.15117843, "t_030": -0.13766068, "t_031": -0.12177223, "t_032": -0.10402488, "t_033": -0.083322787, "t_034": -0.063418255, "t_035": -0.046336593, "t_036": -0.035321434, "t_037": -0.02872427, "t_038": -0.026994124, "t_039": -0.032865945, "t_040": -0.046226693, "t_041": -0.062994353, "t_042": -0.079168552, "t_043": -0.098485901, "t_044": -0.11728515, "t_045": -0.13534963, "t_046": -0.1544252, "t_047": -0.17228559, "t_048": -0.18596034, "t_049": -0.19672116, "t_050": -0.20693561, "t_051": -0.21595686, "t_052": -0.22370013, "t_053": -0.23088134, "t_054": -0.23290037, "t_055": -0.22933645, "t_056": -0.22504092, "t_057": -0.21890848, "t_058": -0.21164249, "t_059": -0.20538759, "t_060": -0.20295722, "t_061": -0.20201521, "t_062": -0.20211884, "t_063": -0.20616003, "t_064": -0.21546388, "t_065": -0.22900989, "t_066": -0.24259986, "t_067": -0.25382226, "t_068": -0.26230029, "t_069": -0.26487196, "t_070": -0.26481544, "t_071": -0.26387658, "t_072": -0.25868614, "t_073": -0.25122547, "t_074": -0.24243972, "t_075": -0.2311294, "t_076": -0.22133256, "t_077": -0.21333496, "t_078": -0.20482238, "t_079": -0.1977919, "t_080": -0.19350578, "t_081": -0.18982883, "t_082": -0.1881709, "t_083": -0.18977545, "t_084": -0.19135488, "t_085": -0.19343356, "t_086": -0.19721414, "t_087": -0.2021942, "t_088": -0.21043987, "t_089": -0.22426533, "t_090": -0.23756328, "t_091": -0.24956441, "t_092": -0.2640901, "t_093": -0.27795011, "t_094": -0.28771554, "t_095": -0.29312264, "t_096": -0.29552161, "t_097": -0.29590155, "t_098": -0.29644792, "t_099": -0.2973962, "t_100": -0.2975532, "t_101": -0.29624695, "t_102": -0.29414943, "t_103": -0.29037827, "t_104": -0.28440283, "t_105": -0.2811906, "t_106": -0.27859067, "t_107": -0.27232635, "t_108": -0.26652675, "t_109": -0.26038175, "t_110": -0.24992237, "t_111": -0.23906421, "t_112": -0.22934901, "t_113": -0.22007028, "t_114": -0.21193765, "t_115": -0.20234492, "t_116": -0.19234712, "t_117": -0.18348287, "t_118": -0.17557318, "t_119": -0.16822555, "t_120": -0.16138033, "t_121": -0.15668915, "t_122": -0.15467012, "t_123": -0.15533267, "t_124": -0.15850722, "t_125": -0.16190471, "t_126": -0.16564446, "t_127": -0.17176121, "t_128": -0.17842431, "t_129": -0.18390049, "t_130": -0.18788202, "t_131": -0.19250726, "t_132": -0.19550283, "t_133": -0.1968499, "t_134": -0.19939959, "t_135": -0.20182367, "t_136": -0.20425404, "t_137": -0.20724333, "t_138": -0.21096739, "t_139": -0.21495834, "t_140": -0.21673559, "t_141": -0.21593802, "t_142": -0.21449676, "t_143": -0.21392842, "t_144": -0.21498032, "t_145": -0.21480134, "t_146": -0.21296443, "t_147": -0.21091715, "t_148": -0.20839886, "t_149": -0.20681629, "t_150": -0.20205603, "t_151": -0.19525477, "t_152": -0.18823684, "t_153": -0.17919989, "t_154": -0.16978614, "t_155": -0.16095329, "t_156": -0.15335132, "t_157": -0.14892076, "t_158": -0.14728796, "t_159": -0.14749834, "t_160": -0.15307186, "t_161": -0.16173201, "t_162": -0.17259331, "t_163": -0.18684582, "t_164": -0.20265892, "t_165": -0.21755513, "t_166": -0.2312079, "t_167": -0.24433943, "t_168": -0.25373748, "t_169": -0.25889024, "t_170": -0.26313554, "t_171": -0.26649221, "t_172": -0.26721441, "t_173": -0.26700403, "t_174": -0.27275025, "t_175": -0.27530936, "t_176": -0.27670352, "t_177": -0.28061284, "t_178": -0.28194734, "t_179": -0.28396323, "t_180": -0.2857028, "t_181": -0.28627742, "t_182": -0.28511561, "t_183": -0.28320021, "t_184": -0.27795953, "t_185": -0.27218505, "t_186": -0.26904818, "t_187": -0.25914772, "t_188": -0.24768354, "t_189": -0.24395949, "t_190": -0.23893547, "t_191": -0.22846981, "t_192": -0.21329728, "t_193": -0.1910817, "t_194": -0.16345588, "t_195": -0.13535277, "t_196": -0.10206551, "t_197": -0.066404406, "t_198": -0.030193795, "t_199": 0.0090312263, "t_200": 0.046387941, "t_201": 0.081059946, "t_202": 0.09873821, "t_203": 0.10665104, "t_204": 0.10494287, "t_205": 0.085308381, "t_206": 0.069181283, "t_207": 0.046325141, "t_208": 0.014450886, "t_209": -0.0087506578, "t_210": -0.030922278, "t_211": -0.051413992, "t_212": -0.065556603, "t_213": -0.075620339, "t_214": -0.084701252, "t_215": -0.11284517, "t_216": -0.12887807, "t_217": -0.13845511, "t_218": -0.15823404, "t_219": -0.16806227, "t_220": -0.18123462, "t_221": -0.19374128, "t_222": -0.1931227, "t_223": -0.18410773, "t_224": -0.17683232, "t_225": -0.16608093, "t_226": -0.15002919, "t_227": -0.13647062, "t_228": -0.12380381, "t_229": -0.11210413, "t_230": -0.10367634, "t_231": -0.090551093, "t_232": -0.074292114, "t_233": -0.059486961, "t_234": -0.056029808, "t_235": -0.077868587, "t_236": -0.086462798, "t_237": -0.088494385, "t_238": -0.096134033, "t_239": -0.11013848, "t_240": -0.11537602, "t_241": -0.12256351, "t_242": -0.14264702, "t_243": -0.19046311, "t_244": -0.2133224, "t_245": -0.23344359, "t_246": -0.23846133, "t_247": -0.24019147, "t_248": -0.23876591, "t_249": -0.226366, "t_250": -0.20939424, "t_251": -0.19098121, "t_252": -0.1713687, "t_253": -0.14439915, "t_254": -0.11093919, "t_255": -0.07590608, "t_256": -0.043774344, "t_257": -0.0075668736, "t_258": 0.033746255, "t_259": 0.077379853, "t_260": 0.12173879, "t_261": 0.18440714, "t_262": 0.24358693, "t_263": 0.30525361, "t_264": 0.37085473, "t_265": 0.42625395, "t_266": 0.48377896, "t_267": 0.52378898, "t_268": 0.56478183, "t_269": 0.62101315, "t_270": 0.68150547, "t_271": 0.74534818, "t_272": 0.81287726, "t_273": 0.87956482, "t_274": 0.9403366, "t_275": 1.0197789, "t_276": 1.0819919, "t_277": 1.1265989, "t_278": 1.173988, "t_279": 1.2593994, "t_280": 1.316174, "t_281": 1.3620307, "t_282": 1.3790904, "t_283": 1.3661096, "t_284": 1.3473135, "t_285": 1.293814, "t_286": 1.2530912, "t_287": 1.2099788, "t_288": 1.0923226, "t_289": 1.0972524, "t_290": 1.0735076, "t_291": 1.0352529, "t_292": 1.0217477, "t_293": 0.98975096, "t_294": 0.9724338, "t_295": 0.98129805, "t_296": 0.97888966, "t_297": 0.96837063, "t_298": 0.97748922, "t_299": 0.99127387, "t_300": 1.0047665, "t_301": 1.0263101, "t_302": 1.052727, "t_303": 1.0861587, "t_304": 1.1211856, "t_305": 1.1653718, "t_306": 1.2104906, "t_307": 1.2600777, "t_308": 1.3170406, "t_309": 1.3824031, "t_310": 1.4540268, "t_311": 1.5435673, "t_312": 1.6346622, "t_313": 1.7388164, "t_314": 1.8545258, "t_315": 1.9841172, "t_316": 2.1044675, "t_317": 2.2256186, "t_318": 2.3818436, "t_319": 2.5307272, "t_320": 2.6455103, "t_321": 2.7752211, "t_322": 2.8990034, "t_323": 3.0036129, "t_324": 3.1307928, "t_325": 3.2277626, "t_326": 3.2504555, "t_327": 3.2412553, "t_328": 3.2817237, "t_329": 3.3386427, "t_330": 3.3289244, "t_331": 3.3032108, "t_332": 3.2146468, "t_333": 3.0673677, "t_334": 3.0359362, "t_335": 3.0015185, "t_336": 2.7313488, "t_337": 2.6467852, "t_338": 2.6323851, "t_339": 2.5057484, "t_340": 2.3563624, "t_341": 2.1951856, "t_342": 2.0302157, "t_343": 1.9244884, "t_344": 1.7749485, "t_345": 1.6093066, "t_346": 1.4801454, "t_347": 1.3849339, "t_348": 1.213998, "t_349": 1.1136746, "t_350": 0.99214051, "t_351": 0.87026411, "t_352": 0.73741965, "t_353": 0.57132561, "t_354": 0.50727566, "t_355": 0.39479418, "t_356": 0.28060139, "t_357": 0.19445517, "t_358": 0.094163213, "t_359": -0.035902336, "t_360": -0.088127004, "t_361": -0.21691771, "t_362": -0.27286957, "t_363": -0.32932069, "t_364": -0.40730915, "t_365": -0.4589592, "t_366": -0.51395336, "t_367": -0.55726354, "t_368": -0.60465573, "t_369": -0.64996609,