{"t_000": -0.23443472, "t_001": -0.23951759, "t_002": -0.24376836, "t_003": -0.2480744, "t_004": -0.25115264, "t_005": -0.25375081, "t_006": -0.25646536, "t_007": -0.25871149, "t_008": -0.25947377, "t_009": -0.25903444, "t_010": -0.25775427, "t_011": -0.25448982, "t_012": -0.24829552, "t_013": -0.24224669, "t_014": -0.23673321, "t_015": -0.22909581, "t_016": -0.21973307, "t_017": -0.20816204, "t_018": -0.19460673, "t_019": -0.18475229, "t_020": -0.18019604, "t_021": -0.17898278, "t_022": -0.18185444, "t_023": -0.18369033, "t_024": -0.18392309, "t_025": -0.18206102, "t_026": -0.17753385, "t_027": -0.17015248, "t_028": -0.16132219, "t_029": -0.15211656, "t_030": -0.13875619, "t_031": -0.12237286, "t_032": -0.10465408, "t_033": -0.087383358, "t_034": -0.072597339, "t_035": -0.058166276, "t_036": -0.045981339, "t_037": -0.038861821, "t_038": -0.036348023, "t_039": -0.040258376, "t_040": -0.052999025, "t_041": -0.071599384, "t_042": -0.088980667, "t_043": -0.10532326, "t_044": -0.12275401, "t_045": -0.14082193, "t_046": -0.15885494, "t_047": -0.17232587, "t_048": -0.18453408, "t_049": -0.19595673, "t_050": -0.20452518, "t_051": -0.21309362, "t_052": -0.21888641, "t_053": -0.22291314, "t_054": -0.22616886, "t_055": -0.22597393, "t_056": -0.22279095, "t_057": -0.21657046, "t_058": -0.20982336, "t_059": -0.20366397, "t_060": -0.19832506, "t_061": -0.19570943, "t_062": -0.19755695, "t_063": -0.20454845, "t_064": -0.21427487, "t_065": -0.22575862, "t_066": -0.23876695, "t_067": -0.25085005, "t_068": -0.25976181, "t_069": -0.2654004, "t_070": -0.26611905, "t_071": -0.26370126, "t_072": -0.26124856, "t_073": -0.2554034, "t_074": -0.247187, "t_075": -0.23969216, "t_076": -0.23188601, "t_077": -0.2244028, "t_078": -0.21861874, "t_079": -0.21372498, "t_080": -0.20894178, "t_081": -0.20664619, "t_082": -0.20623596, "t_083": -0.20486559, "t_084": -0.20507216, "t_085": -0.20700115, "t_086": -0.20961387, "t_087": -0.21502843, "t_088": -0.22287241, "t_089": -0.23378881, "t_090": -0.24435898, "t_091": -0.25551105, "t_092": -0.26789092, "t_093": -0.2780334, "t_094": -0.28535076, "t_095": -0.289747, "t_096": -0.29092825, "t_097": -0.29137631, "t_098": -0.29201058, "t_099": -0.29167599, "t_100": -0.2921095, "t_101": -0.29015724, "t_102": -0.28693934, "t_103": -0.28331121, "t_104": -0.27789665, "t_105": -0.27404449, "t_106": -0.27085278, "t_107": -0.26580482, "t_108": -0.25967162, "t_109": -0.25265684, "t_110": -0.24325629, "t_111": -0.23293342, "t_112": -0.22408567, "t_113": -0.2167363, "t_114": -0.20789436, "t_115": -0.19808648, "t_116": -0.18917472, "t_117": -0.17944248, "t_118": -0.17000701, "t_119": -0.16236669, "t_120": -0.15579707, "t_121": -0.15010611, "t_122": -0.14824985, "t_123": -0.14969005, "t_124": -0.15058908, "t_125": -0.15312034, "t_126": -0.15752821, "t_127": -0.16173242, "t_128": -0.16739429, "t_129": -0.17492695, "t_130": -0.18144421, "t_131": -0.18640488, "t_132": -0.19125209, "t_133": -0.19456018, "t_134": -0.19586654, "t_135": -0.19673939, "t_136": -0.19907571, "t_137": -0.2035825, "t_138": -0.20733574, "t_139": -0.21049254, "t_140": -0.21185418, "t_141": -0.21010267, "t_142": -0.20847335, "t_143": -0.20734156, "t_144": -0.20671602, "t_145": -0.20468811, "t_146": -0.20180481, "t_147": -0.20187463, "t_148": -0.20019004, "t_149": -0.19483076, "t_150": -0.18966933, "t_151": -0.18448171, "t_152": -0.17871802, "t_153": -0.16980043, "t_154": -0.15968414, "t_155": -0.15173833, "t_156": -0.14618994, "t_157": -0.14318734, "t_158": -0.14058044, "t_159": -0.14164241, "t_160": -0.14654489, "t_161": -0.15451398, "t_162": -0.16733028, "t_163": -0.18058009, "t_164": -0.19419358, "t_165": -0.20918618, "t_166": -0.22298879, "t_167": -0.23428051, "t_168": -0.24365489, "t_169": -0.25068712, "t_170": -0.25462075, "t_171": -0.25597366, "t_172": -0.25506881, "t_173": -0.25595038, "t_174": -0.26040481, "t_175": -0.26275859, "t_176": -0.26494943, "t_177": -0.26709954, "t_178": -0.26813241, "t_179": -0.27038436, "t_180": -0.27121647, "t_181": -0.27128339, "t_182": -0.27094007, "t_183": -0.27023597, "t_184": -0.26524038, "t_185": -0.25789974, "t_186": -0.25446654, "t_187": -0.24695425, "t_188": -0.23717836, "t_189": -0.23425724, "t_190": -0.230536, "t_191": -0.22031497, "t_192": -0.20461828, "t_193": -0.18305606, "t_194": -0.15494459, "t_195": -0.12593699, "t_196": -0.094040268, "t_197": -0.058401945, "t_198": -0.022199182, "t_199": 0.016217702, "t_200": 0.053339864, "t_201": 0.087113204, "t_202": 0.10704611, "t_203": 0.11580076, "t_204": 0.11232101, "t_205": 0.095256862, "t_206": 0.082810071, "t_207": 0.060290632, "t_208": 0.028129148, "t_209": 0.0048328744, "t_210": -0.018553593, "t_211": -0.040171091, "t_212": -0.054328661, "t_213": -0.064607884, "t_214": -0.075256611, "t_215": -0.10255925, "t_216": -0.11847706, "t_217": -0.12905014, "t_218": -0.14813929, "t_219": -0.15877638, "t_220": -0.17292813, "t_221": -0.18627105, "t_222": -0.18789163, "t_223": -0.17879366, "t_224": -0.16980916, "t_225": -0.15904697, "t_226": -0.14321062, "t_227": -0.13070273, "t_228": -0.11997254, "t_229": -0.11002791, "t_230": -0.10186097, "t_231": -0.087505557, "t_232": -0.072114363, "t_233": -0.059580288, "t_234": -0.059030394, "t_235": -0.080860285, "t_236": -0.087491009, "t_237": -0.088005989, "t_238": -0.092585523, "t_239": -0.10575969, "t_240": -0.11257662, "t_241": -0.11899495, "t_242": -0.13588744, "t_243": -0.17831069, "t_244": -0.19874111, "t_245": -0.21788264, "t_246": -0.22243017, "t_247": -0.22255237, "t_248": -0.22098997, "t_249": -0.20962842, "t_250": -0.19308507, "t_251": -0.17548266, "t_252": -0.15633823, "t_253": -0.12943128, "t_254": -0.097301804, "t_255": -0.064546784, "t_256": -0.03136116, "t_257": 0.0068607878, "t_258": 0.048463561, "t_259": 0.093036923, "t_260": 0.13867807, "t_261": 0.19496794, "t_262": 0.25438842, "t_263": 0.31710244, "t_264": 0.38368608, "t_265": 0.4369239, "t_266": 0.48771483, "t_267": 0.53051341, "t_268": 0.57334398, "t_269": 0.62348902, "t_270": 0.68079139, "t_271": 0.74520746, "t_272": 0.81048474, "t_273": 0.87000123, "t_274": 0.92295683, "t_275": 1.0095345, "t_276": 1.0719488, "t_277": 1.1093474, "t_278": 1.1552911, "t_279": 1.2382755, "t_280": 1.2986562, "t_281": 1.351894, "t_282": 1.3677012, "t_283": 1.3513441, "t_284": 1.3361711, "t_285": 1.2917141, "t_286": 1.2488864, "t_287": 1.1934723, "t_288": 1.0886115, "t_289": 1.0910176, "t_290": 1.067506, "t_291": 1.0323129, "t_292": 1.0212423, "t_293": 0.99443714, "t_294": 0.97940381, "t_295": 0.98661062, "t_296": 0.97715769, "t_297": 0.96916533, "t_298": 0.98348292, "t_299": 1.0007624, "t_300": 1.0187197, "t_301": 1.0432089, "t_302": 1.0721874, "t_303": 1.1040899, "t_304": 1.1334379, "t_305": 1.1759834, "t_306": 1.2250577, "t_307": 1.2813272, "t_308": 1.3387955, "t_309": 1.4055886, "t_310": 1.4811305, "t_311": 1.5703384, "t_312": 1.6629008, "t_313": 1.7788672, "t_314": 1.9007864, "t_315": 2.0220306, "t_316": 2.1334931, "t_317": 2.2467595, "t_318": 2.3985999, "t_319": 2.5463728, "t_320": 2.6547658, "t_321": 2.7852185, "t_322": 2.9238352, "t_323": 3.0373082, "t_324": 3.1326492, "t_325": 3.2250604, "t_326": 3.2477049, "t_327": 3.2071059, "t_328": 3.2770064, "t_329": 3.3435464, "t_330": 3.3394353, "t_331": 3.2981234, "t_332": 3.1809496, "t_333": 3.0505144, "t_334": 3.0194788, "t_335": 2.9520369, "t_336": 2.6438261, "t_337": 2.566038, "t_338": 2.5671291, "t_339": 2.4651486, "t_340": 2.3339568, "t_341": 2.1761462, "t_342": 1.9969159, "t_343": 1.8889244, "t_344": 1.7418411, "t_345": 1.5779845, "t_346": 1.4528328, "t_347": 1.3606603, "t_348": 1.1934636, "t_349": 1.0923502, "t_350": 0.97087319, "t_351": 0.85758936, "t_352": 0.72667111, "t_353": 0.55556992, "t_354": 0.49369674, "t_355": 0.38557725, "t_356": 0.27332628, "t_357": 0.18589033, "t_358": 0.087063743, "t_359": -0.041791676, "t_360": -0.093071408, "t_361": -0.2168905, "t_362": -0.27430344, "t_363": -0.3313876, "t_364": -0.40962374, "t_365": -0.46229712, "t_366": -0.51732718, "t_367": -0.56030905, "t_368": -0.60830979, "t_369": -0.65265621,