{"t_000": -0.23170547, "t_001": -0.23709313, "t_002": -0.24046847, "t_003": -0.24555666, "t_004": -0.24863812, "t_005": -0.2496149, "t_006": -0.249836, "t_007": -0.24817352, "t_008": -0.24551748, "t_009": -0.24503609, "t_010": -0.24326166, "t_011": -0.23667051, "t_012": -0.2281874, "t_013": -0.21997856, "t_014": -0.21236586, "t_015": -0.20286398, "t_016": -0.19294788, "t_017": -0.18182831, "t_018": -0.17011819, "t_019": -0.16281616, "t_020": -0.15979907, "t_021": -0.16112289, "t_022": -0.16383212, "t_023": -0.16553378, "t_024": -0.16581925, "t_025": -0.16253628, "t_026": -0.15830451, "t_027": -0.1532611, "t_028": -0.14508305, "t_029": -0.13316862, "t_030": -0.11895359, "t_031": -0.10571533, "t_032": -0.089473976, "t_033": -0.071502972, "t_034": -0.055138472, "t_035": -0.039921474, "t_036": -0.02852202, "t_037": -0.02040834, "t_038": -0.016322112, "t_039": -0.018348433, "t_040": -0.024914385, "t_041": -0.039725559, "t_042": -0.060884379, "t_043": -0.079031706, "t_044": -0.097181832, "t_045": -0.11724633, "t_046": -0.13650477, "t_047": -0.15362494, "t_048": -0.16741736, "t_049": -0.17926462, "t_050": -0.19190114, "t_051": -0.20244696, "t_052": -0.20695301, "t_053": -0.21006246, "t_054": -0.21370928, "t_055": -0.21400875, "t_056": -0.21131911, "t_057": -0.20438932, "t_058": -0.19477549, "t_059": -0.18779532, "t_060": -0.18401416, "t_061": -0.18065282, "t_062": -0.1800119, "t_063": -0.18736431, "t_064": -0.20001762, "t_065": -0.21626737, "t_066": -0.23503043, "t_067": -0.25159644, "t_068": -0.2655204, "t_069": -0.2754225, "t_070": -0.2807346, "t_071": -0.28423308, "t_072": -0.28416031, "t_073": -0.27976062, "t_074": -0.27452969, "t_075": -0.26786858, "t_076": -0.26096398, "t_077": -0.2553832, "t_078": -0.25044894, "t_079": -0.24692247, "t_080": -0.24404252, "t_081": -0.24065599, "t_082": -0.23784041, "t_083": -0.23834419, "t_084": -0.24022777, "t_085": -0.23894593, "t_086": -0.23729185, "t_087": -0.23995909, "t_088": -0.24906354, "t_089": -0.26141458, "t_090": -0.27244739, "t_091": -0.28224874, "t_092": -0.28921212, "t_093": -0.29355584, "t_094": -0.2973314, "t_095": -0.29999304, "t_096": -0.30112095, "t_097": -0.30052481, "t_098": -0.3003149, "t_099": -0.3003121, "t_100": -0.29888192, "t_101": -0.29552898, "t_102": -0.29019729, "t_103": -0.284874, "t_104": -0.27920926, "t_105": -0.27237462, "t_106": -0.26498583, "t_107": -0.25805324, "t_108": -0.25103668, "t_109": -0.24393336, "t_110": -0.23602679, "t_111": -0.22634579, "t_112": -0.2164213, "t_113": -0.2069726, "t_114": -0.19733918, "t_115": -0.18778133, "t_116": -0.17920585, "t_117": -0.17144481, "t_118": -0.16365579, "t_119": -0.156712, "t_120": -0.15093251, "t_121": -0.14639568, "t_122": -0.1449627, "t_123": -0.1458807, "t_124": -0.14974583, "t_125": -0.15444219, "t_126": -0.15675958, "t_127": -0.16036722, "t_128": -0.16632024, "t_129": -0.17304572, "t_130": -0.17969004, "t_131": -0.18542475, "t_132": -0.19140855, "t_133": -0.19574387, "t_134": -0.19698653, "t_135": -0.19754349, "t_136": -0.19968736, "t_137": -0.20371481, "t_138": -0.20761912, "t_139": -0.20956987, "t_140": -0.20912207, "t_141": -0.20876102, "t_142": -0.20879741, "t_143": -0.20738122, "t_144": -0.20509461, "t_145": -0.20462162, "t_146": -0.20310748, "t_147": -0.20001202, "t_148": -0.19808086, "t_149": -0.19587821, "t_150": -0.19021067, "t_151": -0.18318852, "t_152": -0.17634829, "t_153": -0.16817303, "t_154": -0.15984944, "t_155": -0.15113402, "t_156": -0.14352413, "t_157": -0.13877179, "t_158": -0.13562875, "t_159": -0.1357575, "t_160": -0.14187004, "t_161": -0.14967306, "t_162": -0.1594772, "t_163": -0.17407007, "t_164": -0.1887693, "t_165": -0.20208872, "t_166": -0.21551169, "t_167": -0.22787953, "t_168": -0.2387892, "t_169": -0.24642988, "t_170": -0.25040136, "t_171": -0.25242768, "t_172": -0.25253403, "t_173": -0.25534681, "t_174": -0.26037343, "t_175": -0.26111791, "t_176": -0.26338492, "t_177": -0.26714649, "t_178": -0.26863545, "t_179": -0.27008802, "t_180": -0.27051063, "t_181": -0.26994808, "t_182": -0.27040708, "t_183": -0.26993128, "t_184": -0.26543923, "t_185": -0.25993962, "t_186": -0.25570786, "t_187": -0.24736468, "t_188": -0.23837498, "t_189": -0.23709033, "t_190": -0.23238837, "t_191": -0.22249467, "t_192": -0.21045709, "t_193": -0.18917512, "t_194": -0.16182259, "t_195": -0.13421816, "t_196": -0.10220285, "t_197": -0.066521134, "t_198": -0.030271261, "t_199": 0.0067874615, "t_200": 0.04159596, "t_201": 0.073812783, "t_202": 0.093547021, "t_203": 0.10311887, "t_204": 0.100516, "t_205": 0.084263449, "t_206": 0.072018761, "t_207": 0.051072649, "t_208": 0.019368003, "t_209": -0.0031874109, "t_210": -0.02520266, "t_211": -0.046327895, "t_212": -0.059778859, "t_213": -0.07056258, "t_214": -0.08236506, "t_215": -0.10817266, "t_216": -0.12253043, "t_217": -0.13084843, "t_218": -0.14977102, "t_219": -0.16102493, "t_220": -0.17566818, "t_221": -0.18983004, "t_222": -0.19067527, "t_223": -0.18229291, "t_224": -0.17455986, "t_225": -0.16537145, "t_226": -0.1509689, "t_227": -0.13997247, "t_228": -0.12842188, "t_229": -0.11566221, "t_230": -0.10581329, "t_231": -0.093238343, "t_232": -0.078687455, "t_233": -0.065743071, "t_234": -0.066162889, "t_235": -0.087268533, "t_236": -0.095267462, "t_237": -0.097719199, "t_238": -0.10493167, "t_239": -0.11832106, "t_240": -0.12272915, "t_241": -0.12874654, "t_242": -0.14348214, "t_243": -0.17920305, "t_244": -0.19553956, "t_245": -0.21275209, "t_246": -0.2175772, "t_247": -0.2194076, "t_248": -0.21678794, "t_249": -0.20394991, "t_250": -0.18906877, "t_251": -0.17266508, "t_252": -0.15129356, "t_253": -0.12427128, "t_254": -0.091522687, "t_255": -0.057181586, "t_256": -0.027385713, "t_257": 0.0073752065, "t_258": 0.04929542, "t_259": 0.095651708, "t_260": 0.13949469, "t_261": 0.19922357, "t_262": 0.2602399, "t_263": 0.32172083, "t_264": 0.38715924, "t_265": 0.44265636, "t_266": 0.49945492, "t_267": 0.53824889, "t_268": 0.57244445, "t_269": 0.62438992, "t_270": 0.68612833, "t_271": 0.74462575, "t_272": 0.80788111, "t_273": 0.87504077, "t_274": 0.93512231, "t_275": 1.0140984, "t_276": 1.0729065, "t_277": 1.1090864, "t_278": 1.1594674, "t_279": 1.2592833, "t_280": 1.3146712, "t_281": 1.3540641, "t_282": 1.3712291, "t_283": 1.354011, "t_284": 1.3407811, "t_285": 1.2926924, "t_286": 1.2366355, "t_287": 1.1908893, "t_288": 1.0790247, "t_289": 1.0803065, "t_290": 1.0572725, "t_291": 1.0241377, "t_292": 1.013673, "t_293": 0.98448449, "t_294": 0.97469434, "t_295": 0.98774228, "t_296": 0.98710135, "t_297": 0.97774781, "t_298": 0.98656119, "t_299": 1.0027158, "t_300": 1.0210058, "t_301": 1.0443953, "t_302": 1.0678043, "t_303": 1.0999204, "t_304": 1.1354762, "t_305": 1.1815778, "t_306": 1.2270021, "t_307": 1.2793142, "t_308": 1.3396224, "t_309": 1.4047893, "t_310": 1.4775746, "t_311": 1.5670489, "t_312": 1.6648805, "t_313": 1.7827794, "t_314": 1.8905662, "t_315": 2.0136204, "t_316": 2.1314549, "t_317": 2.2561296, "t_318": 2.420659, "t_319": 2.5609397, "t_320": 2.6524572, "t_321": 2.7688475, "t_322": 2.9146783, "t_323": 3.0212309, "t_324": 3.1249259, "t_325": 3.2231744, "t_326": 3.2585483, "t_327": 3.1978202, "t_328": 3.2889935, "t_329": 3.3674267, "t_330": 3.313536, "t_331": 3.2951676, "t_332": 3.2144506, "t_333": 3.0442649, "t_334": 2.9931171, "t_335": 2.9402228, "t_336": 2.664604, "t_337": 2.6210381, "t_338": 2.5975451, "t_339": 2.4669873, "t_340": 2.3213805, "t_341": 2.1557008, "t_342": 1.9858369, "t_343": 1.8827016, "t_344": 1.7329386, "t_345": 1.5745441, "t_346": 1.4437093, "t_347": 1.3470336, "t_348": 1.1840295, "t_349": 1.0881907, "t_350": 0.9639414, "t_351": 0.84158129, "t_352": 0.71296589, "t_353": 0.55388011, "t_354": 0.49011537, "t_355": 0.37632234, "t_356": 0.26146857, "t_357": 0.1758845, "t_358": 0.080026087, "t_359": -0.046882054, "t_360": -0.098533645, "t_361": -0.2226542, "t_362": -0.28016085, "t_363": -0.33838679, "t_364": -0.4176512, "t_365": -0.46840158, "t_366": -0.52325498, "t_367": -0.56773608, "t_368": -0.61577724, "t_369": -0.65868822, "t_370": -0.70750464,