{"t_000": -0.19427544, "t_001": -0.18145486, "t_002": -0.18761032, "t_003": -0.20178591, "t_004": -0.18627364, "t_005": -0.20354984, "t_006": -0.20537787, "t_007": -0.19918273, "t_008": -0.19292045, "t_009": -0.19568842, "t_010": -0.18449139, "t_011": -0.19033253, "t_012": -0.17709384, "t_013": -0.1747226, "t_014": -0.15707713, "t_015": -0.15859387, "t_016": -0.14727782, "t_017": -0.13070658, "t_018": -0.11876796, "t_019": -0.13315106, "t_020": -0.13531173, "t_021": -0.12526218, "t_022": -0.1402709, "t_023": -0.13487533, "t_024": -0.13919056, "t_025": -0.1459686, "t_026": -0.14897767, "t_027": -0.15281377, "t_028": -0.13284283, "t_029": -0.13513168, "t_030": -0.1222409, "t_031": -0.10852919, "t_032": -0.10406441, "t_033": -0.082122017, "t_034": -0.060698423, "t_035": -0.051219552, "t_036": -0.023066753, "t_037": -0.03646718, "t_038": -0.0234879, "t_039": -0.033195657, "t_040": -0.049574635, "t_041": -0.045799566, "t_042": -0.06736049, "t_043": -0.10069829, "t_044": -0.1154293, "t_045": -0.13412458, "t_046": -0.14708555, "t_047": -0.15665903, "t_048": -0.18488202, "t_049": -0.18840074, "t_050": -0.20829538, "t_051": -0.20189272, "t_052": -0.21925743, "t_053": -0.21446001, "t_054": -0.18752793, "t_055": -0.21084668, "t_056": -0.21736226, "t_057": -0.19673214, "t_058": -0.19239554, "t_059": -0.18809861, "t_060": -0.18940478, "t_061": -0.18925829, "t_062": -0.1831486, "t_063": -0.19222464, "t_064": -0.20009521, "t_065": -0.20767282, "t_066": -0.22896824, "t_067": -0.23826705, "t_068": -0.26009348, "t_069": -0.269728, "t_070": -0.25798469, "t_071": -0.26979514, "t_072": -0.26059703, "t_073": -0.26485428, "t_074": -0.25274781, "t_075": -0.25626653, "t_076": -0.25699286, "t_077": -0.24400748, "t_078": -0.2394481, "t_079": -0.23124487, "t_080": -0.22566009, "t_081": -0.21509478, "t_082": -0.24223133, "t_083": -0.2259317, "t_084": -0.23583782, "t_085": -0.23542583, "t_086": -0.22529693, "t_087": -0.23116248, "t_088": -0.22396635, "t_089": -0.23864547, "t_090": -0.25353823, "t_091": -0.26163464, "t_092": -0.28382118, "t_093": -0.28601237, "t_094": -0.27684783, "t_095": -0.27638091, "t_096": -0.28847822, "t_097": -0.28439797, "t_098": -0.28911604, "t_099": -0.28627787, "t_100": -0.28503274, "t_101": -0.28782819, "t_102": -0.27971957, "t_103": -0.27739105, "t_104": -0.26443313, "t_105": -0.27111046, "t_106": -0.27291712, "t_107": -0.2552686, "t_108": -0.26002329, "t_109": -0.25649237, "t_110": -0.26389602, "t_111": -0.23401285, "t_112": -0.22718904, "t_113": -0.22011803, "t_114": -0.20850291, "t_115": -0.20864634, "t_116": -0.20592719, "t_117": -0.19591426, "t_118": -0.19131215, "t_119": -0.18300212, "t_120": -0.17094143, "t_121": -0.1671511, "t_122": -0.16572591, "t_123": -0.16167313, "t_124": -0.17644686, "t_125": -0.17408783, "t_126": -0.18085365, "t_127": -0.17970313, "t_128": -0.17176541, "t_129": -0.19387871, "t_130": -0.20016846, "t_131": -0.20573493, "t_132": -0.19604548, "t_133": -0.20713875, "t_134": -0.20853953, "t_135": -0.21166456, "t_136": -0.21037976, "t_137": -0.2281351, "t_138": -0.21247024, "t_139": -0.22217494, "t_140": -0.22426237, "t_141": -0.20707161, "t_142": -0.22330105, "t_143": -0.22751558, "t_144": -0.2127449, "t_145": -0.21304398, "t_146": -0.20247561, "t_147": -0.21380998, "t_148": -0.22032861, "t_149": -0.20130372, "t_150": -0.19849302, "t_151": -0.19628047, "t_152": -0.1903722, "t_153": -0.19233755, "t_154": -0.17594332, "t_155": -0.16335162, "t_156": -0.15494392, "t_157": -0.15188297, "t_158": -0.15340887, "t_159": -0.14545895, "t_160": -0.15643625, "t_161": -0.16844201, "t_162": -0.18141213, "t_163": -0.19546869, "t_164": -0.18991748, "t_165": -0.21901939, "t_166": -0.2225259, "t_167": -0.22708528, "t_168": -0.23962815, "t_169": -0.24865231, "t_170": -0.25482914, "t_171": -0.25385562, "t_172": -0.24736445, "t_173": -0.25301027, "t_174": -0.25133483, "t_175": -0.27426296, "t_176": -0.26114635, "t_177": -0.27266992, "t_178": -0.27163842, "t_179": -0.26975241, "t_180": -0.26717975, "t_181": -0.26501908, "t_182": -0.28161168, "t_183": -0.2727157, "t_184": -0.27704315, "t_185": -0.26379531, "t_186": -0.24362905, "t_187": -0.25174377, "t_188": -0.25400515, "t_189": -0.24720881, "t_190": -0.25363589, "t_191": -0.23446147, "t_192": -0.21451494, "t_193": -0.223887, "t_194": -0.18905688, "t_195": -0.15049746, "t_196": -0.1302305, "t_197": -0.097646492, "t_198": -0.065578242, "t_199": -0.020722975, "t_200": 0.0067340149, "t_201": 0.029903234, "t_202": 0.054268757, "t_203": 0.060836217, "t_204": 0.060488313, "t_205": 0.027034548, "t_206": 0.023836268, "t_207": 0.0062243653, "t_208": -0.015943866, "t_209": -0.027189726, "t_210": -0.048054841, "t_211": -0.078642972, "t_212": -0.081175961, "t_213": -0.087618297, "t_214": -0.10206854, "t_215": -0.12901283, "t_216": -0.13506149, "t_217": -0.13575424, "t_218": -0.16027846, "t_219": -0.17235746, "t_220": -0.17324858, "t_221": -0.20040039, "t_222": -0.20421514, "t_223": -0.19036609, "t_224": -0.17273283, "t_225": -0.16223771, "t_226": -0.14995424, "t_227": -0.15213322, "t_228": -0.13414595, "t_229": -0.14080801, "t_230": -0.12074247, "t_231": -0.10819349, "t_232": -0.097139894, "t_233": -0.092134952, "t_234": -0.089705725, "t_235": -0.10690258, "t_236": -0.10626171, "t_237": -0.11052201, "t_238": -0.11268573, "t_239": -0.13001382, "t_240": -0.14304193, "t_241": -0.14979555, "t_242": -0.15629892, "t_243": -0.17316618, "t_244": -0.19576167, "t_245": -0.2123268, "t_246": -0.21066968, "t_247": -0.21297073, "t_248": -0.21354142, "t_249": -0.19820921, "t_250": -0.18760117, "t_251": -0.17156094, "t_252": -0.14661863, "t_253": -0.13786608, "t_254": -0.10913039, "t_255": -0.075285998, "t_256": -0.047862578, "t_257": -0.017097444, "t_258": 0.026567624, "t_259": 0.060509675, "t_260": 0.10602718, "t_261": 0.14462017, "t_262": 0.21103941, "t_263": 0.26258421, "t_264": 0.31986333, "t_265": 0.37265936, "t_266": 0.42403021, "t_267": 0.45066932, "t_268": 0.49512785, "t_269": 0.53436172, "t_270": 0.60240146, "t_271": 0.63264779, "t_272": 0.7024118, "t_273": 0.76052101, "t_274": 0.80164393, "t_275": 0.87743523, "t_276": 0.94065925, "t_277": 0.98710755, "t_278": 1.0436176, "t_279": 1.0953974, "t_280": 1.1599306, "t_281": 1.1963721, "t_282": 1.2091256, "t_283": 1.2189371, "t_284": 1.2076637, "t_285": 1.1544893, "t_286": 1.1387695, "t_287": 1.0765678, "t_288": 0.99748365, "t_289": 1.0135117, "t_290": 0.98106805, "t_291": 0.98343319, "t_292": 0.98867312, "t_293": 0.95149312, "t_294": 0.94243234, "t_295": 0.96829629, "t_296": 0.97863882, "t_297": 0.96647132, "t_298": 0.97807119, "t_299": 1.0076797, "t_300": 1.0258043, "t_301": 1.0598471, "t_302": 1.1141904, "t_303": 1.1184232, "t_304": 1.163309, "t_305": 1.2263743, "t_306": 1.2566359, "t_307": 1.3194723, "t_308": 1.3834898, "t_309": 1.4472357, "t_310": 1.5397508, "t_311": 1.6067987, "t_312": 1.721067, "t_313": 1.8411673, "t_314": 1.9323366, "t_315": 2.0723041, "t_316": 2.1780091, "t_317": 2.2818952, "t_318": 2.4441286, "t_319": 2.584096, "t_320": 2.7261296, "t_321": 2.8329149, "t_322": 2.971799, "t_323": 3.1463311, "t_324": 3.1792172, "t_325": 3.2613746, "t_326": 3.2923075, "t_327": 3.189694, "t_328": 3.2633308, "t_329": 3.3127851, "t_330": 3.3406602, "t_331": 3.3407151, "t_332": 3.1500421, "t_333": 3.0479748, "t_334": 3.0406658, "t_335": 2.9730045, "t_336": 2.7431739, "t_337": 2.601473, "t_338": 2.6208457, "t_339": 2.5354108, "t_340": 2.3700707, "t_341": 2.2288306, "t_342": 2.0538041, "t_343": 1.9583898, "t_344": 1.8013201, "t_345": 1.6270474, "t_346": 1.5095258, "t_347": 1.434821, "t_348": 1.2753129, "t_349": 1.156061, "t_350": 1.0435322, "t_351": 0.91927533, "t_352": 0.79855551, "t_353": 0.60946636, "t_354": 0.54970308, "t_355": 0.4422189, "t_356": 0.31290524, "t_357": 0.23908234, "t_358": 0.13842197, "t_359": 0.01557201, "t_360": -0.038081579, "t_361": -0.16610433, "t_362": -0.21966332, "t_363": -0.28299414, "t_364": -0.35972235, "t_365": -0.40058281, "t_366": -0.47186357, "t_367": -0.51821726, "t_368": -0.58012901, "t_369": -0.62461501, "t_370": -0.68432641,