{"sample_dict": {"t_000": -0.1800139, "t_001": -0.18496159, "t_002": -0.18827123, "t_003": -0.19452752, "t_004": -0.19442685, "t_005": -0.19792867, "t_006": -0.19868821, "t_007": -0.1956653, "t_008": -0.19924947, "t_009": -0.19508878, "t_010": -0.19024481, "t_011": -0.18739577, "t_012": -0.17843687, "t_013": -0.17370881, "t_014": -0.16287393, "t_015": -0.15312498, "t_016": -0.14929373, "t_017": -0.13564642, "t_018": -0.1300124, "t_019": -0.12737384, "t_020": -0.11968999, "t_021": -0.12431738, "t_022": -0.12895393, "t_023": -0.13407243, "t_024": -0.14247312, "t_025": -0.1401762, "t_026": -0.14223825, "t_027": -0.14171663, "t_028": -0.13169925, "t_029": -0.12682478, "t_030": -0.11503209, "t_031": -0.10346512, "t_032": -0.093035942, "t_033": -0.072363653, "t_034": -0.058838357, "t_035": -0.043470644, "t_036": -0.026498442, "t_037": -0.023405377, "t_038": -0.016892859, "t_039": -0.01927214, "t_040": -0.033904716, "t_041": -0.043925148, "t_042": -0.06318512, "t_043": -0.083091769, "t_044": -0.099847395, "t_045": -0.12193505, "t_046": -0.13554576, "t_047": -0.15234409, "t_048": -0.17121666, "t_049": -0.17992544, "t_050": -0.1892748, "t_051": -0.19340498, "t_052": -0.19821235, "t_053": -0.20454795, "t_054": -0.1999419, "t_055": -0.20129931, "t_056": -0.19867295, "t_057": -0.18944562, "t_058": -0.18816141, "t_059": -0.18070328, "t_060": -0.17714961, "t_061": -0.17765292, "t_062": -0.17456291, "t_063": -0.18274397, "t_064": -0.1939998, "t_065": -0.20676556, "t_066": -0.22557713, "t_067": -0.23805615, "t_068": -0.25322864, "t_069": -0.26554294, "t_070": -0.26672953, "t_071": -0.27163146, "t_072": -0.27087802, "t_073": -0.26725419, "t_074": -0.2660249, "t_075": -0.25484228, "t_076": -0.24742991, "t_077": -0.24165557, "t_078": -0.23339825, "t_079": -0.23315117, "t_080": -0.23176326, "t_081": -0.22937788, "t_082": -0.22822484, "t_083": -0.22504332, "t_084": -0.22620245, "t_085": -0.22626651, "t_086": -0.22432343, "t_087": -0.22902709, "t_088": -0.23341045, "t_089": -0.24175014, "t_090": -0.25378686, "t_091": -0.26078133, "t_092": -0.27118001, "t_093": -0.27727158, "t_094": -0.27952579, "t_095": -0.28526962, "t_096": -0.28373224, "t_097": -0.2838329, "t_098": -0.28573327, "t_099": -0.28334179, "t_100": -0.28440942, "t_101": -0.28146582, "t_102": -0.27825379, "t_103": -0.27700925, "t_104": -0.2693803, "t_105": -0.26773615, "t_106": -0.26485051, "t_107": -0.25694398, "t_108": -0.25655963, "t_109": -0.2499556, "t_110": -0.24091129, "t_111": -0.2363632, "t_112": -0.22788625, "t_113": -0.2240611, "t_114": -0.21846979, "t_115": -0.20885811, "t_116": -0.20482858, "t_117": -0.19689154, "t_118": -0.19073592, "t_119": -0.18495854, "t_120": -0.17520654, "t_121": -0.17438599, "t_122": -0.1727754, "t_123": -0.16936205, "t_124": -0.17250697, "t_125": -0.17294317, "t_126": -0.17727773, "t_127": -0.18320458, "t_128": -0.18401597, "t_129": -0.19162357, "t_130": -0.19551888, "t_131": -0.19850213, "t_132": -0.2066649, "t_133": -0.20680521, "t_134": -0.2088154, "t_135": -0.21149667, "t_136": -0.21128924, "t_137": -0.21668228, "t_138": -0.21850334, "t_139": -0.22014749, "t_140": -0.22340527, "t_141": -0.22015969, "t_142": -0.22031221, "t_143": -0.22015359, "t_144": -0.2181739, "t_145": -0.21934829, "t_146": -0.21459888, "t_147": -0.21157293, "t_148": -0.21110927, "t_149": -0.2058657, "t_150": -0.20341931, "t_151": -0.19774259, "t_152": -0.18876233, "t_153": -0.18270127, "t_154": -0.17150645, "t_155": -0.16383174, "t_156": -0.15855767, "t_157": -0.14960487, "t_158": -0.14805528, "t_159": -0.14797292, "t_160": -0.15261252, "t_161": -0.16481091, "t_162": -0.1727632, "t_163": -0.18615123, "t_164": -0.20066179, "t_165": -0.21044734, "t_166": -0.22427462, "t_167": -0.23408153, "t_168": -0.24277811, "t_169": -0.25216101, "t_170": -0.25312493, "t_171": -0.25491854, "t_172": -0.25616309, "t_173": -0.25499785, "t_174": -0.26129684, "t_175": -0.26176355, "t_176": -0.26238582, "t_177": -0.26685155, "t_178": -0.26724809, "t_179": -0.27181448, "t_180": -0.27312004, "t_181": -0.27135388, "t_182": -0.27235745, "t_183": -0.26879158, "t_184": -0.26639094, "t_185": -0.26392625, "t_186": -0.25818242, "t_187": -0.25255451, "t_188": -0.24363831, "t_189": -0.24306789, "t_190": -0.24322651, "t_191": -0.23367278, "t_192": -0.22472303, "t_193": -0.20661609, "t_194": -0.18059652, "t_195": -0.15909453, "t_196": -0.12847807, "t_197": -0.095354215, "t_198": -0.065485091, "t_199": -0.028395766, "t_200": 0.0018790557, "t_201": 0.03158346, "t_202": 0.052396065, "t_203": 0.058078886, "t_204": 0.060098224, "t_205": 0.043156525, "t_206": 0.028118251, "t_207": 0.013247747, "t_208": -0.017527334, "t_209": -0.035591565, "t_210": -0.051563249, "t_211": -0.072744948, "t_212": -0.07928797, "t_213": -0.085678474, "t_214": -0.094902762, "t_215": -0.11555065, "t_216": -0.13186702, "t_217": -0.1384375, "t_218": -0.15517177, "t_219": -0.16589989, "t_220": -0.17562749, "t_221": -0.19257223, "t_222": -0.19598254, "t_223": -0.18497989, "t_224": -0.18196918, "t_225": -0.17054254, "t_226": -0.15813062, "t_227": -0.15113005, "t_228": -0.1384314, "t_229": -0.129564, "t_230": -0.12077286, "t_231": -0.10832435, "t_232": -0.10004262, "t_233": -0.084345466, "t_234": -0.080181725, "t_235": -0.10682967, "t_236": -0.10841586, "t_237": -0.11082259, "t_238": -0.11447997, "t_239": -0.12574495, "t_240": -0.13448423, "t_241": -0.13392602, "t_242": -0.1448341, "t_243": -0.17859854, "t_244": -0.18956763, "t_245": -0.20929431, "t_246": -0.21182001, "t_247": -0.2126009, "t_248": -0.21389425, "t_249": -0.20019508, "t_250": -0.18833833, "t_251": -0.17099399, "t_252": -0.15163641, "t_253": -0.13444458, "t_254": -0.1041484, "t_255": -0.075770905, "t_256": -0.052298386, "t_257": -0.016319391, "t_258": 0.017121704, "t_259": 0.058240555, "t_260": 0.1082024, "t_261": 0.1421346, "t_262": 0.20339193, "t_263": 0.25992425, "t_264": 0.31265277, "t_265": 0.36654653, "t_266": 0.40283056, "t_267": 0.44199718, "t_268": 0.48176472, "t_269": 0.5154956, "t_270": 0.57571275, "t_271": 0.62677273, "t_272": 0.68260346, "t_273": 0.75146534, "t_274": 0.79673573, "t_275": 0.86748882, "t_276": 0.92692204, "t_277": 0.95549171, "t_278": 1.0122406, "t_279": 1.0789977, "t_280": 1.1287186, "t_281": 1.1795406, "t_282": 1.1936608, "t_283": 1.1991087, "t_284": 1.1889663, "t_285": 1.1422561, "t_286": 1.1275839, "t_287": 1.0787415, "t_288": 0.99009194, "t_289": 1.004816, "t_290": 0.97976952, "t_291": 0.96929153, "t_292": 0.96811715, "t_293": 0.94574276, "t_294": 0.9498882, "t_295": 0.96141551, "t_296": 0.96550604, "t_297": 0.96702207, "t_298": 0.98106897, "t_299": 1.0131252, "t_300": 1.0329708, "t_301": 1.0612111, "t_302": 1.1013691, "t_303": 1.1299174, "t_304": 1.1756758, "t_305": 1.2258756, "t_306": 1.2663264, "t_307": 1.331595, "t_308": 1.3855711, "t_309": 1.4603751, "t_310": 1.5488874, "t_311": 1.6291484, "t_312": 1.7362679, "t_313": 1.8468282, "t_314": 1.9506991, "t_315": 2.0899083, "t_316": 2.1855951, "t_317": 2.3002947, "t_318": 2.4783015, "t_319": 2.606502, "t_320": 2.7420143, "t_321": 2.8528552, "t_322": 2.9694888, "t_323": 3.1240169, "t_324": 3.1541148, "t_325": 3.2379479, "t_326": 3.2715964, "t_327": 3.17702, "t_328": 3.3215735, "t_329": 3.3493531, "t_330": 3.3319051, "t_331": 3.3335675, "t_332": 3.1864059, "t_333": 3.0878641, "t_334": 3.0305814, "t_335": 2.927043, "t_336": 2.6994953, "t_337": 2.5973754, "t_338": 2.6139815, "t_339": 2.5205398, "t_340": 2.3444822, "t_341": 2.2120936, "t_342": 2.0562507, "t_343": 1.9446472, "t_344": 1.816346, "t_345": 1.6277666, "t_346": 1.50707, "t_347": 1.423606, "t_348": 1.2502937, "t_349": 1.1620194, "t_350": 1.0309302, "t_351": 0.90645107, "t_352": 0.78692272, "t_353": 0.60603333, "t_354": 0.55015684, "t_355": 0.44347355, "t_356": 0.32622687, "t_357": 0.24564856, "t_358": 0.14284839, "t_359": 0.01378461, "t_360": -0.030744543, "t_361": -0.16630559, "t_362": -0.21924458, "t_363": -0.27796401, "t_364": -0.3631148, "t_365": -0.41189006, "t_366": -0.47165576, "t_367": -0.51890278, "t_368": -0.56987735, "t_369": -0.62273398, "t_370": -0.67318693,