{"t_000": -0.2281447, "t_001": -0.23508644, "t_002": -0.24111866, "t_003": -0.24402915, "t_004": -0.24605944, "t_005": -0.24936015, "t_006": -0.25130536, "t_007": -0.25112345, "t_008": -0.2521298, "t_009": -0.24996748, "t_010": -0.2466433, "t_011": -0.24421692, "t_012": -0.23683802, "t_013": -0.22896914, "t_014": -0.2207746, "t_015": -0.20998057, "t_016": -0.2002457, "t_017": -0.18926976, "t_018": -0.17809139, "t_019": -0.16681912, "t_020": -0.15868326, "t_021": -0.15640944, "t_022": -0.15592827, "t_023": -0.15891797, "t_024": -0.16092187, "t_025": -0.15756835, "t_026": -0.15381876, "t_027": -0.14701491, "t_028": -0.13657589, "t_029": -0.12596376, "t_030": -0.11315997, "t_031": -0.098513659, "t_032": -0.080584245, "t_033": -0.063094925, "t_034": -0.047571356, "t_035": -0.031898156, "t_036": -0.017577509, "t_037": -0.010057776, "t_038": -0.0086524107, "t_039": -0.010474398, "t_040": -0.019959883, "t_041": -0.032244362, "t_042": -0.048794816, "t_043": -0.067308088, "t_044": -0.086193972, "t_045": -0.10688131, "t_046": -0.12215842, "t_047": -0.13677246, "t_048": -0.15212586, "t_049": -0.16460985, "t_050": -0.17505181, "t_051": -0.18477494, "t_052": -0.19264968, "t_053": -0.19756993, "t_054": -0.20001392, "t_055": -0.20063592, "t_056": -0.19827408, "t_057": -0.1925734, "t_058": -0.18758567, "t_059": -0.18294709, "t_060": -0.17992511, "t_061": -0.18105175, "t_062": -0.18367764, "t_063": -0.18982135, "t_064": -0.20094691, "t_065": -0.21488028, "t_066": -0.22751097, "t_067": -0.23682335, "t_068": -0.24317243, "t_069": -0.24690149, "t_070": -0.24721249, "t_071": -0.24558708, "t_072": -0.24090155, "t_073": -0.23439696, "t_074": -0.22697699, "t_075": -0.21733894, "t_076": -0.20858987, "t_077": -0.19980267, "t_078": -0.19170202, "t_079": -0.18690793, "t_080": -0.18268596, "t_081": -0.17854028, "t_082": -0.17717893, "t_083": -0.17597894, "t_084": -0.17658333, "t_085": -0.17884835, "t_086": -0.18110163, "t_087": -0.18544095, "t_088": -0.19424869, "t_089": -0.20583195, "t_090": -0.21677268, "t_091": -0.22854959, "t_092": -0.24143846, "t_093": -0.25227063, "t_094": -0.25923291, "t_095": -0.26179426, "t_096": -0.26371013, "t_097": -0.26667636, "t_098": -0.2671458, "t_099": -0.26707538, "t_100": -0.26703137, "t_101": -0.26531794, "t_102": -0.26248961, "t_103": -0.25802999, "t_104": -0.25447403, "t_105": -0.25031075, "t_106": -0.24440469, "t_107": -0.23929961, "t_108": -0.23367521, "t_109": -0.22680975, "t_110": -0.21761179, "t_111": -0.20693219, "t_112": -0.19814499, "t_113": -0.19046975, "t_114": -0.18230748, "t_115": -0.17336185, "t_116": -0.16566608, "t_117": -0.15892971, "t_118": -0.15250728, "t_119": -0.14721148, "t_120": -0.1431949, "t_121": -0.13854457, "t_122": -0.13510891, "t_123": -0.13673432, "t_124": -0.14119394, "t_125": -0.14584133, "t_126": -0.15014251, "t_127": -0.15635076, "t_128": -0.16391744, "t_129": -0.17178925, "t_130": -0.17946154, "t_131": -0.18456663, "t_132": -0.18943993, "t_133": -0.19282865, "t_134": -0.19365603, "t_135": -0.19548682, "t_136": -0.19958849, "t_137": -0.20348772, "t_138": -0.20594051, "t_139": -0.20886273, "t_140": -0.20967837, "t_141": -0.20821433, "t_142": -0.20718157, "t_143": -0.20656251, "t_144": -0.20567939, "t_145": -0.20437965, "t_146": -0.20220265, "t_147": -0.20093225, "t_148": -0.19970292, "t_149": -0.19548095, "t_150": -0.19037, "t_151": -0.18329329, "t_152": -0.17504594, "t_153": -0.16755848, "t_154": -0.15895025, "t_155": -0.1508936, "t_156": -0.14489072, "t_157": -0.14112646, "t_158": -0.13992647, "t_159": -0.14202131, "t_160": -0.14838507, "t_161": -0.15759476, "t_162": -0.16647878, "t_163": -0.18023024, "t_164": -0.19565406, "t_165": -0.20939671, "t_166": -0.2258122, "t_167": -0.23952552, "t_168": -0.2491577, "t_169": -0.2555684, "t_170": -0.25897179, "t_171": -0.26038596, "t_172": -0.26097275, "t_173": -0.26290623, "t_174": -0.26692868, "t_175": -0.26834872, "t_176": -0.26982157, "t_177": -0.27346554, "t_178": -0.27414329, "t_179": -0.27427825, "t_180": -0.27426064, "t_181": -0.2740494, "t_182": -0.27416969, "t_183": -0.27291396, "t_184": -0.26761816, "t_185": -0.26292677, "t_186": -0.26192042, "t_187": -0.25366426, "t_188": -0.2442932, "t_189": -0.24166144, "t_190": -0.23593729, "t_191": -0.22598824, "t_192": -0.21075513, "t_193": -0.18891769, "t_194": -0.16396145, "t_195": -0.13670498, "t_196": -0.10409991, "t_197": -0.067927153, "t_198": -0.033127484, "t_199": 0.0030658152, "t_200": 0.04093147, "t_201": 0.075170753, "t_202": 0.094267882, "t_203": 0.1053289, "t_204": 0.10447219, "t_205": 0.087396554, "t_206": 0.073081775, "t_207": 0.049748012, "t_208": 0.016961038, "t_209": -0.0050143035, "t_210": -0.02565176, "t_211": -0.047653507, "t_212": -0.063552622, "t_213": -0.074719264, "t_214": -0.084870757, "t_215": -0.1124881, "t_216": -0.12844883, "t_217": -0.13848296, "t_218": -0.15945195, "t_219": -0.16996139, "t_220": -0.18256274, "t_221": -0.19633767, "t_222": -0.19761394, "t_223": -0.18851867, "t_224": -0.17960237, "t_225": -0.16631742, "t_226": -0.15023933, "t_227": -0.13843602, "t_228": -0.12715789, "t_229": -0.11580054, "t_230": -0.10545247, "t_231": -0.091196369, "t_232": -0.075511433, "t_233": -0.061299343, "t_234": -0.059233837, "t_235": -0.080786688, "t_236": -0.086308396, "t_237": -0.085877104, "t_238": -0.090324984, "t_239": -0.1015151, "t_240": -0.1089028, "t_241": -0.11964402, "t_242": -0.14109125, "t_243": -0.19108295, "t_244": -0.21427588, "t_245": -0.2340977, "t_246": -0.24045559, "t_247": -0.24244774, "t_248": -0.2416057, "t_249": -0.22960581, "t_250": -0.21287052, "t_251": -0.19568633, "t_252": -0.17508408, "t_253": -0.14854937, "t_254": -0.11710615, "t_255": -0.082638015, "t_256": -0.05017671, "t_257": -0.015611758, "t_258": 0.025959485, "t_259": 0.070983996, "t_260": 0.11419532, "t_261": 0.1770847, "t_262": 0.23890025, "t_263": 0.30214757, "t_264": 0.3668648, "t_265": 0.4231029, "t_266": 0.478141, "t_267": 0.51416707, "t_268": 0.5517716, "t_269": 0.60618478, "t_270": 0.66486979, "t_271": 0.72730147, "t_272": 0.79648125, "t_273": 0.86299994, "t_274": 0.92139156, "t_275": 0.99905635, "t_276": 1.0567379, "t_277": 1.1005859, "t_278": 1.1591829, "t_279": 1.2410374, "t_280": 1.2905802, "t_281": 1.3379724, "t_282": 1.3548926, "t_283": 1.338037, "t_284": 1.3236782, "t_285": 1.2753647, "t_286": 1.2334883, "t_287": 1.1897959, "t_288": 1.0662704, "t_289": 1.0651848, "t_290": 1.0433532, "t_291": 1.0067932, "t_292": 0.99519819, "t_293": 0.96472318, "t_294": 0.94660012, "t_295": 0.95675161, "t_296": 0.95101866, "t_297": 0.93917427, "t_298": 0.9511859, "t_299": 0.96998083, "t_300": 0.98871415, "t_301": 1.0127022, "t_302": 1.039498, "t_303": 1.0742449, "t_304": 1.1102856, "t_305": 1.1550021, "t_306": 1.2035033, "t_307": 1.2609737, "t_308": 1.3222288, "t_309": 1.3913177, "t_310": 1.4681257, "t_311": 1.5538677, "t_312": 1.6455363, "t_313": 1.7519949, "t_314": 1.8654276, "t_315": 2.0055739, "t_316": 2.1308011, "t_317": 2.2367786, "t_318": 2.3947722, "t_319": 2.5557408, "t_320": 2.6691001, "t_321": 2.7999282, "t_322": 2.936636, "t_323": 3.0357304, "t_324": 3.1119341, "t_325": 3.1909103, "t_326": 3.2208924, "t_327": 3.1855089, "t_328": 3.2905857, "t_329": 3.3777183, "t_330": 3.3423524, "t_331": 3.3205296, "t_332": 3.2201384, "t_333": 3.0525654, "t_334": 3.0224748, "t_335": 2.9810414, "t_336": 2.7050998, "t_337": 2.6114743, "t_338": 2.5867762, "t_339": 2.4673319, "t_340": 2.3166996, "t_341": 2.1449956, "t_342": 1.9738696, "t_343": 1.8771311, "t_344": 1.7417055, "t_345": 1.5702538, "t_346": 1.4350688, "t_347": 1.3462902, "t_348": 1.1820883, "t_349": 1.08126, "t_350": 0.96052175, "t_351": 0.84221872, "t_352": 0.70962438, "t_353": 0.53760059, "t_354": 0.47332931, "t_355": 0.36631909, "t_356": 0.25620473, "t_357": 0.16982315, "t_358": 0.072339484, "t_359": -0.056029955, "t_360": -0.10973605, "t_361": -0.23232852, "t_362": -0.28727274, "t_363": -0.34340522, "t_364": -0.42088223, "t_365": -0.47152527, "t_366": -0.52486168, "t_367": -0.56720749, "t_368": -0.61330876, "t_369": -0.65742668, "t_370": -0.7084482,