{"t_000": -0.22463999, "t_001": -0.22887947, "t_002": -0.23571245, "t_003": -0.24111986, "t_004": -0.24210172, "t_005": -0.24357023, "t_006": -0.24601201, "t_007": -0.24634979, "t_008": -0.24515896, "t_009": -0.24178398, "t_010": -0.23860652, "t_011": -0.23612466, "t_012": -0.23021629, "t_013": -0.22320297, "t_014": -0.21500168, "t_015": -0.20643398, "t_016": -0.19576515, "t_017": -0.18311827, "t_018": -0.17259829, "t_019": -0.16559356, "t_020": -0.16247049, "t_021": -0.16083882, "t_022": -0.16103633, "t_023": -0.16304873, "t_024": -0.16317182, "t_025": -0.16002298, "t_026": -0.15408885, "t_027": -0.14641428, "t_028": -0.13861089, "t_029": -0.128589, "t_030": -0.11374366, "t_031": -0.097575809, "t_032": -0.082853563, "t_033": -0.0684462, "t_034": -0.051554118, "t_035": -0.035248865, "t_036": -0.023205993, "t_037": -0.015937904, "t_038": -0.013633527, "t_039": -0.016541908, "t_040": -0.025733651, "t_041": -0.040043686, "t_042": -0.05919148, "t_043": -0.078207596, "t_044": -0.097555771, "t_045": -0.118361, "t_046": -0.13817005, "t_047": -0.15467282, "t_048": -0.17030537, "t_049": -0.18490452, "t_050": -0.19469741, "t_051": -0.20383476, "t_052": -0.21056755, "t_053": -0.21281467, "t_054": -0.21494443, "t_055": -0.21562, "t_056": -0.21326982, "t_057": -0.20801699, "t_058": -0.20128993, "t_059": -0.19433386, "t_060": -0.18796176, "t_061": -0.1845925, "t_062": -0.18530528, "t_063": -0.19102758, "t_064": -0.20302465, "t_065": -0.22035757, "t_066": -0.23755595, "t_067": -0.25385548, "t_068": -0.26738975, "t_069": -0.27654142, "t_070": -0.28269597, "t_071": -0.28312821, "t_072": -0.28058338, "t_073": -0.27855667, "t_074": -0.27308342, "t_075": -0.26692601, "t_076": -0.26071708, "t_077": -0.25443658, "t_078": -0.25080683, "t_079": -0.24856829, "t_080": -0.24462366, "t_081": -0.24080211, "t_082": -0.23908743, "t_083": -0.2392964, "t_084": -0.2398317, "t_085": -0.23931357, "t_086": -0.24032406, "t_087": -0.24343569, "t_088": -0.25114175, "t_089": -0.26140124, "t_090": -0.2723277, "t_091": -0.28243833, "t_092": -0.29039917, "t_093": -0.29619303, "t_094": -0.29922736, "t_095": -0.3013743, "t_096": -0.30288288, "t_097": -0.30209853, "t_098": -0.30037812, "t_099": -0.30027793, "t_100": -0.29870065, "t_101": -0.29477891, "t_102": -0.29096596, "t_103": -0.28559003, "t_104": -0.27854236, "t_105": -0.27253953, "t_106": -0.26709204, "t_107": -0.26084876, "t_108": -0.25260167, "t_109": -0.24404255, "t_110": -0.23576684, "t_111": -0.22552453, "t_112": -0.21644442, "t_113": -0.20717253, "t_114": -0.19797506, "t_115": -0.18951328, "t_116": -0.18088546, "t_117": -0.17332539, "t_118": -0.16557639, "t_119": -0.15910696, "t_120": -0.15397721, "t_121": -0.14923678, "t_122": -0.14860415, "t_123": -0.15044765, "t_124": -0.15252016, "t_125": -0.15661079, "t_126": -0.15953348, "t_127": -0.16349529, "t_128": -0.17083208, "t_129": -0.1783349, "t_130": -0.18382247, "t_131": -0.18823657, "t_132": -0.1926707, "t_133": -0.19715923, "t_134": -0.19928612, "t_135": -0.20062295, "t_136": -0.20284431, "t_137": -0.20506281, "t_138": -0.20874695, "t_139": -0.21063625, "t_140": -0.21121163, "t_141": -0.21286334, "t_142": -0.21250551, "t_143": -0.20993206, "t_144": -0.20848073, "t_145": -0.2070752, "t_146": -0.20524315, "t_147": -0.2023863, "t_148": -0.20001036, "t_149": -0.19734243, "t_150": -0.19244456, "t_151": -0.18678524, "t_152": -0.17957154, "t_153": -0.17168513, "t_154": -0.16244472, "t_155": -0.15365088, "t_156": -0.14619672, "t_157": -0.14093816, "t_158": -0.13962424, "t_159": -0.14079504, "t_160": -0.14574444, "t_161": -0.15390851, "t_162": -0.16419949, "t_163": -0.17876429, "t_164": -0.19257624, "t_165": -0.20482521, "t_166": -0.2186572, "t_167": -0.23010465, "t_168": -0.24063895, "t_169": -0.24839367, "t_170": -0.25176293, "t_171": -0.25294804, "t_172": -0.2534633, "t_173": -0.2577171, "t_174": -0.26314741, "t_175": -0.26445561, "t_176": -0.26547755, "t_177": -0.26763307, "t_178": -0.27036397, "t_179": -0.27248514, "t_180": -0.2723735, "t_181": -0.27275709, "t_182": -0.27253381, "t_183": -0.27047561, "t_184": -0.26638499, "t_185": -0.26246612, "t_186": -0.2588793, "t_187": -0.24962458, "t_188": -0.23939372, "t_189": -0.2368861, "t_190": -0.23394337, "t_191": -0.22573063, "t_192": -0.21280322, "t_193": -0.19165735, "t_194": -0.16355254, "t_195": -0.13623781, "t_196": -0.10462921, "t_197": -0.068563566, "t_198": -0.034295626, "t_199": 0.0014465419, "t_200": 0.037311801, "t_201": 0.068691398, "t_202": 0.086465154, "t_203": 0.09675899, "t_204": 0.097131125, "t_205": 0.082031018, "t_206": 0.06797289, "t_207": 0.048415747, "t_208": 0.01845599, "t_209": -0.0043501816, "t_210": -0.026068573, "t_211": -0.048416731, "t_212": -0.063067413, "t_213": -0.073252471, "t_214": -0.083448979, "t_215": -0.10999368, "t_216": -0.12476745, "t_217": -0.13352122, "t_218": -0.15415469, "t_219": -0.16457735, "t_220": -0.17804292, "t_221": -0.1926249, "t_222": -0.19384722, "t_223": -0.18495891, "t_224": -0.17728147, "t_225": -0.16738554, "t_226": -0.15302111, "t_227": -0.1422206, "t_228": -0.13034662, "t_229": -0.1183152, "t_230": -0.11014253, "t_231": -0.098434583, "t_232": -0.085037711, "t_233": -0.072216217, "t_234": -0.070999621, "t_235": -0.095219906, "t_236": -0.10212445, "t_237": -0.1017609, "t_238": -0.10667309, "t_239": -0.11972931, "t_240": -0.12306708, "t_241": -0.12766152, "t_242": -0.1423351, "t_243": -0.17811448, "t_244": -0.19341497, "t_245": -0.20912767, "t_246": -0.21484138, "t_247": -0.21561714, "t_248": -0.21240246, "t_249": -0.20138726, "t_250": -0.18594078, "t_251": -0.16655253, "t_252": -0.14666905, "t_253": -0.12134381, "t_254": -0.090075851, "t_255": -0.05620581, "t_256": -0.025556171, "t_257": 0.008090589, "t_258": 0.048066512, "t_259": 0.091062457, "t_260": 0.13762231, "t_261": 0.19711817, "t_262": 0.25343656, "t_263": 0.31339901, "t_264": 0.37568015, "t_265": 0.43056725, "t_266": 0.48508508, "t_267": 0.52327762, "t_268": 0.55787761, "t_269": 0.60650712, "t_270": 0.66750582, "t_271": 0.7291801, "t_272": 0.7909517, "t_273": 0.85558589, "t_274": 0.91801302, "t_275": 0.99788471, "t_276": 1.0556086, "t_277": 1.1013269, "t_278": 1.1616157, "t_279": 1.2394234, "t_280": 1.2829089, "t_281": 1.3244936, "t_282": 1.3436271, "t_283": 1.3298065, "t_284": 1.3148982, "t_285": 1.2702277, "t_286": 1.2278758, "t_287": 1.1682969, "t_288": 1.0614826, "t_289": 1.0775961, "t_290": 1.0580132, "t_291": 1.0259151, "t_292": 1.0149686, "t_293": 0.98999831, "t_294": 0.9750356, "t_295": 0.98316247, "t_296": 0.98104988, "t_297": 0.97683617, "t_298": 0.99425783, "t_299": 1.0112444, "t_300": 1.0252567, "t_301": 1.0476793, "t_302": 1.0782974, "t_303": 1.1134785, "t_304": 1.1480699, "t_305": 1.1917214, "t_306": 1.2392832, "t_307": 1.2964031, "t_308": 1.3544648, "t_309": 1.4209539, "t_310": 1.494007, "t_311": 1.5844788, "t_312": 1.6732417, "t_313": 1.7813956, "t_314": 1.9032843, "t_315": 2.0377539, "t_316": 2.1538974, "t_317": 2.2718156, "t_318": 2.4280781, "t_319": 2.5681957, "t_320": 2.6876568, "t_321": 2.8183937, "t_322": 2.9338873, "t_323": 3.0197933, "t_324": 3.1137575, "t_325": 3.2088066, "t_326": 3.24371, "t_327": 3.2267407, "t_328": 3.273352, "t_329": 3.3384357, "t_330": 3.3314424, "t_331": 3.3057937, "t_332": 3.2032618, "t_333": 3.0511615, "t_334": 3.0194327, "t_335": 2.9543032, "t_336": 2.6306371, "t_337": 2.5848845, "t_338": 2.5871746, "t_339": 2.4732038, "t_340": 2.3272724, "t_341": 2.1482381, "t_342": 1.9812065, "t_343": 1.8930105, "t_344": 1.7463519, "t_345": 1.5765867, "t_346": 1.4600396, "t_347": 1.3665134, "t_348": 1.1930554, "t_349": 1.0958679, "t_350": 0.97285718, "t_351": 0.85689695, "t_352": 0.73104936, "t_353": 0.56182797, "t_354": 0.49678158, "t_355": 0.38630891, "t_356": 0.27447365, "t_357": 0.18844169, "t_358": 0.089178879, "t_359": -0.039617161, "t_360": -0.088544371, "t_361": -0.21164674, "t_362": -0.27066168, "t_363": -0.3297854, "t_364": -0.40659986, "t_365": -0.45614825, "t_366": -0.51138172, "t_367": -0.55588338, "t_368": -0.60535734, "t_369": -0.65190861, "t_370": -0.70199516,