{"sample_dict": {"t_000": -0.18493292, "t_001": -0.18977743, "t_002": -0.19484422, "t_003": -0.19939032, "t_004": -0.20185673, "t_005": -0.2022952, "t_006": -0.20225561, "t_007": -0.20439621, "t_008": -0.20509046, "t_009": -0.20240482, "t_010": -0.19771865, "t_011": -0.19219816, "t_012": -0.18559672, "t_013": -0.17882781, "t_014": -0.1713616, "t_015": -0.1616665, "t_016": -0.1526017, "t_017": -0.14384748, "t_018": -0.13544343, "t_019": -0.12919825, "t_020": -0.12712769, "t_021": -0.13051366, "t_022": -0.13535208, "t_023": -0.14136889, "t_024": -0.14712688, "t_025": -0.1469381, "t_026": -0.14472138, "t_027": -0.14262646, "t_028": -0.13704507, "t_029": -0.12896379, "t_030": -0.12051102, "t_031": -0.10959794, "t_032": -0.09420574, "t_033": -0.077248441, "t_034": -0.061320333, "t_035": -0.046735047, "t_036": -0.032932311, "t_037": -0.022765239, "t_038": -0.019476699, "t_039": -0.022539913, "t_040": -0.032140625, "t_041": -0.046850755, "t_042": -0.065577167, "t_043": -0.084358388, "t_044": -0.10203429, "t_045": -0.12177467, "t_046": -0.13952061, "t_047": -0.1551016, "t_048": -0.16880689, "t_049": -0.17996357, "t_050": -0.18948511, "t_051": -0.1963606, "t_052": -0.20013024, "t_053": -0.20453019, "t_054": -0.20658553, "t_055": -0.20362584, "t_056": -0.19944818, "t_057": -0.19404949, "t_058": -0.18842547, "t_059": -0.18518565, "t_060": -0.18279233, "t_061": -0.17867861, "t_062": -0.178231, "t_063": -0.18464974, "t_064": -0.19615963, "t_065": -0.21095198, "t_066": -0.22883189, "t_067": -0.24523501, "t_068": -0.25763098, "t_069": -0.26721647, "t_070": -0.27227717, "t_071": -0.27521859, "t_072": -0.27676542, "t_073": -0.27244464, "t_074": -0.26457346, "t_075": -0.25785631, "t_076": -0.25237541, "t_077": -0.24594753, "t_078": -0.23947702, "t_079": -0.23649298, "t_080": -0.23507403, "t_081": -0.23353938, "t_082": -0.23211739, "t_083": -0.23134093, "t_084": -0.22918206, "t_085": -0.22729115, "t_086": -0.22789101, "t_087": -0.22844214, "t_088": -0.23432498, "t_089": -0.2445225, "t_090": -0.25436376, "t_091": -0.26333721, "t_092": -0.27079733, "t_093": -0.27822395, "t_094": -0.28370485, "t_095": -0.28598247, "t_096": -0.28675284, "t_097": -0.28724003, "t_098": -0.28689291, "t_099": -0.2858424, "t_100": -0.2837018, "t_101": -0.28220674, "t_102": -0.28178653, "t_103": -0.27945106, "t_104": -0.27467963, "t_105": -0.26915306, "t_106": -0.26432986, "t_107": -0.26080382, "t_108": -0.25598671, "t_109": -0.2502744, "t_110": -0.24396223, "t_111": -0.23632855, "t_112": -0.23064668, "t_113": -0.22498004, "t_114": -0.21723065, "t_115": -0.20973704, "t_116": -0.2019633, "t_117": -0.1947072, "t_118": -0.1888335, "t_119": -0.18279842, "t_120": -0.17745758, "t_121": -0.17301805, "t_122": -0.17104797, "t_123": -0.17110887, "t_124": -0.17122458, "t_125": -0.1726283, "t_126": -0.17640708, "t_127": -0.18034115, "t_128": -0.18444269, "t_129": -0.18942422, "t_130": -0.19479854, "t_131": -0.19974049, "t_132": -0.2032909, "t_133": -0.20716102, "t_134": -0.20917373, "t_135": -0.21004458, "t_136": -0.21193549, "t_137": -0.21416744, "t_138": -0.21736159, "t_139": -0.22003505, "t_140": -0.22189855, "t_141": -0.22275723, "t_142": -0.22174326, "t_143": -0.22097289, "t_144": -0.22046743, "t_145": -0.21838773, "t_146": -0.21515705, "t_147": -0.21141785, "t_148": -0.20798925, "t_149": -0.20499911, "t_150": -0.20043169, "t_151": -0.19517916, "t_152": -0.18856859, "t_153": -0.18021021, "t_154": -0.17179703, "t_155": -0.16325596, "t_156": -0.15680067, "t_157": -0.15135936, "t_158": -0.14727, "t_159": -0.14795815, "t_160": -0.15484278, "t_161": -0.16425166, "t_162": -0.17398939, "t_163": -0.18578855, "t_164": -0.19935683, "t_165": -0.21249576, "t_166": -0.22439845, "t_167": -0.23455639, "t_168": -0.24318272, "t_169": -0.25090775, "t_170": -0.25496361, "t_171": -0.25600194, "t_172": -0.25558783, "t_173": -0.25608415, "t_174": -0.26062721, "t_175": -0.26274345, "t_176": -0.26409845, "t_177": -0.26758187, "t_178": -0.2695763, "t_179": -0.27092217, "t_180": -0.27231066, "t_181": -0.27266692, "t_182": -0.27143677, "t_183": -0.27021879, "t_184": -0.26591628, "t_185": -0.26209183, "t_186": -0.25955539, "t_187": -0.251264, "t_188": -0.24227837, "t_189": -0.24117001, "t_190": -0.24154759, "t_191": -0.23502531, "t_192": -0.22384427, "t_193": -0.20613487, "t_194": -0.18310596, "t_195": -0.15846626, "t_196": -0.12842788, "t_197": -0.095137493, "t_198": -0.061362963, "t_199": -0.027442275, "t_200": 0.0040394119, "t_201": 0.034367064, "t_202": 0.052463173, "t_203": 0.060322176, "t_204": 0.057944074, "t_205": 0.04211645, "t_206": 0.030493894, "t_207": 0.012687056, "t_208": -0.014738764, "t_209": -0.034004131, "t_210": -0.050267183, "t_211": -0.067659909, "t_212": -0.080147229, "t_213": -0.088237648, "t_214": -0.09559728, "t_215": -0.11762746, "t_216": -0.13069332, "t_217": -0.13864671, "t_218": -0.15490367, "t_219": -0.16418771, "t_220": -0.17827058, "t_221": -0.19203069, "t_222": -0.1930812, "t_223": -0.18433916, "t_224": -0.17803003, "t_225": -0.17128548, "t_226": -0.15972382, "t_227": -0.15110358, "t_228": -0.1410918, "t_229": -0.12887853, "t_230": -0.11957622, "t_231": -0.10785318, "t_232": -0.094303178, "t_233": -0.082409623, "t_234": -0.081261678, "t_235": -0.10111777, "t_236": -0.10701278, "t_237": -0.10744212, "t_238": -0.11237188, "t_239": -0.12573006, "t_240": -0.13001429, "t_241": -0.13149109, "t_242": -0.14175865, "t_243": -0.17588944, "t_244": -0.19294113, "t_245": -0.20804405, "t_246": -0.21228262, "t_247": -0.21334835, "t_248": -0.21195985, "t_249": -0.20196025, "t_250": -0.18657415, "t_251": -0.16953159, "t_252": -0.15350604, "t_253": -0.13192652, "t_254": -0.10298432, "t_255": -0.073911181, "t_256": -0.047849497, "t_257": -0.01689763, "t_258": 0.018408507, "t_259": 0.060273457, "t_260": 0.10282656, "t_261": 0.15012065, "t_262": 0.20489312, "t_263": 0.26158086, "t_264": 0.31904202, "t_265": 0.36684157, "t_266": 0.41498519, "t_267": 0.45023348, "t_268": 0.48649573, "t_269": 0.53245917, "t_270": 0.58222271, "t_271": 0.63798174, "t_272": 0.69484609, "t_273": 0.75449352, "t_274": 0.80676305, "t_275": 0.87294493, "t_276": 0.92875877, "t_277": 0.97041057, "t_278": 1.0280727, "t_279": 1.1012762, "t_280": 1.1472488, "t_281": 1.1958218, "t_282": 1.2161285, "t_283": 1.2067257, "t_284": 1.1955538, "t_285": 1.1605065, "t_286": 1.1324443, "t_287": 1.1009382, "t_288": 1.000927, "t_289": 1.0047058, "t_290": 0.99307714, "t_291": 0.97192087, "t_292": 0.9660563, "t_293": 0.95248498, "t_294": 0.94725377, "t_295": 0.96131228, "t_296": 0.96425674, "t_297": 0.96569091, "t_298": 0.9875597, "t_299": 1.0107805, "t_300": 1.0333739, "t_301": 1.0585252, "t_302": 1.0891908, "t_303": 1.1307513, "t_304": 1.1693155, "t_305": 1.2160128, "t_306": 1.2695825, "t_307": 1.3311818, "t_308": 1.3910789, "t_309": 1.4606345, "t_310": 1.5423213, "t_311": 1.6351982, "t_312": 1.722716, "t_313": 1.8267831, "t_314": 1.9451614, "t_315": 2.0752597, "t_316": 2.1899293, "t_317": 2.3116297, "t_318": 2.4787119, "t_319": 2.6183683, "t_320": 2.72376, "t_321": 2.8499608, "t_322": 2.9564668, "t_323": 3.0513534, "t_324": 3.173614, "t_325": 3.2597677, "t_326": 3.2521462, "t_327": 3.1808123, "t_328": 3.2666554, "t_329": 3.3623763, "t_330": 3.3379558, "t_331": 3.2878604, "t_332": 3.2084634, "t_333": 3.0745742, "t_334": 3.0331203, "t_335": 2.9756195, "t_336": 2.6866999, "t_337": 2.643212, "t_338": 2.633523, "t_339": 2.5083575, "t_340": 2.3561468, "t_341": 2.1974351, "t_342": 2.0450691, "t_343": 1.9460993, "t_344": 1.8035897, "t_345": 1.6456241, "t_346": 1.5182967, "t_347": 1.4244545, "t_348": 1.2540563, "t_349": 1.1563197, "t_350": 1.0369731, "t_351": 0.91591215, "t_352": 0.78320431, "t_353": 0.6198765, "t_354": 0.55517446, "t_355": 0.44408269, "t_356": 0.33107869, "t_357": 0.24527518, "t_358": 0.14822974, "t_359": 0.017129631, "t_360": -0.037085616, "t_361": -0.16200753, "t_362": -0.21928904, "t_363": -0.28020925, "t_364": -0.36328144, "t_365": -0.4167659, "t_366": -0.47447066, "t_367": -0.52047978, "t_368": -0.57112635, "t_369": -0.61983329,