{"sample_dict": {"t_000": -0.16854953, "t_001": -0.17428716, "t_002": -0.17837446, "t_003": -0.18087927, "t_004": -0.18115999, "t_005": -0.18088853, "t_006": -0.18256972, "t_007": -0.18375426, "t_008": -0.18210392, "t_009": -0.18023765, "t_010": -0.17743669, "t_011": -0.17096797, "t_012": -0.16246023, "t_013": -0.15358848, "t_014": -0.14366792, "t_015": -0.13401882, "t_016": -0.1249404, "t_017": -0.11606866, "t_018": -0.10981895, "t_019": -0.1054602, "t_020": -0.10380986, "t_021": -0.10769973, "t_022": -0.11690462, "t_023": -0.1260324, "t_024": -0.12957061, "t_025": -0.13112224, "t_026": -0.1308878, "t_027": -0.1288858, "t_028": -0.12578254, "t_029": -0.11946188, "t_030": -0.11111455, "t_031": -0.099879884, "t_032": -0.086263794, "t_033": -0.071891939, "t_034": -0.057137575, "t_035": -0.041053684, "t_036": -0.027999017, "t_037": -0.019824427, "t_038": -0.013747468, "t_039": -0.014712995, "t_040": -0.02381301, "t_041": -0.038120085, "t_042": -0.055200351, "t_043": -0.07404818, "t_044": -0.094385943, "t_045": -0.11450777, "t_046": -0.1338214, "t_047": -0.14937163, "t_048": -0.16353989, "t_049": -0.17540693, "t_050": -0.18292755, "t_051": -0.18924512, "t_052": -0.19416838, "t_053": -0.19683669, "t_054": -0.19675032, "t_055": -0.1941252, "t_056": -0.18982197, "t_057": -0.18228284, "t_058": -0.17553649, "t_059": -0.16974949, "t_060": -0.16538766, "t_061": -0.1639625, "t_062": -0.16417843, "t_063": -0.17080139, "t_064": -0.1833008, "t_065": -0.20131883, "t_066": -0.22151161, "t_067": -0.23766646, "t_068": -0.25073346, "t_069": -0.26221799, "t_070": -0.26959363, "t_071": -0.27329533, "t_072": -0.27439658, "t_073": -0.27106505, "t_074": -0.2660585, "t_075": -0.25844842, "t_076": -0.25035095, "t_077": -0.24664, "t_078": -0.2432807, "t_079": -0.23937849, "t_080": -0.2376572, "t_081": -0.23633076, "t_082": -0.23462181, "t_083": -0.23213241, "t_084": -0.23152163, "t_085": -0.2338753, "t_086": -0.23400794, "t_087": -0.23429174, "t_088": -0.24054453, "t_089": -0.25104194, "t_090": -0.26106429, "t_091": -0.26966149, "t_092": -0.27652198, "t_093": -0.2822226, "t_094": -0.28584101, "t_095": -0.28694844, "t_096": -0.28800651, "t_097": -0.28926508, "t_098": -0.28775664, "t_099": -0.28646413, "t_100": -0.28613098, "t_101": -0.28479528, "t_102": -0.28344416, "t_103": -0.28047354, "t_104": -0.27555028, "t_105": -0.27042034, "t_106": -0.2657346, "t_107": -0.26150541, "t_108": -0.25624283, "t_109": -0.24917258, "t_110": -0.24351206, "t_111": -0.23725001, "t_112": -0.23059004, "t_113": -0.22374806, "t_114": -0.21620893, "t_115": -0.20912325, "t_116": -0.20094866, "t_117": -0.19329848, "t_118": -0.18715983, "t_119": -0.18130806, "t_120": -0.17458947, "t_121": -0.16949654, "t_122": -0.16823488, "t_123": -0.16949963, "t_124": -0.170314, "t_125": -0.17230367, "t_126": -0.17634161, "t_127": -0.17974717, "t_128": -0.18378819, "t_129": -0.187348, "t_130": -0.19240082, "t_131": -0.19769734, "t_132": -0.20108439, "t_133": -0.20468738, "t_134": -0.2075963, "t_135": -0.20923122, "t_136": -0.21030471, "t_137": -0.21321672, "t_138": -0.2156475, "t_139": -0.21822327, "t_140": -0.2207466, "t_141": -0.22103348, "t_142": -0.22066948, "t_143": -0.21847313, "t_144": -0.21739347, "t_145": -0.2154655, "t_146": -0.21191495, "t_147": -0.20978648, "t_148": -0.20732484, "t_149": -0.2043604, "t_150": -0.20014354, "t_151": -0.19411594, "t_152": -0.18691305, "t_153": -0.17869527, "t_154": -0.1694441, "t_155": -0.15963459, "t_156": -0.15095719, "t_157": -0.14571311, "t_158": -0.14359389, "t_159": -0.14479386, "t_160": -0.15055, "t_161": -0.15894053, "t_162": -0.16887959, "t_163": -0.18058622, "t_164": -0.19299001, "t_165": -0.2048663, "t_166": -0.21737188, "t_167": -0.22976332, "t_168": -0.23931063, "t_169": -0.24572999, "t_170": -0.24909854, "t_171": -0.25071495, "t_172": -0.25186865, "t_173": -0.25316733, "t_174": -0.25690296, "t_175": -0.25955893, "t_176": -0.26161338, "t_177": -0.26504979, "t_178": -0.26704562, "t_179": -0.26968309, "t_180": -0.2706517, "t_181": -0.27072573, "t_182": -0.27136736, "t_183": -0.26944247, "t_184": -0.26518552, "t_185": -0.26020673, "t_186": -0.25603615, "t_187": -0.24862349, "t_188": -0.24015893, "t_189": -0.23907002, "t_190": -0.23777134, "t_191": -0.23157099, "t_192": -0.22054609, "t_193": -0.20296301, "t_194": -0.18050294, "t_195": -0.15579408, "t_196": -0.12494966, "t_197": -0.09002102, "t_198": -0.05694632, "t_199": -0.023310196, "t_200": 0.010748539, "t_201": 0.040383742, "t_202": 0.058158077, "t_203": 0.067739313, "t_204": 0.065015478, "t_205": 0.049857012, "t_206": 0.037212618, "t_207": 0.01662499, "t_208": -0.011150108, "t_209": -0.03087709, "t_210": -0.048944476, "t_211": -0.064022739, "t_212": -0.074859469, "t_213": -0.083617077, "t_214": -0.091597328, "t_215": -0.11168214, "t_216": -0.12353067, "t_217": -0.13191502, "t_218": -0.14882563, "t_219": -0.15793181, "t_220": -0.17267384, "t_221": -0.18745905, "t_222": -0.18870529, "t_223": -0.18139134, "t_224": -0.17562594, "t_225": -0.16763952, "t_226": -0.15561516, "t_227": -0.14658301, "t_228": -0.13693391, "t_229": -0.12677891, "t_230": -0.11759869, "t_231": -0.10588281, "t_232": -0.093633264, "t_233": -0.082938432, "t_234": -0.080538496, "t_235": -0.097489202, "t_236": -0.10656762, "t_237": -0.10985905, "t_238": -0.11506303, "t_239": -0.126782, "t_240": -0.1317978, "t_241": -0.13603008, "t_242": -0.1482858, "t_243": -0.17664391, "t_244": -0.18927597, "t_245": -0.20437582, "t_246": -0.20859576, "t_247": -0.20917878, "t_248": -0.20821325, "t_249": -0.19907622, "t_250": -0.18506837, "t_251": -0.16858346, "t_252": -0.15086465, "t_253": -0.12752851, "t_254": -0.099953918, "t_255": -0.07075675, "t_256": -0.042343109, "t_257": -0.010018004, "t_258": 0.024885953, "t_259": 0.062461304, "t_260": 0.10327873, "t_261": 0.15799296, "t_262": 0.20990623, "t_263": 0.26510785, "t_264": 0.3257448, "t_265": 0.37543397, "t_266": 0.42482083, "t_267": 0.46120547, "t_268": 0.49636546, "t_269": 0.54015967, "t_270": 0.59130175, "t_271": 0.64925189, "t_272": 0.70612852, "t_273": 0.7631995, "t_274": 0.81829007, "t_275": 0.89109019, "t_276": 0.94492218, "t_277": 0.98203173, "t_278": 1.0294135, "t_279": 1.1118997, "t_280": 1.1635292, "t_281": 1.2046335, "t_282": 1.2243698, "t_283": 1.2151402, "t_284": 1.2034181, "t_285": 1.1703095, "t_286": 1.1358498, "t_287": 1.088104, "t_288": 1.0058707, "t_289": 1.018987, "t_290": 1.0058553, "t_291": 0.98184356, "t_292": 0.97732132, "t_293": 0.96579977, "t_294": 0.95851359, "t_295": 0.96942744, "t_296": 0.97014002, "t_297": 0.9763743, "t_298": 0.99636966, "t_299": 1.0158005, "t_300": 1.0336057, "t_301": 1.0616245, "t_302": 1.0950107, "t_303": 1.1293348, "t_304": 1.1695507, "t_305": 1.2200141, "t_306": 1.2687563, "t_307": 1.3222366, "t_308": 1.3819759, "t_309": 1.4532953, "t_310": 1.5257746, "t_311": 1.6135111, "t_312": 1.712547, "t_313": 1.8302395, "t_314": 1.9460164, "t_315": 2.0698229, "t_316": 2.1854178, "t_317": 2.2885441, "t_318": 2.442723, "t_319": 2.5972228, "t_320": 2.6921714, "t_321": 2.8168478, "t_322": 2.9514077, "t_323": 3.045909, "t_324": 3.1702893, "t_325": 3.2773085, "t_326": 3.2977944, "t_327": 3.2450698, "t_328": 3.2599815, "t_329": 3.3176016, "t_330": 3.3144613, "t_331": 3.2747204, "t_332": 3.1605908, "t_333": 3.0230479, "t_334": 3.004413, "t_335": 2.9569849, "t_336": 2.6467083, "t_337": 2.5764161, "t_338": 2.6052678, "t_339": 2.5100107, "t_340": 2.3602059, "t_341": 2.1949126, "t_342": 2.0352428, "t_343": 1.9305217, "t_344": 1.7851991, "t_345": 1.6363938, "t_346": 1.512757, "t_347": 1.4179564, "t_348": 1.2502786, "t_349": 1.1495707, "t_350": 1.0303482, "t_351": 0.91430294, "t_352": 0.77924021, "t_353": 0.61793549, "t_354": 0.5537264, "t_355": 0.44153401, "t_356": 0.32933545, "t_357": 0.24018306, "t_358": 0.1392315, "t_359": 0.012303254, "t_360": -0.040211547, "t_361": -0.16547094, "t_362": -0.22561742, "t_363": -0.28567135, "t_364": -0.36620494, "t_365": -0.4215608, "t_366": -0.48271907, "t_367": -0.53126997, "t_368": -0.5818969, "t_369": -0.63080563, "t_370": -0.68365358,